time,temperature_2m,relative_humidity_2m,wind_speed_10m,cloud_cover
2024-01-01T00:00,-1.0,76,8.5,92
2024-01-01T01:00,-1.3,71,9.6,62
2024-01-01T02:00,-2.3,75,8.2,100
2024-01-01T03:00,-2.6,77,7.6,100
2024-01-01T04:00,-3.0,79,7.5,99
2024-01-01T05:00,-2.6,77,7.5,100
2024-01-01T06:00,-2.7,78,6.9,41
2024-01-01T07:00,-3.3,80,6.6,59
2024-01-01T08:00,-3.5,79,7.9,56
2024-01-01T09:00,-3.8,78,8.4,48
2024-01-01T10:00,-3.8,76,8.6,6
2024-01-01T11:00,-3.9,74,8.0,5
2024-01-01T12:00,-3.9,72,7.9,0
2024-01-01T13:00,-1.2,70,7.6,92
2024-01-01T14:00,-0.5,61,9.9,87
2024-01-01T15:00,0.1,59,10.3,86
2024-01-01T16:00,1.0,58,10.1,27
2024-01-01T17:00,1.8,56,10.9,38
2024-01-01T18:00,2.5,55,11.2,75
2024-01-01T19:00,3.1,51,7.5,8
2024-01-01T20:00,3.0,52,6.5,11
2024-01-01T21:00,1.4,64,7.2,0
2024-01-01T22:00,-0.3,65,8.2,69
2024-01-01T23:00,-1.1,68,6.0,0
2024-01-02T00:00,-1.5,70,6.2,0
2024-01-02T01:00,-2.1,72,7.6,0
2024-01-02T02:00,-2.7,70,9.0,0
2024-01-02T03:00,-3.3,70,10.2,0
2024-01-02T04:00,-3.9,70,9.7,0
2024-01-02T05:00,-4.2,70,8.6,0
2024-01-02T06:00,-4.5,71,8.8,0
2024-01-02T07:00,-4.7,71,7.7,0
2024-01-02T08:00,-4.9,72,6.7,0
2024-01-02T09:00,-5.0,74,6.4,0
2024-01-02T10:00,-5.2,75,6.2,0
2024-01-02T11:00,-5.1,75,5.9,0
2024-01-02T12:00,-5.1,76,7.1,0
2024-01-02T13:00,-4.5,72,9.3,0
2024-01-02T14:00,-2.6,57,8.1,0
2024-01-02T15:00,-0.8,48,7.5,0
2024-01-02T16:00,1.0,42,7.9,0
2024-01-02T17:00,2.7,37,7.6,0
2024-01-02T18:00,4.0,34,7.2,0
2024-01-02T19:00,4.6,34,6.6,0
2024-01-02T20:00,4.2,43,4.5,0
2024-01-02T21:00,1.0,55,9.4,0
2024-01-02T22:00,-0.2,53,7.7,0
2024-01-02T23:00,-0.8,55,9.2,0
2024-01-03T00:00,-1.4,61,9.3,0
2024-01-03T01:00,-1.9,68,9.4,0
2024-01-03T02:00,-2.3,73,9.4,0
2024-01-03T03:00,-2.8,79,8.7,0
2024-01-03T04:00,-3.0,82,8.6,0
2024-01-03T05:00,-3.0,81,8.7,0
2024-01-03T06:00,-2.8,77,8.5,0
2024-01-03T07:00,-2.7,75,9.0,29
2024-01-03T08:00,-2.5,74,9.3,20
2024-01-03T09:00,-2.3,75,10.2,80
2024-01-03T10:00,-2.2,76,11.0,100
2024-01-03T11:00,-2.1,77,10.6,78
2024-01-03T12:00,-2.3,80,10.4,98
2024-01-03T13:00,-1.6,79,12.0,100
2024-01-03T14:00,0.2,69,11.0,86
2024-01-03T15:00,2.6,58,9.4,9
2024-01-03T16:00,4.1,53,7.9,14
2024-01-03T17:00,4.9,50,5.6,0
2024-01-03T18:00,5.3,49,3.4,0
2024-01-03T19:00,5.6,49,5.1,29
2024-01-03T20:00,5.0,64,5.2,42
2024-01-03T21:00,3.6,58,5.2,91
2024-01-03T22:00,0.8,71,7.4,92
2024-01-03T23:00,0.8,74,7.2,36
2024-01-04T00:00,-0.2,79,10.5,39
2024-01-04T01:00,0.2,79,9.0,54
2024-01-04T02:00,-0.5,83,7.9,35
2024-01-04T03:00,-1.1,86,6.9,79
2024-01-04T04:00,-1.5,86,6.4,100
2024-01-04T05:00,-1.7,87,7.6,100
2024-01-04T06:00,-1.9,87,9.2,100
2024-01-04T07:00,-0.7,82,9.0,100
2024-01-04T08:00,-0.5,81,8.1,100
2024-01-04T09:00,-0.6,81,8.2,100
2024-01-04T10:00,-0.7,81,8.3,100
2024-01-04T11:00,-0.5,80,8.4,100
2024-01-04T12:00,-0.2,81,7.1,100
2024-01-04T13:00,0.7,77,9.7,100
2024-01-04T14:00,1.8,75,10.5,100
2024-01-04T15:00,3.1,68,10.0,100
2024-01-04T16:00,4.2,61,12.0,100
2024-01-04T17:00,5.4,57,13.0,31
2024-01-04T18:00,6.5,52,19.5,61
2024-01-04T19:00,6.2,51,21.9,87
2024-01-04T20:00,4.8,61,18.8,49
2024-01-04T21:00,3.5,53,23.4,16
2024-01-04T22:00,1.2,53,22.4,0
2024-01-04T23:00,-0.9,45,25.7,0
2024-01-05T00:00,-2.6,43,23.2,0
2024-01-05T01:00,-2.2,44,23.4,0
2024-01-05T02:00,-3.7,44,22.8,0
2024-01-05T03:00,-4.8,46,22.2,0
2024-01-05T04:00,-5.4,48,20.3,0
2024-01-05T05:00,-5.8,49,19.2,0
2024-01-05T06:00,-6.1,50,18.9,0
2024-01-05T07:00,-6.2,50,18.8,0
2024-01-05T08:00,-6.3,49,19.6,19
2024-01-05T09:00,-6.3,47,19.4,87
2024-01-05T10:00,-6.4,48,17.7,73
2024-01-05T11:00,-6.5,48,18.2,60
2024-01-05T12:00,-6.6,49,17.6,6
2024-01-05T13:00,-6.1,50,19.7,0
2024-01-05T14:00,-5.1,45,21.1,0
2024-01-05T15:00,-3.6,41,20.3,0
2024-01-05T16:00,-2.0,38,19.4,0
2024-01-05T17:00,-0.7,37,20.1,0
2024-01-05T18:00,0.1,38,20.4,2
2024-01-05T19:00,0.6,38,18.5,3
2024-01-05T20:00,1.0,39,15.9,0
2024-01-05T21:00,-0.1,45,10.6,0
2024-01-05T22:00,-2.1,56,6.8,0
2024-01-05T23:00,-2.7,59,8.2,0
2024-01-06T00:00,-3.2,63,9.6,16
2024-01-06T01:00,-3.4,66,10.7,95
2024-01-06T02:00,-3.2,70,11.1,99
2024-01-06T03:00,-3.3,74,9.9,83
2024-01-06T04:00,-3.4,77,10.3,8
2024-01-06T05:00,-3.5,77,10.8,0
2024-01-06T06:00,-3.5,76,8.9,0
2024-01-06T07:00,-3.7,76,8.2,0
2024-01-06T08:00,-3.9,77,10.2,3
2024-01-06T09:00,-3.9,76,10.6,33
2024-01-06T10:00,-4.1,77,9.0,26
2024-01-06T11:00,-4.3,78,7.4,42
2024-01-06T12:00,-4.4,80,8.8,100
2024-01-06T13:00,-3.4,80,8.7,99
2024-01-06T14:00,-1.3,75,5.4,100
2024-01-06T15:00,0.8,65,4.2,100
2024-01-06T16:00,1.7,58,5.6,100
2024-01-06T17:00,2.0,56,9.2,100
2024-01-06T18:00,1.6,59,13.3,100
2024-01-06T19:00,1.7,63,12.8,100
2024-01-06T20:00,1.8,65,13.4,100
2024-01-06T21:00,1.9,68,8.9,100
2024-01-06T22:00,1.7,70,9.6,100
2024-01-06T23:00,2.0,70,10.9,100
2024-01-07T00:00,2.3,71,11.3,100
2024-01-07T01:00,0.9,81,4.8,100
2024-01-07T02:00,1.8,83,19.6,100
2024-01-07T03:00,2.2,84,26.0,100
2024-01-07T04:00,1.9,93,29.3,100
2024-01-07T05:00,1.5,98,31.0,100
2024-01-07T06:00,1.6,95,32.4,100
2024-01-07T07:00,1.6,95,32.1,100
2024-01-07T08:00,1.5,98,29.8,100
2024-01-07T09:00,1.3,95,30.0,100
2024-01-07T10:00,1.5,94,30.0,100
2024-01-07T11:00,1.6,94,30.4,100
2024-01-07T12:00,1.9,92,31.0,100
2024-01-07T13:00,1.1,92,29.6,100
2024-01-07T14:00,1.2,92,30.2,100
2024-01-07T15:00,1.3,92,30.3,100
2024-01-07T16:00,1.3,93,31.2,100
2024-01-07T17:00,1.2,94,28.0,100
2024-01-07T18:00,1.6,91,27.1,100
2024-01-07T19:00,-0.1,97,20.9,100
2024-01-07T20:00,-3.8,87,29.1,100
2024-01-07T21:00,-3.3,87,27.0,100
2024-01-07T22:00,-3.4,86,22.4,100
2024-01-07T23:00,-4.4,84,22.2,100
2024-01-08T00:00,-4.3,82,19.7,100
2024-01-08T01:00,-4.6,82,20.3,100
2024-01-08T02:00,-4.8,83,18.8,100
2024-01-08T03:00,-4.7,81,16.1,100
2024-01-08T04:00,-4.6,80,12.9,43
2024-01-08T05:00,-6.2,84,10.7,7
2024-01-08T06:00,-7.3,86,9.4,40
2024-01-08T07:00,-7.3,86,8.0,100
2024-01-08T08:00,-6.1,86,8.4,100
2024-01-08T09:00,-5.0,85,9.0,46
2024-01-08T10:00,-6.0,86,9.3,14
2024-01-08T11:00,-6.5,86,10.2,5
2024-01-08T12:00,-6.5,84,10.5,0
2024-01-08T13:00,-4.9,83,13.9,2
2024-01-08T14:00,-3.4,76,13.6,0
2024-01-08T15:00,-2.1,68,17.1,0
2024-01-08T16:00,-1.3,64,15.6,1
2024-01-08T17:00,-0.4,61,14.6,0
2024-01-08T18:00,0.3,60,10.9,0
2024-01-08T19:00,0.8,58,11.6,1
2024-01-08T20:00,0.4,61,8.6,0
2024-01-08T21:00,-1.8,68,8.4,0
2024-01-08T22:00,-3.2,73,9.6,0
2024-01-08T23:00,-3.5,76,10.9,0
2024-01-09T00:00,-4.4,79,9.9,0
2024-01-09T01:00,-5.2,82,8.9,48
2024-01-09T02:00,-6.0,85,9.0,0
2024-01-09T03:00,-7.0,85,8.3,12
2024-01-09T04:00,-7.3,85,9.5,1
2024-01-09T05:00,-7.4,85,8.6,44
2024-01-09T06:00,-9.7,87,12.4,20
2024-01-09T07:00,-10.3,87,10.7,99
2024-01-09T08:00,-10.6,86,10.2,88
2024-01-09T09:00,-11.5,87,10.7,85
2024-01-09T10:00,-11.9,87,10.4,100
2024-01-09T11:00,-11.7,86,7.3,100
2024-01-09T12:00,-10.2,85,7.7,100
2024-01-09T13:00,-8.6,87,3.4,100
2024-01-09T14:00,-6.5,84,1.9,100
2024-01-09T15:00,-4.5,81,1.8,100
2024-01-09T16:00,-2.4,76,1.5,100
2024-01-09T17:00,-1.0,74,2.4,100
2024-01-09T18:00,0.1,76,6.8,100
2024-01-09T19:00,1.1,81,10.4,100
2024-01-09T20:00,1.9,78,12.3,100
2024-01-09T21:00,2.1,80,12.7,100
2024-01-09T22:00,2.4,80,18.1,100
2024-01-09T23:00,2.5,83,22.1,100
2024-01-10T00:00,2.4,91,22.2,100
2024-01-10T01:00,3.4,88,25.0,100
2024-01-10T02:00,4.2,88,30.8,100
2024-01-10T03:00,4.6,89,31.5,100
2024-01-10T04:00,5.1,89,32.8,100
2024-01-10T05:00,5.9,90,31.9,100
2024-01-10T06:00,7.1,91,26.3,100
2024-01-10T07:00,10.0,90,38.8,100
2024-01-10T08:00,10.7,91,41.1,100
2024-01-10T09:00,10.8,93,27.6,100
2024-01-10T10:00,12.2,92,44.9,100
2024-01-10T11:00,12.5,93,29.7,100
2024-01-10T12:00,11.8,95,28.2,100
2024-01-10T13:00,10.4,96,24.5,88
2024-01-10T14:00,11.2,93,24.2,33
2024-01-10T15:00,11.2,87,20.8,7
2024-01-10T16:00,11.2,72,22.9,100
2024-01-10T17:00,10.1,71,25.6,100
2024-01-10T18:00,9.9,68,29.2,50
2024-01-10T19:00,9.3,66,29.1,46
2024-01-10T20:00,8.6,65,22.7,2
2024-01-10T21:00,7.7,60,23.7,7
2024-01-10T22:00,6.6,58,25.1,25
2024-01-10T23:00,5.8,57,23.7,9
2024-01-11T00:00,5.2,59,22.7,25
2024-01-11T01:00,5.3,57,22.3,49
2024-01-11T02:00,4.8,60,21.6,31
2024-01-11T03:00,4.9,61,19.9,17
2024-01-11T04:00,4.1,66,16.6,42
2024-01-11T05:00,3.4,70,16.5,54
2024-01-11T06:00,3.3,70,17.7,99
2024-01-11T07:00,3.0,66,20.2,15
2024-01-11T08:00,2.1,66,17.1,0
2024-01-11T09:00,1.1,68,15.5,1
2024-01-11T10:00,0.5,70,15.5,1
2024-01-11T11:00,-0.1,73,14.5,2
2024-01-11T12:00,-0.6,75,14.2,1
2024-01-11T13:00,0.6,74,15.3,2
2024-01-11T14:00,2.3,65,18.1,0
2024-01-11T15:00,3.8,59,18.3,37
2024-01-11T16:00,4.8,53,19.4,74
2024-01-11T17:00,5.4,52,19.8,46
2024-01-11T18:00,5.8,52,18.8,25
2024-01-11T19:00,6.0,51,21.5,28
2024-01-11T20:00,5.7,51,17.6,60
2024-01-11T21:00,4.7,56,11.1,9
2024-01-11T22:00,2.3,66,7.8,3
2024-01-11T23:00,1.0,71,7.1,3
2024-01-12T00:00,0.1,76,8.2,11
2024-01-12T01:00,0.6,76,12.1,6
2024-01-12T02:00,0.3,79,13.5,84
2024-01-12T03:00,1.4,72,13.5,96
2024-01-12T04:00,2.0,70,10.8,96
2024-01-12T05:00,1.8,72,10.0,3
2024-01-12T06:00,0.1,78,10.5,0
2024-01-12T07:00,-0.1,80,11.3,0
2024-01-12T08:00,-0.2,82,10.9,0
2024-01-12T09:00,-0.4,84,11.6,0
2024-01-12T10:00,-0.6,86,9.4,0
2024-01-12T11:00,-1.1,88,7.2,1
2024-01-12T12:00,-1.2,89,9.0,0
2024-01-12T13:00,0.9,82,10.5,2
2024-01-12T14:00,3.1,79,12.9,11
2024-01-12T15:00,5.3,71,11.5,0
2024-01-12T16:00,6.3,57,10.4,1
2024-01-12T17:00,6.8,53,7.2,0
2024-01-12T18:00,7.2,51,3.8,0
2024-01-12T19:00,7.2,51,2.2,0
2024-01-12T20:00,6.7,54,7.5,0
2024-01-12T21:00,4.6,68,10.1,100
2024-01-12T22:00,2.7,77,10.5,79
2024-01-12T23:00,2.5,84,12.6,99
2024-01-13T00:00,2.7,87,14.7,100
2024-01-13T01:00,3.0,90,14.3,100
2024-01-13T02:00,3.2,87,15.2,100
2024-01-13T03:00,3.6,85,10.2,100
2024-01-13T04:00,3.8,84,18.2,100
2024-01-13T05:00,4.4,82,20.7,100
2024-01-13T06:00,4.2,84,24.2,100
2024-01-13T07:00,4.5,87,30.3,100
2024-01-13T08:00,4.6,91,32.8,100
2024-01-13T09:00,5.0,93,32.8,100
2024-01-13T10:00,5.5,93,35.2,100
2024-01-13T11:00,6.4,92,35.5,100
2024-01-13T12:00,7.0,92,44.2,100
2024-01-13T13:00,7.9,93,23.0,100
2024-01-13T14:00,8.9,91,22.8,100
2024-01-13T15:00,10.5,89,20.5,100
2024-01-13T16:00,11.2,93,19.6,100
2024-01-13T17:00,12.5,97,21.7,100
2024-01-13T18:00,14.5,92,28.6,100
2024-01-13T19:00,15.0,80,28.5,24
2024-01-13T20:00,13.8,74,28.8,47
2024-01-13T21:00,12.0,69,20.6,45
2024-01-13T22:00,10.2,65,19.7,28
2024-01-13T23:00,8.9,59,20.8,0
2024-01-14T00:00,6.9,52,27.5,61
2024-01-14T01:00,6.0,59,23.3,0
2024-01-14T02:00,5.1,59,19.5,1
2024-01-14T03:00,4.7,55,22.4,13
2024-01-14T04:00,3.9,52,23.4,9
2024-01-14T05:00,2.5,59,19.9,29
2024-01-14T06:00,1.3,55,19.9,1
2024-01-14T07:00,0.4,51,20.8,30
2024-01-14T08:00,0.0,50,22.7,0
2024-01-14T09:00,-0.4,51,21.5,1
2024-01-14T10:00,-0.8,53,19.2,6
2024-01-14T11:00,-1.2,54,16.9,0
2024-01-14T12:00,-1.6,56,17.3,0
2024-01-14T13:00,-0.1,54,18.8,0
2024-01-14T14:00,1.0,52,20.7,17
2024-01-14T15:00,2.2,48,27.0,1
2024-01-14T16:00,3.3,48,28.0,0
2024-01-14T17:00,4.4,45,32.2,51
2024-01-14T18:00,4.7,44,34.7,100
2024-01-14T19:00,4.5,44,32.1,99
2024-01-14T20:00,2.8,64,21.5,100
2024-01-14T21:00,2.5,65,27.9,97
2024-01-14T22:00,2.2,45,31.5,8
2024-01-14T23:00,-0.1,47,32.0,45
2024-01-15T00:00,-1.6,42,29.9,0
2024-01-15T01:00,-2.4,45,22.8,0
2024-01-15T02:00,-2.8,47,19.1,0
2024-01-15T03:00,-3.2,46,18.4,2
2024-01-15T04:00,-3.6,45,19.2,16
2024-01-15T05:00,-4.0,45,19.1,3
2024-01-15T06:00,-4.4,46,17.3,11
2024-01-15T07:00,-4.7,48,13.9,10
2024-01-15T08:00,-5.1,50,12.8,3
2024-01-15T09:00,-5.4,53,12.4,18
2024-01-15T10:00,-5.7,54,12.1,28
2024-01-15T11:00,-5.9,54,11.1,17
2024-01-15T12:00,-6.1,55,10.7,1
2024-01-15T13:00,-5.5,55,10.9,0
2024-01-15T14:00,-4.3,49,11.6,3
2024-01-15T15:00,-3.0,45,10.3,2
2024-01-15T16:00,-1.7,40,11.2,45
2024-01-15T17:00,-0.8,34,13.2,33
2024-01-15T18:00,-0.1,32,14.4,3
2024-01-15T19:00,0.2,32,13.3,41
2024-01-15T20:00,0.3,34,12.7,70
2024-01-15T21:00,-0.6,41,8.2,92
2024-01-15T22:00,-2.4,50,6.1,98
2024-01-15T23:00,-2.4,49,6.9,98
2024-01-16T00:00,-2.8,49,7.7,100
2024-01-16T01:00,-3.8,65,6.4,100
2024-01-16T02:00,-2.8,56,4.6,100
2024-01-16T03:00,-2.5,53,5.9,100
2024-01-16T04:00,-2.4,53,6.1,100
2024-01-16T05:00,-2.4,51,3.3,100
2024-01-16T06:00,-2.5,52,1.3,100
2024-01-16T07:00,-2.7,57,2.1,100
2024-01-16T08:00,-2.9,64,3.9,100
2024-01-16T09:00,-3.1,71,5.9,100
2024-01-16T10:00,-2.8,77,8.0,100
2024-01-16T11:00,-2.2,79,8.3,100
2024-01-16T12:00,-1.7,82,9.1,100
2024-01-16T13:00,-1.4,85,8.1,100
2024-01-16T14:00,-0.6,85,9.8,100
2024-01-16T15:00,-0.1,88,11.6,100
2024-01-16T16:00,0.5,91,13.7,100
2024-01-16T17:00,1.2,93,17.5,100
2024-01-16T18:00,1.1,96,14.3,100
2024-01-16T19:00,1.0,99,15.5,100
2024-01-16T20:00,2.3,92,14.3,100
2024-01-16T21:00,2.0,93,10.5,100
2024-01-16T22:00,-0.1,96,23.4,100
2024-01-16T23:00,-2.3,91,23.8,100
2024-01-17T00:00,-3.2,87,20.4,100
2024-01-17T01:00,-3.0,86,20.7,100
2024-01-17T02:00,-3.0,82,23.3,99
2024-01-17T03:00,-4.0,77,21.6,53
2024-01-17T04:00,-5.0,74,21.7,0
2024-01-17T05:00,-5.8,72,22.7,0
2024-01-17T06:00,-6.3,71,21.8,0
2024-01-17T07:00,-6.7,70,19.8,0
2024-01-17T08:00,-7.3,71,18.7,0
2024-01-17T09:00,-7.8,72,17.9,0
2024-01-17T10:00,-8.4,74,16.6,0
2024-01-17T11:00,-8.9,75,15.3,0
2024-01-17T12:00,-9.3,75,14.8,0
2024-01-17T13:00,-8.0,70,16.3,0
2024-01-17T14:00,-7.2,64,15.3,0
2024-01-17T15:00,-6.0,55,16.8,0
2024-01-17T16:00,-4.9,50,18.7,0
2024-01-17T17:00,-4.2,48,17.4,0
2024-01-17T18:00,-3.8,48,16.4,0
2024-01-17T19:00,-3.5,47,17.2,0
2024-01-17T20:00,-3.7,46,17.2,0
2024-01-17T21:00,-4.3,50,14.2,0
2024-01-17T22:00,-5.4,55,13.7,0
2024-01-17T23:00,-5.9,55,15.5,0
2024-01-18T00:00,-6.5,55,15.8,0
2024-01-18T01:00,-6.9,55,17.7,0
2024-01-18T02:00,-7.4,55,15.9,0
2024-01-18T03:00,-7.9,59,14.6,0
2024-01-18T04:00,-8.0,56,15.7,0
2024-01-18T05:00,-8.1,53,14.9,0
2024-01-18T06:00,-8.3,55,14.0,0
2024-01-18T07:00,-8.3,56,15.0,18
2024-01-18T08:00,-8.1,57,15.6,72
2024-01-18T09:00,-7.9,58,17.3,91
2024-01-18T10:00,-7.9,59,17.4,31
2024-01-18T11:00,-8.2,61,15.6,74
2024-01-18T12:00,-8.2,63,13.6,99
2024-01-18T13:00,-7.6,58,15.1,98
2024-01-18T14:00,-6.1,54,14.5,100
2024-01-18T15:00,-4.7,49,15.9,100
2024-01-18T16:00,-3.5,46,16.6,100
2024-01-18T17:00,-2.8,45,16.9,100
2024-01-18T18:00,-2.0,44,17.7,100
2024-01-18T19:00,-1.5,43,16.9,87
2024-01-18T20:00,-1.4,44,14.5,93
2024-01-18T21:00,-2.1,49,10.0,93
2024-01-18T22:00,-4.1,57,8.8,99
2024-01-18T23:00,-3.8,59,8.9,98
2024-01-19T00:00,-4.2,63,9.5,100
2024-01-19T01:00,-4.0,65,12.1,100
2024-01-19T02:00,-3.7,66,12.1,100
2024-01-19T03:00,-3.5,68,10.7,100
2024-01-19T04:00,-3.4,70,9.6,100
2024-01-19T05:00,-3.7,73,7.2,100
2024-01-19T06:00,-4.1,75,5.9,68
2024-01-19T07:00,-6.8,79,9.2,80
2024-01-19T08:00,-8.0,82,9.6,100
2024-01-19T09:00,-8.2,83,9.0,100
2024-01-19T10:00,-8.3,84,9.2,100
2024-01-19T11:00,-7.8,82,7.8,100
2024-01-19T12:00,-6.6,79,5.8,100
2024-01-19T13:00,-5.3,73,8.2,100
2024-01-19T14:00,-4.7,70,8.0,100
2024-01-19T15:00,-4.0,66,7.7,100
2024-01-19T16:00,-3.1,58,9.5,100
2024-01-19T17:00,-2.6,55,8.8,100
2024-01-19T18:00,-2.3,52,9.4,100
2024-01-19T19:00,-2.3,51,9.7,100
2024-01-19T20:00,-2.6,51,10.5,100
2024-01-19T21:00,-3.2,56,10.0,100
2024-01-19T22:00,-4.2,63,14.0,100
2024-01-19T23:00,-5.0,64,15.8,100
2024-01-20T00:00,-5.8,61,15.7,100
2024-01-20T01:00,-5.6,59,17.6,100
2024-01-20T02:00,-6.3,58,18.6,100
2024-01-20T03:00,-7.0,56,18.8,100
2024-01-20T04:00,-8.0,53,20.1,100
2024-01-20T05:00,-8.8,53,20.6,100
2024-01-20T06:00,-9.4,55,19.6,100
2024-01-20T07:00,-9.7,56,17.4,100
2024-01-20T08:00,-10.1,58,17.1,100
2024-01-20T09:00,-10.7,60,17.4,40
2024-01-20T10:00,-11.2,62,16.2,100
2024-01-20T11:00,-11.3,63,16.2,100
2024-01-20T12:00,-11.4,62,16.4,100
2024-01-20T13:00,-10.6,58,18.4,100
2024-01-20T14:00,-10.4,57,18.2,100
2024-01-20T15:00,-9.8,55,17.7,100
2024-01-20T16:00,-8.8,53,16.8,100
2024-01-20T17:00,-8.1,51,15.2,100
2024-01-20T18:00,-7.3,49,15.2,100
2024-01-20T19:00,-6.9,50,16.4,100
2024-01-20T20:00,-7.1,55,16.9,100
2024-01-20T21:00,-7.5,60,17.5,100
2024-01-20T22:00,-8.0,63,16.4,100
2024-01-20T23:00,-8.2,63,16.2,100
2024-01-21T00:00,-8.5,65,16.5,100
2024-01-21T01:00,-9.1,61,21.4,100
2024-01-21T02:00,-9.5,59,21.9,100
2024-01-21T03:00,-9.9,61,22.5,89
2024-01-21T04:00,-10.0,59,22.8,39
2024-01-21T05:00,-10.6,61,22.0,38
2024-01-21T06:00,-10.7,62,21.2,96
2024-01-21T07:00,-10.5,61,20.9,95
2024-01-21T08:00,-10.5,62,20.9,93
2024-01-21T09:00,-10.7,63,20.7,11
2024-01-21T10:00,-11.0,63,20.7,0
2024-01-21T11:00,-11.2,63,20.8,2
2024-01-21T12:00,-11.3,61,20.5,3
2024-01-21T13:00,-10.4,55,21.0,11
2024-01-21T14:00,-9.8,49,21.2,0
2024-01-21T15:00,-8.5,43,19.4,0
2024-01-21T16:00,-7.0,39,20.1,0
2024-01-21T17:00,-5.6,36,20.2,0
2024-01-21T18:00,-4.6,34,18.6,0
2024-01-21T19:00,-3.9,32,18.4,0
2024-01-21T20:00,-3.8,33,18.4,0
2024-01-21T21:00,-4.4,37,16.4,0
2024-01-21T22:00,-5.8,44,14.7,0
2024-01-21T23:00,-6.5,48,15.0,0
2024-01-22T00:00,-7.1,51,15.5,0
2024-01-22T01:00,-5.9,50,19.1,0
2024-01-22T02:00,-6.4,52,20.0,3
2024-01-22T03:00,-6.8,54,19.2,0
2024-01-22T04:00,-7.0,55,17.7,0
2024-01-22T05:00,-7.2,56,16.5,0
2024-01-22T06:00,-7.4,56,15.2,1
2024-01-22T07:00,-7.7,57,13.2,23
2024-01-22T08:00,-8.0,58,12.3,1
2024-01-22T09:00,-8.1,57,11.7,0
2024-01-22T10:00,-8.2,56,11.2,0
2024-01-22T11:00,-8.3,56,11.9,0
2024-01-22T12:00,-8.1,54,13.3,28
2024-01-22T13:00,-7.4,50,12.6,2
2024-01-22T14:00,-5.0,44,10.2,3
2024-01-22T15:00,-2.6,37,11.0,1
2024-01-22T16:00,-0.1,31,11.0,1
2024-01-22T17:00,2.0,28,10.8,68
2024-01-22T18:00,3.6,28,14.2,95
2024-01-22T19:00,4.2,29,15.9,100
2024-01-22T20:00,3.9,33,15.9,99
2024-01-22T21:00,2.7,37,12.7,100
2024-01-22T22:00,1.2,41,12.8,100
2024-01-22T23:00,1.1,42,15.1,100
2024-01-23T00:00,1.2,42,17.9,100
2024-01-23T01:00,0.9,48,18.7,100
2024-01-23T02:00,0.8,51,20.5,100
2024-01-23T03:00,1.1,50,22.3,100
2024-01-23T04:00,1.4,49,23.6,100
2024-01-23T05:00,1.7,49,23.8,100
2024-01-23T06:00,2.1,49,23.1,100
2024-01-23T07:00,2.2,49,19.6,100
2024-01-23T08:00,1.8,48,16.4,100
2024-01-23T09:00,1.6,49,14.7,53
2024-01-23T10:00,1.2,53,12.3,70
2024-01-23T11:00,0.7,57,12.1,100
2024-01-23T12:00,0.0,63,9.4,93
2024-01-23T13:00,0.9,64,11.5,100
2024-01-23T14:00,2.9,59,12.1,100
2024-01-23T15:00,3.7,56,13.7,100
2024-01-23T16:00,4.3,53,15.3,100
2024-01-23T17:00,4.0,56,11.3,100
2024-01-23T18:00,4.1,54,12.3,100
2024-01-23T19:00,3.1,62,7.7,100
2024-01-23T20:00,2.6,68,5.6,100
2024-01-23T21:00,1.9,74,4.8,100
2024-01-23T22:00,1.1,79,5.1,100
2024-01-23T23:00,0.5,82,4.6,100
2024-01-24T00:00,0.4,82,4.3,100
2024-01-24T01:00,0.3,90,2.5,100
2024-01-24T02:00,0.1,92,3.7,100
2024-01-24T03:00,0.0,93,4.8,100
2024-01-24T04:00,-0.1,94,3.3,100
2024-01-24T05:00,-0.1,94,4.4,100
2024-01-24T06:00,-0.5,95,3.2,100
2024-01-24T07:00,-0.7,95,3.7,100
2024-01-24T08:00,-0.9,96,2.4,100
2024-01-24T09:00,-0.8,96,1.9,100
2024-01-24T10:00,-0.9,97,2.3,100
2024-01-24T11:00,-0.5,96,2.3,100
2024-01-24T12:00,-0.7,97,4.1,100
2024-01-24T13:00,0.0,96,3.8,100
2024-01-24T14:00,0.7,94,2.1,100
2024-01-24T15:00,0.9,93,2.6,100
2024-01-24T16:00,1.5,91,4.5,100
2024-01-24T17:00,1.9,90,5.2,100
2024-01-24T18:00,2.2,89,6.2,100
2024-01-24T19:00,2.0,91,4.7,100
2024-01-24T20:00,1.8,93,4.8,100
2024-01-24T21:00,2.6,91,7.2,100
2024-01-24T22:00,2.3,94,8.7,100
2024-01-24T23:00,2.4,94,9.3,100
2024-01-25T00:00,2.5,95,8.8,100
2024-01-25T01:00,2.1,97,8.4,100
2024-01-25T02:00,2.6,97,9.0,100
2024-01-25T03:00,2.5,98,5.9,100
2024-01-25T04:00,2.8,98,7.2,100
2024-01-25T05:00,3.7,98,11.0,100
2024-01-25T06:00,4.9,98,16.1,100
2024-01-25T07:00,6.1,97,19.2,100
2024-01-25T08:00,7.2,95,18.7,100
2024-01-25T09:00,8.2,94,21.7,100
2024-01-25T10:00,8.9,94,20.8,100
2024-01-25T11:00,9.0,94,18.9,100
2024-01-25T12:00,8.9,94,18.4,100
2024-01-25T13:00,7.2,96,12.4,100
2024-01-25T14:00,6.8,96,10.1,100
2024-01-25T15:00,6.8,96,7.6,100
2024-01-25T16:00,7.2,94,7.9,100
2024-01-25T17:00,9.7,89,5.6,99
2024-01-25T18:00,10.7,80,7.8,100
2024-01-25T19:00,10.6,77,7.2,100
2024-01-25T20:00,8.7,84,12.2,100
2024-01-25T21:00,5.8,85,13.1,100
2024-01-25T22:00,4.0,87,8.7,100
2024-01-25T23:00,3.0,90,7.6,100
2024-01-26T00:00,2.5,90,6.9,100
2024-01-26T01:00,2.7,92,8.8,100
2024-01-26T02:00,3.3,92,10.9,100
2024-01-26T03:00,3.8,90,11.7,100
2024-01-26T04:00,4.0,90,10.6,100
2024-01-26T05:00,3.8,89,13.1,99
2024-01-26T06:00,3.3,88,12.7,100
2024-01-26T07:00,2.9,89,12.8,100
2024-01-26T08:00,3.3,88,14.8,100
2024-01-26T09:00,3.4,89,16.1,100
2024-01-26T10:00,3.1,91,14.7,100
2024-01-26T11:00,3.2,91,15.8,100
2024-01-26T12:00,3.4,93,15.1,100
2024-01-26T13:00,3.1,92,11.9,100
2024-01-26T14:00,3.6,92,11.9,100
2024-01-26T15:00,3.7,92,11.0,100
2024-01-26T16:00,3.6,94,12.6,100
2024-01-26T17:00,4.7,93,14.3,100
2024-01-26T18:00,5.7,91,15.9,100
2024-01-26T19:00,5.3,93,12.6,100
2024-01-26T20:00,5.2,93,9.2,100
2024-01-26T21:00,4.7,95,9.7,100
2024-01-26T22:00,4.1,97,10.6,100
2024-01-26T23:00,3.8,97,11.6,100
2024-01-27T00:00,3.6,97,9.9,100
2024-01-27T01:00,3.4,98,9.0,100
2024-01-27T02:00,3.0,98,8.7,100
2024-01-27T03:00,2.5,98,10.8,100
2024-01-27T04:00,2.1,98,12.0,100
2024-01-27T05:00,1.7,97,12.3,100
2024-01-27T06:00,1.4,97,12.1,100
2024-01-27T07:00,1.3,96,10.6,100
2024-01-27T08:00,1.1,97,9.8,100
2024-01-27T09:00,1.0,97,10.5,100
2024-01-27T10:00,0.9,97,12.3,100
2024-01-27T11:00,0.8,97,10.4,100
2024-01-27T12:00,0.7,97,10.1,100
2024-01-27T13:00,1.1,95,9.3,100
2024-01-27T14:00,1.5,92,9.9,100
2024-01-27T15:00,2.1,89,9.0,100
2024-01-27T16:00,2.8,87,8.6,100
2024-01-27T17:00,3.6,82,9.3,100
2024-01-27T18:00,4.1,78,9.5,100
2024-01-27T19:00,4.3,75,7.9,100
2024-01-27T20:00,4.6,72,4.7,100
2024-01-27T21:00,4.4,73,2.2,93
2024-01-27T22:00,1.4,83,6.3,100
2024-01-27T23:00,0.7,89,6.4,100
2024-01-28T00:00,1.0,90,5.8,100
2024-01-28T01:00,1.0,91,4.4,100
2024-01-28T02:00,0.8,93,3.1,100
2024-01-28T03:00,-0.2,96,4.6,100
2024-01-28T04:00,-1.5,97,5.9,100
2024-01-28T05:00,-1.5,96,6.4,100
2024-01-28T06:00,-1.3,95,5.2,100
2024-01-28T07:00,-0.7,95,8.5,100
2024-01-28T08:00,-0.4,95,7.4,100
2024-01-28T09:00,-0.1,94,5.7,100
2024-01-28T10:00,0.2,93,3.0,100
2024-01-28T11:00,-0.2,95,2.6,100
2024-01-28T12:00,0.0,95,4.3,100
2024-01-28T13:00,1.3,92,7.3,100
2024-01-28T14:00,2.0,89,7.0,100
2024-01-28T15:00,2.3,90,9.4,100
2024-01-28T16:00,1.6,98,10.0,100
2024-01-28T17:00,1.4,99,15.1,100
2024-01-28T18:00,1.6,100,20.0,100
2024-01-28T19:00,1.9,96,20.3,100
2024-01-28T20:00,2.3,94,22.3,100
2024-01-28T21:00,2.3,93,21.3,100
2024-01-28T22:00,2.2,95,22.2,100
2024-01-28T23:00,1.6,98,21.4,100
2024-01-29T00:00,1.5,98,20.2,100
2024-01-29T01:00,1.0,99,18.3,100
2024-01-29T02:00,1.0,99,21.2,100
2024-01-29T03:00,1.0,98,21.9,100
2024-01-29T04:00,1.0,97,23.2,100
2024-01-29T05:00,0.9,96,22.7,100
2024-01-29T06:00,0.8,96,19.8,100
2024-01-29T07:00,0.7,95,19.7,100
2024-01-29T08:00,0.7,93,21.4,100
2024-01-29T09:00,0.4,92,21.7,100
2024-01-29T10:00,0.2,91,22.0,100
2024-01-29T11:00,-0.0,88,22.3,100
2024-01-29T12:00,-0.3,86,22.4,100
2024-01-29T13:00,0.3,85,21.7,100
2024-01-29T14:00,0.8,80,21.5,99
2024-01-29T15:00,1.4,72,26.0,100
2024-01-29T16:00,1.9,68,25.6,94
2024-01-29T17:00,2.5,65,23.8,100
2024-01-29T18:00,3.0,62,21.0,100
2024-01-29T19:00,4.0,56,21.4,100
2024-01-29T20:00,3.9,57,18.4,100
2024-01-29T21:00,3.4,59,15.6,100
2024-01-29T22:00,2.5,61,15.6,100
2024-01-29T23:00,2.1,63,15.9,100
2024-01-30T00:00,1.6,65,17.6,100
2024-01-30T01:00,0.8,67,18.4,100
2024-01-30T02:00,0.6,69,17.9,80
2024-01-30T03:00,-0.4,70,15.9,62
2024-01-30T04:00,-1.5,75,13.8,48
2024-01-30T05:00,-2.2,79,13.0,19
2024-01-30T06:00,-2.6,81,12.7,61
2024-01-30T07:00,-2.6,83,12.3,52
2024-01-30T08:00,-2.4,81,14.1,54
2024-01-30T09:00,-2.3,74,18.5,22
2024-01-30T10:00,-3.5,73,20.8,50
2024-01-30T11:00,-4.1,67,18.5,82
2024-01-30T12:00,-4.9,65,17.1,78
2024-01-30T13:00,-1.2,67,15.3,100
2024-01-30T14:00,-1.4,63,18.4,100
2024-01-30T15:00,-1.7,66,18.0,100
2024-01-30T16:00,-1.8,66,16.4,100
2024-01-30T17:00,-1.5,63,14.3,98
2024-01-30T18:00,-1.5,60,13.7,93
2024-01-30T19:00,-1.8,61,14.2,94
2024-01-30T20:00,-2.5,62,13.2,92
2024-01-30T21:00,-3.3,64,12.4,16
2024-01-30T22:00,-4.4,70,8.6,74
2024-01-30T23:00,-4.8,73,8.7,96
2024-01-31T00:00,-4.8,75,8.4,96
2024-01-31T01:00,-4.7,79,6.9,93
2024-01-31T02:00,-4.5,80,6.4,100
2024-01-31T03:00,-4.3,80,6.5,98
2024-01-31T04:00,-4.1,81,6.1,99
2024-01-31T05:00,-4.2,85,3.0,100
2024-01-31T06:00,-4.0,82,2.1,100
2024-01-31T07:00,-4.1,83,4.4,100
2024-01-31T08:00,-4.2,81,4.2,100
2024-01-31T09:00,-4.1,80,1.9,100
2024-01-31T10:00,-4.2,81,5.1,100
2024-01-31T11:00,-4.4,81,5.4,100
2024-01-31T12:00,-4.2,79,4.8,100
2024-01-31T13:00,-3.1,73,5.1,81
2024-01-31T14:00,-1.7,65,4.7,100
2024-01-31T15:00,-0.2,57,4.0,100
2024-01-31T16:00,1.1,53,5.0,78
2024-01-31T17:00,2.4,51,6.1,22
2024-01-31T18:00,3.7,50,8.1,98
2024-01-31T19:00,4.0,51,11.3,100
2024-01-31T20:00,3.7,55,11.8,98
2024-01-31T21:00,3.2,60,8.5,99
2024-01-31T22:00,1.1,69,7.7,82
2024-01-31T23:00,-0.2,74,8.4,53
2024-02-01T00:00,-1.0,79,9.6,51
2024-02-01T01:00,-2.8,85,6.9,5
2024-02-01T02:00,-3.4,87,7.1,4
2024-02-01T03:00,-3.6,87,8.1,0
2024-02-01T04:00,-3.8,88,8.9,0
2024-02-01T05:00,-4.0,89,8.5,0
2024-02-01T06:00,-4.1,90,9.3,0
2024-02-01T07:00,-4.2,91,9.5,48
2024-02-01T08:00,-4.3,91,9.5,97
2024-02-01T09:00,-4.3,91,9.3,100
2024-02-01T10:00,-4.2,91,8.7,100
2024-02-01T11:00,-4.0,91,9.1,100
2024-02-01T12:00,-3.8,91,10.2,100
2024-02-01T13:00,-2.7,88,10.6,100
2024-02-01T14:00,-0.6,80,8.9,100
2024-02-01T15:00,1.8,71,9.0,100
2024-02-01T16:00,4.5,63,11.8,97
2024-02-01T17:00,6.2,57,14.3,98
2024-02-01T18:00,6.8,56,14.8,97
2024-02-01T19:00,7.7,54,18.4,100
2024-02-01T20:00,7.6,55,15.3,100
2024-02-01T21:00,6.1,63,8.4,100
2024-02-01T22:00,4.0,72,8.2,100
2024-02-01T23:00,3.4,76,11.1,100
2024-02-02T00:00,2.6,82,11.9,99
2024-02-02T01:00,0.0,91,9.3,68
2024-02-02T02:00,-0.1,92,9.2,97
2024-02-02T03:00,-0.1,93,8.9,32
2024-02-02T04:00,-1.0,94,8.9,35
2024-02-02T05:00,-1.3,93,8.2,100
2024-02-02T06:00,-1.0,93,6.8,100
2024-02-02T07:00,-0.5,92,5.0,95
2024-02-02T08:00,-0.5,93,4.3,86
2024-02-02T09:00,-0.9,93,5.1,94
2024-02-02T10:00,-0.9,93,6.3,100
2024-02-02T11:00,-0.6,93,5.8,100
2024-02-02T12:00,-0.9,93,4.8,100
2024-02-02T13:00,1.1,91,7.2,100
2024-02-02T14:00,3.0,85,6.8,100
2024-02-02T15:00,4.3,80,7.2,100
2024-02-02T16:00,5.3,75,9.4,88
2024-02-02T17:00,6.3,70,11.5,100
2024-02-02T18:00,6.9,65,14.1,43
2024-02-02T19:00,6.6,65,14.3,44
2024-02-02T20:00,6.1,66,10.7,78
2024-02-02T21:00,5.4,72,8.2,81
2024-02-02T22:00,3.2,83,7.1,100
2024-02-02T23:00,2.2,87,7.4,100
2024-02-03T00:00,1.8,90,9.5,100
2024-02-03T01:00,1.4,92,13.9,100
2024-02-03T02:00,1.0,93,16.8,100
2024-02-03T03:00,0.9,93,13.7,100
2024-02-03T04:00,0.3,95,13.9,97
2024-02-03T05:00,-0.5,88,19.1,87
2024-02-03T06:00,-1.8,83,20.2,1
2024-02-03T07:00,-2.9,84,18.1,1
2024-02-03T08:00,-3.4,83,17.8,1
2024-02-03T09:00,-3.8,82,17.7,12
2024-02-03T10:00,-4.0,79,18.8,9
2024-02-03T11:00,-4.3,77,18.6,24
2024-02-03T12:00,-4.8,77,17.0,15
2024-02-03T13:00,-3.0,80,15.8,8
2024-02-03T14:00,-1.8,71,16.6,14
2024-02-03T15:00,-0.5,59,19.0,1
2024-02-03T16:00,0.8,50,18.0,0
2024-02-03T17:00,1.8,46,15.1,0
2024-02-03T18:00,2.8,43,17.3,27
2024-02-03T19:00,2.8,41,15.5,1
2024-02-03T20:00,2.5,43,14.2,6
2024-02-03T21:00,1.8,45,12.8,7
2024-02-03T22:00,-0.6,53,8.7,3
2024-02-03T23:00,-1.8,55,8.3,4
2024-02-04T00:00,-2.8,56,10.8,14
2024-02-04T01:00,-2.0,55,16.2,4
2024-02-04T02:00,-2.6,57,15.6,0
2024-02-04T03:00,-3.1,60,15.0,0
2024-02-04T04:00,-3.6,62,15.2,0
2024-02-04T05:00,-4.0,64,15.3,0
2024-02-04T06:00,-4.3,65,15.4,0
2024-02-04T07:00,-4.5,64,15.6,0
2024-02-04T08:00,-4.9,64,15.0,0
2024-02-04T09:00,-5.3,64,15.4,0
2024-02-04T10:00,-5.5,65,14.6,0
2024-02-04T11:00,-5.8,67,13.9,0
2024-02-04T12:00,-6.0,68,13.7,0
2024-02-04T13:00,-4.7,67,12.8,0
2024-02-04T14:00,-2.8,58,12.6,0
2024-02-04T15:00,-0.6,47,13.6,0
2024-02-04T16:00,1.2,40,13.0,0
2024-02-04T17:00,2.7,35,12.9,0
2024-02-04T18:00,3.8,31,13.2,0
2024-02-04T19:00,4.4,32,14.2,0
2024-02-04T20:00,4.4,33,14.8,0
2024-02-04T21:00,3.4,41,11.5,0
2024-02-04T22:00,1.0,46,12.2,0
2024-02-04T23:00,-0.0,49,15.5,0
2024-02-05T00:00,-0.8,52,14.5,0
2024-02-05T01:00,-0.4,54,17.6,0
2024-02-05T02:00,-1.1,56,17.1,0
2024-02-05T03:00,-1.8,59,16.8,0
2024-02-05T04:00,-2.3,61,16.4,0
2024-02-05T05:00,-2.8,63,14.2,0
2024-02-05T06:00,-3.3,64,13.5,0
2024-02-05T07:00,-3.8,65,13.4,0
2024-02-05T08:00,-4.2,64,13.5,0
2024-02-05T09:00,-4.5,62,13.0,0
2024-02-05T10:00,-4.8,61,12.7,0
2024-02-05T11:00,-5.1,60,13.0,0
2024-02-05T12:00,-5.3,58,12.9,0
2024-02-05T13:00,-3.5,53,13.2,0
2024-02-05T14:00,-1.8,48,14.8,0
2024-02-05T15:00,0.2,38,17.7,0
2024-02-05T16:00,1.6,31,19.8,0
2024-02-05T17:00,2.8,30,17.9,0
2024-02-05T18:00,3.6,29,16.9,0
2024-02-05T19:00,4.0,29,16.5,0
2024-02-05T20:00,4.0,28,15.5,0
2024-02-05T21:00,3.2,34,12.2,0
2024-02-05T22:00,0.5,44,9.7,9
2024-02-05T23:00,-1.2,50,10.1,70
2024-02-06T00:00,-1.0,52,13.0,78
2024-02-06T01:00,0.1,38,13.5,98
2024-02-06T02:00,-0.3,42,12.9,99
2024-02-06T03:00,-0.4,46,13.3,99
2024-02-06T04:00,-1.0,52,14.1,77
2024-02-06T05:00,-2.0,55,14.4,8
2024-02-06T06:00,-2.7,58,15.1,4
2024-02-06T07:00,-3.0,61,15.1,1
2024-02-06T08:00,-3.3,64,14.1,1
2024-02-06T09:00,-3.7,66,13.4,1
2024-02-06T10:00,-3.8,67,14.1,10
2024-02-06T11:00,-3.9,67,14.5,25
2024-02-06T12:00,-3.9,68,14.4,23
2024-02-06T13:00,-2.4,65,14.1,51
2024-02-06T14:00,-1.1,61,15.6,16
2024-02-06T15:00,0.4,57,16.3,4
2024-02-06T16:00,1.7,56,15.2,14
2024-02-06T17:00,2.9,56,17.3,75
2024-02-06T18:00,3.3,56,17.7,84
2024-02-06T19:00,3.4,56,17.8,76
2024-02-06T20:00,2.6,60,17.0,34
2024-02-06T21:00,2.0,62,14.9,9
2024-02-06T22:00,0.3,73,9.5,15
2024-02-06T23:00,-0.7,79,8.2,14
2024-02-07T00:00,-1.4,84,7.4,13
2024-02-07T01:00,-1.2,85,5.5,36
2024-02-07T02:00,-1.3,81,4.7,8
2024-02-07T03:00,-2.3,83,8.4,10
2024-02-07T04:00,-2.5,83,11.0,1
2024-02-07T05:00,-2.5,82,10.2,0
2024-02-07T06:00,-2.8,81,10.7,0
2024-02-07T07:00,-2.8,77,11.5,0
2024-02-07T08:00,-2.9,77,11.9,6
2024-02-07T09:00,-2.9,76,12.6,23
2024-02-07T10:00,-3.0,78,12.2,70
2024-02-07T11:00,-3.0,80,11.9,82
2024-02-07T12:00,-2.9,81,11.5,80
2024-02-07T13:00,-2.1,75,11.3,2
2024-02-07T14:00,0.0,67,10.9,0
2024-02-07T15:00,2.1,61,11.2,9
2024-02-07T16:00,3.4,58,11.0,3
2024-02-07T17:00,4.2,55,10.9,81
2024-02-07T18:00,4.3,57,11.8,70
2024-02-07T19:00,4.0,61,13.0,52
2024-02-07T20:00,3.1,66,14.4,82
2024-02-07T21:00,2.1,70,12.2,95
2024-02-07T22:00,0.7,78,8.0,100
2024-02-07T23:00,-0.1,83,6.8,100
2024-02-08T00:00,0.1,84,5.4,100
2024-02-08T01:00,0.9,81,0.7,14
2024-02-08T02:00,0.5,84,1.8,0
2024-02-08T03:00,-1.6,90,2.6,0
2024-02-08T04:00,-2.5,90,2.7,0
2024-02-08T05:00,-3.1,91,2.4,0
2024-02-08T06:00,-3.5,92,5.9,7
2024-02-08T07:00,-3.2,90,6.6,5
2024-02-08T08:00,-3.2,90,5.9,10
2024-02-08T09:00,-3.7,91,5.6,1
2024-02-08T10:00,-3.8,91,5.2,0
2024-02-08T11:00,-4.1,92,5.4,0
2024-02-08T12:00,-4.1,92,3.1,0
2024-02-08T13:00,-2.2,83,6.0,0
2024-02-08T14:00,1.3,68,4.9,0
2024-02-08T15:00,4.2,56,2.5,0
2024-02-08T16:00,5.9,51,3.4,0
2024-02-08T17:00,6.4,53,6.1,0
2024-02-08T18:00,6.2,54,10.5,0
2024-02-08T19:00,5.4,57,11.3,1
2024-02-08T20:00,4.8,61,11.2,6
2024-02-08T21:00,3.7,71,10.9,0
2024-02-08T22:00,1.5,86,8.8,0
2024-02-08T23:00,0.3,90,7.2,0
2024-02-09T00:00,-0.3,90,7.1,0
2024-02-09T01:00,-0.6,91,7.3,5
2024-02-09T02:00,-1.1,92,7.1,5
2024-02-09T03:00,-1.4,92,6.8,14
2024-02-09T04:00,-1.5,92,6.8,39
2024-02-09T05:00,-1.6,92,7.6,2
2024-02-09T06:00,-1.6,92,6.4,12
2024-02-09T07:00,-1.6,93,8.4,1
2024-02-09T08:00,-1.9,94,6.1,9
2024-02-09T09:00,-1.7,94,6.9,75
2024-02-09T10:00,-1.7,95,8.0,100
2024-02-09T11:00,-1.1,94,6.7,100
2024-02-09T12:00,-0.9,95,7.2,100
2024-02-09T13:00,-0.0,92,10.2,100
2024-02-09T14:00,1.5,88,12.3,100
2024-02-09T15:00,3.1,85,12.4,100
2024-02-09T16:00,4.1,83,14.3,100
2024-02-09T17:00,5.2,81,13.1,100
2024-02-09T18:00,7.2,71,13.7,2
2024-02-09T19:00,8.7,59,16.9,0
2024-02-09T20:00,8.6,61,17.2,31
2024-02-09T21:00,7.2,68,13.7,3
2024-02-09T22:00,4.6,80,15.9,0
2024-02-09T23:00,3.4,89,15.8,10
2024-02-10T00:00,2.8,92,12.9,99
2024-02-10T01:00,2.4,92,11.8,34
2024-02-10T02:00,1.9,94,9.4,88
2024-02-10T03:00,1.5,95,9.1,100
2024-02-10T04:00,1.4,95,9.2,100
2024-02-10T05:00,1.6,96,9.3,100
2024-02-10T06:00,1.3,96,9.0,100
2024-02-10T07:00,1.7,96,8.8,100
2024-02-10T08:00,1.7,95,9.1,100
2024-02-10T09:00,1.7,95,9.2,47
2024-02-10T10:00,0.8,95,7.7,34
2024-02-10T11:00,1.0,94,8.2,65
2024-02-10T12:00,1.0,94,7.9,0
2024-02-10T13:00,2.4,92,10.5,62
2024-02-10T14:00,5.1,86,11.4,0
2024-02-10T15:00,8.2,79,10.0,100
2024-02-10T16:00,10.6,76,10.6,52
2024-02-10T17:00,12.8,70,11.1,99
2024-02-10T18:00,14.1,65,14.3,65
2024-02-10T19:00,14.6,63,15.4,53
2024-02-10T20:00,14.2,65,14.8,15
2024-02-10T21:00,13.1,70,13.6,5
2024-02-10T22:00,10.3,80,12.7,10
2024-02-10T23:00,8.0,87,11.9,89
2024-02-11T00:00,8.2,88,15.3,100
2024-02-11T01:00,8.2,89,15.0,100
2024-02-11T02:00,8.2,89,10.1,48
2024-02-11T03:00,6.7,93,15.4,100
2024-02-11T04:00,6.0,93,14.9,100
2024-02-11T05:00,5.6,92,15.2,81
2024-02-11T06:00,5.6,91,17.3,100
2024-02-11T07:00,5.2,91,16.6,100
2024-02-11T08:00,4.4,91,14.9,100
2024-02-11T09:00,3.5,92,12.7,100
2024-02-11T10:00,2.5,92,11.4,100
2024-02-11T11:00,2.0,93,11.3,100
2024-02-11T12:00,1.3,94,10.8,100
2024-02-11T13:00,3.4,88,15.8,100
2024-02-11T14:00,4.9,86,14.8,100
2024-02-11T15:00,6.2,69,16.2,100
2024-02-11T16:00,7.4,59,17.0,100
2024-02-11T17:00,8.2,53,16.8,100
2024-02-11T18:00,8.7,53,16.9,100
2024-02-11T19:00,8.6,54,15.5,100
2024-02-11T20:00,8.9,53,14.9,100
2024-02-11T21:00,8.3,57,12.0,33
2024-02-11T22:00,5.9,67,7.8,26
2024-02-11T23:00,3.6,75,9.4,95
2024-02-12T00:00,3.2,76,8.7,97
2024-02-12T01:00,2.8,74,12.1,29
2024-02-12T02:00,2.1,75,12.4,2
2024-02-12T03:00,1.2,77,11.8,17
2024-02-12T04:00,0.5,79,11.6,79
2024-02-12T05:00,-0.2,81,10.9,94
2024-02-12T06:00,-0.5,82,11.2,31
2024-02-12T07:00,-1.0,84,8.5,20
2024-02-12T08:00,-1.6,86,7.8,0
2024-02-12T09:00,-2.0,87,7.6,0
2024-02-12T10:00,-2.3,87,7.8,32
2024-02-12T11:00,-2.5,88,8.0,91
2024-02-12T12:00,-2.6,88,8.5,54
2024-02-12T13:00,-0.5,81,8.7,59
2024-02-12T14:00,1.9,73,6.4,1
2024-02-12T15:00,3.9,66,5.6,66
2024-02-12T16:00,5.5,58,5.6,78
2024-02-12T17:00,6.5,55,1.8,0
2024-02-12T18:00,7.3,54,2.7,98
2024-02-12T19:00,7.8,52,5.4,98
2024-02-12T20:00,8.1,50,4.8,99
2024-02-12T21:00,7.6,53,2.6,100
2024-02-12T22:00,4.9,72,8.3,100
2024-02-12T23:00,3.1,80,7.0,100
2024-02-13T00:00,1.7,84,6.4,100
2024-02-13T01:00,1.9,71,12.0,69
2024-02-13T02:00,0.7,70,12.4,88
2024-02-13T03:00,-0.3,72,10.8,99
2024-02-13T04:00,-0.0,69,10.8,82
2024-02-13T05:00,-0.8,72,10.9,77
2024-02-13T06:00,-1.5,76,9.1,99
2024-02-13T07:00,-1.3,78,12.6,98
2024-02-13T08:00,-0.9,89,11.2,100
2024-02-13T09:00,0.7,92,12.2,100
2024-02-13T10:00,1.9,90,14.8,100
2024-02-13T11:00,1.9,88,16.3,100
2024-02-13T12:00,1.7,89,19.6,100
2024-02-13T13:00,2.0,94,19.0,100
2024-02-13T14:00,1.7,97,22.5,100
2024-02-13T15:00,1.7,99,24.2,100
2024-02-13T16:00,1.4,99,33.1,100
2024-02-13T17:00,1.2,99,32.8,100
2024-02-13T18:00,1.2,95,26.4,100
2024-02-13T19:00,0.3,86,28.7,100
2024-02-13T20:00,-0.0,76,22.4,100
2024-02-13T21:00,0.1,68,15.5,100
2024-02-13T22:00,-0.4,68,13.0,100
2024-02-13T23:00,-1.4,67,11.7,98
2024-02-14T00:00,-3.0,71,8.9,60
2024-02-14T01:00,-1.9,72,9.7,3
2024-02-14T02:00,-2.5,78,12.8,0
2024-02-14T03:00,-2.4,80,13.4,0
2024-02-14T04:00,-2.8,81,12.9,0
2024-02-14T05:00,-3.3,82,12.0,9
2024-02-14T06:00,-3.8,83,10.8,0
2024-02-14T07:00,-4.0,85,12.8,0
2024-02-14T08:00,-3.5,83,14.6,1
2024-02-14T09:00,-2.8,80,15.2,23
2024-02-14T10:00,-2.3,78,18.4,35
2024-02-14T11:00,-1.6,75,23.5,33
2024-02-14T12:00,-3.1,66,24.2,0
2024-02-14T13:00,-2.1,63,25.9,0
2024-02-14T14:00,-2.9,55,29.5,0
2024-02-14T15:00,-3.3,49,28.8,0
2024-02-14T16:00,-3.1,46,26.6,0
2024-02-14T17:00,-2.6,44,26.7,0
2024-02-14T18:00,-2.6,42,28.2,1
2024-02-14T19:00,-2.0,39,28.7,1
2024-02-14T20:00,-0.9,38,25.9,59
2024-02-14T21:00,-1.8,40,27.9,2
2024-02-14T22:00,-2.7,44,23.7,2
2024-02-14T23:00,-3.7,48,21.7,3
2024-02-15T00:00,-4.1,50,23.2,3
2024-02-15T01:00,-3.1,45,22.5,0
2024-02-15T02:00,-3.7,46,21.3,4
2024-02-15T03:00,-4.3,49,21.3,0
2024-02-15T04:00,-4.7,51,21.2,0
2024-02-15T05:00,-5.0,52,21.7,0
2024-02-15T06:00,-5.2,53,21.3,0
2024-02-15T07:00,-5.3,54,21.1,0
2024-02-15T08:00,-5.4,54,20.3,0
2024-02-15T09:00,-5.5,55,19.1,0
2024-02-15T10:00,-5.7,56,17.1,0
2024-02-15T11:00,-5.9,57,16.1,0
2024-02-15T12:00,-6.1,57,14.5,0
2024-02-15T13:00,-4.5,54,14.7,0
2024-02-15T14:00,-3.3,48,17.2,0
2024-02-15T15:00,-1.8,43,17.1,0
2024-02-15T16:00,-0.2,37,17.6,0
2024-02-15T17:00,0.9,33,15.6,46
2024-02-15T18:00,1.7,34,13.0,100
2024-02-15T19:00,1.8,36,9.0,100
2024-02-15T20:00,1.7,40,6.1,83
2024-02-15T21:00,-0.5,50,8.4,100
2024-02-15T22:00,-0.4,56,6.6,100
2024-02-15T23:00,-1.1,57,8.1,100
2024-02-16T00:00,-1.3,59,9.2,100
2024-02-16T01:00,-0.7,52,10.4,100
2024-02-16T02:00,-0.8,59,13.7,100
2024-02-16T03:00,-1.5,71,13.8,100
2024-02-16T04:00,-1.1,71,14.2,94
2024-02-16T05:00,-0.7,75,14.2,75
2024-02-16T06:00,-0.5,77,16.6,29
2024-02-16T07:00,0.1,77,19.5,98
2024-02-16T08:00,0.6,75,20.3,8
2024-02-16T09:00,0.5,71,19.4,45
2024-02-16T10:00,0.4,68,23.4,37
2024-02-16T11:00,0.4,63,22.4,29
2024-02-16T12:00,0.3,62,24.1,6
2024-02-16T13:00,1.4,53,26.1,33
2024-02-16T14:00,1.2,49,32.5,25
2024-02-16T15:00,1.1,43,34.1,1
2024-02-16T16:00,1.5,39,33.9,1
2024-02-16T17:00,1.8,34,33.8,39
2024-02-16T18:00,2.8,31,35.2,79
2024-02-16T19:00,3.1,34,31.6,33
2024-02-16T20:00,3.1,35,28.2,48
2024-02-16T21:00,2.5,38,23.1,9
2024-02-16T22:00,1.0,42,17.9,1
2024-02-16T23:00,-0.7,48,15.6,47
2024-02-17T00:00,-2.0,55,12.9,68
2024-02-17T01:00,-2.4,57,10.1,87
2024-02-17T02:00,-2.8,59,9.0,100
2024-02-17T03:00,-2.9,61,6.8,98
2024-02-17T04:00,-3.1,63,9.1,100
2024-02-17T05:00,-3.0,65,6.1,100
2024-02-17T06:00,-2.8,66,4.8,100
2024-02-17T07:00,-3.0,69,4.0,100
2024-02-17T08:00,-2.9,70,1.8,100
2024-02-17T09:00,-3.1,74,4.4,100
2024-02-17T10:00,-3.2,77,5.5,100
2024-02-17T11:00,-3.4,78,5.1,100
2024-02-17T12:00,-3.4,79,4.9,100
2024-02-17T13:00,-2.2,75,5.4,100
2024-02-17T14:00,-0.7,67,6.5,100
2024-02-17T15:00,0.2,61,7.6,100
2024-02-17T16:00,1.0,57,9.2,100
2024-02-17T17:00,1.6,58,9.3,95
2024-02-17T18:00,1.7,58,10.7,99
2024-02-17T19:00,1.9,52,12.2,100
2024-02-17T20:00,2.2,47,16.3,98
2024-02-17T21:00,1.2,47,16.6,100
2024-02-17T22:00,0.4,46,14.5,20
2024-02-17T23:00,-1.6,47,12.1,0
2024-02-18T00:00,-2.5,43,15.5,1
2024-02-18T01:00,-3.3,41,15.1,0
2024-02-18T02:00,-3.9,43,15.7,1
2024-02-18T03:00,-4.1,42,18.0,0
2024-02-18T04:00,-4.6,44,18.7,0
2024-02-18T05:00,-5.1,47,18.4,0
2024-02-18T06:00,-5.6,50,16.2,0
2024-02-18T07:00,-6.0,51,14.4,0
2024-02-18T08:00,-6.2,50,14.3,0
2024-02-18T09:00,-6.3,48,14.9,0
2024-02-18T10:00,-6.5,50,12.4,20
2024-02-18T11:00,-6.8,59,13.8,81
2024-02-18T12:00,-6.5,59,16.0,80
2024-02-18T13:00,-4.8,54,15.8,100
2024-02-18T14:00,-2.9,46,17.5,66
2024-02-18T15:00,-0.7,33,24.2,61
2024-02-18T16:00,1.0,33,27.9,100
2024-02-18T17:00,2.6,32,26.9,64
2024-02-18T18:00,3.2,33,25.3,70
2024-02-18T19:00,3.8,34,24.6,77
2024-02-18T20:00,2.9,37,24.5,92
2024-02-18T21:00,2.3,38,23.9,91
2024-02-18T22:00,1.0,43,18.3,8
2024-02-18T23:00,-1.0,50,12.0,5
2024-02-19T00:00,-2.0,53,12.8,2
2024-02-19T01:00,-2.5,50,13.5,5
2024-02-19T02:00,-2.8,53,13.8,4
2024-02-19T03:00,-3.1,56,12.8,2
2024-02-19T04:00,-3.3,59,12.9,2
2024-02-19T05:00,-3.5,60,13.9,0
2024-02-19T06:00,-3.4,60,15.0,0
2024-02-19T07:00,-3.0,57,15.6,14
2024-02-19T08:00,-2.4,55,16.2,8
2024-02-19T09:00,-2.7,57,15.6,4
2024-02-19T10:00,-2.8,59,17.4,16
2024-02-19T11:00,-2.1,58,18.1,6
2024-02-19T12:00,-2.0,59,15.9,7
2024-02-19T13:00,0.4,50,14.6,0
2024-02-19T14:00,0.6,35,19.8,0
2024-02-19T15:00,0.5,34,19.7,0
2024-02-19T16:00,0.8,34,18.6,0
2024-02-19T17:00,1.1,32,18.0,0
2024-02-19T18:00,1.4,30,17.8,0
2024-02-19T19:00,1.5,28,17.2,0
2024-02-19T20:00,1.3,27,16.0,0
2024-02-19T21:00,0.8,28,15.1,0
2024-02-19T22:00,-0.9,36,9.4,0
2024-02-19T23:00,-2.7,40,8.1,0
2024-02-20T00:00,-3.4,40,10.4,0
2024-02-20T01:00,-3.8,37,11.7,0
2024-02-20T02:00,-4.3,37,10.1,0
2024-02-20T03:00,-5.0,39,10.5,0
2024-02-20T04:00,-5.2,39,11.4,0
2024-02-20T05:00,-5.3,40,11.5,0
2024-02-20T06:00,-5.8,41,11.3,0
2024-02-20T07:00,-6.2,43,13.6,0
2024-02-20T08:00,-6.4,44,13.7,0
2024-02-20T09:00,-6.7,43,11.5,0
2024-02-20T10:00,-6.9,42,10.0,0
2024-02-20T11:00,-7.1,42,8.3,0
2024-02-20T12:00,-7.1,42,8.0,0
2024-02-20T13:00,-5.3,37,8.4,3
2024-02-20T14:00,-3.6,32,6.2,4
2024-02-20T15:00,-2.1,29,4.6,0
2024-02-20T16:00,-0.8,31,2.2,0
2024-02-20T17:00,0.3,31,3.4,0
2024-02-20T18:00,1.4,31,5.1,0
2024-02-20T19:00,2.3,29,5.2,0
2024-02-20T20:00,2.9,28,5.6,0
2024-02-20T21:00,2.7,29,5.6,1
2024-02-20T22:00,-0.4,52,7.3,0
2024-02-20T23:00,-1.4,46,8.4,0
2024-02-21T00:00,-2.6,56,11.2,0
2024-02-21T01:00,-3.1,70,6.6,0
2024-02-21T02:00,-3.6,68,7.3,0
2024-02-21T03:00,-4.3,70,6.6,0
2024-02-21T04:00,-4.6,71,6.4,0
2024-02-21T05:00,-4.9,71,6.0,0
2024-02-21T06:00,-5.4,76,5.1,0
2024-02-21T07:00,-5.3,67,3.6,0
2024-02-21T08:00,-5.7,71,2.7,1
2024-02-21T09:00,-6.0,76,3.3,1
2024-02-21T10:00,-5.7,66,1.8,0
2024-02-21T11:00,-6.1,67,1.4,0
2024-02-21T12:00,-6.2,69,4.4,93
2024-02-21T13:00,-5.3,63,1.6,100
2024-02-21T14:00,-1.5,45,1.8,94
2024-02-21T15:00,1.4,37,3.9,84
2024-02-21T16:00,2.7,39,4.0,87
2024-02-21T17:00,3.3,42,6.5,90
2024-02-21T18:00,3.3,48,11.3,98
2024-02-21T19:00,2.8,56,15.8,28
2024-02-21T20:00,2.3,60,16.6,53
2024-02-21T21:00,1.7,60,17.4,58
2024-02-21T22:00,0.3,65,15.8,57
2024-02-21T23:00,-1.1,73,12.5,6
2024-02-22T00:00,-2.1,78,9.7,2
2024-02-22T01:00,-3.0,79,7.6,11
2024-02-22T02:00,-3.4,80,7.6,45
2024-02-22T03:00,-3.9,82,5.8,64
2024-02-22T04:00,-4.5,84,5.4,60
2024-02-22T05:00,-5.0,87,5.4,0
2024-02-22T06:00,-5.4,88,5.2,0
2024-02-22T07:00,-5.5,89,3.7,0
2024-02-22T08:00,-5.8,90,2.5,4
2024-02-22T09:00,-5.9,91,4.1,0
2024-02-22T10:00,-6.1,91,5.4,1
2024-02-22T11:00,-6.1,89,6.1,0
2024-02-22T12:00,-5.4,86,7.7,0
2024-02-22T13:00,-2.2,77,5.0,0
2024-02-22T14:00,0.4,66,8.0,3
2024-02-22T15:00,2.1,58,8.0,14
2024-02-22T16:00,3.6,52,8.0,14
2024-02-22T17:00,5.0,48,9.3,100
2024-02-22T18:00,6.0,46,10.9,94
2024-02-22T19:00,6.4,46,11.3,36
2024-02-22T20:00,6.6,48,12.0,42
2024-02-22T21:00,5.8,52,13.4,11
2024-02-22T22:00,3.0,66,14.1,87
2024-02-22T23:00,0.8,77,14.0,100
2024-02-23T00:00,0.4,81,13.6,100
2024-02-23T01:00,-0.3,84,13.7,100
2024-02-23T02:00,0.2,82,13.1,100
2024-02-23T03:00,0.5,84,14.9,100
2024-02-23T04:00,0.7,86,14.6,100
2024-02-23T05:00,0.8,88,12.7,100
2024-02-23T06:00,1.1,90,12.4,100
2024-02-23T07:00,1.3,91,12.4,100
2024-02-23T08:00,1.1,95,12.6,100
2024-02-23T09:00,1.1,98,12.6,100
2024-02-23T10:00,1.4,97,8.7,100
2024-02-23T11:00,1.4,97,5.5,100
2024-02-23T12:00,1.3,98,4.2,100
2024-02-23T13:00,2.2,99,2.6,100
2024-02-23T14:00,2.7,99,5.2,100
2024-02-23T15:00,3.8,96,4.2,100
2024-02-23T16:00,4.0,96,6.5,100
2024-02-23T17:00,4.1,96,6.8,100
2024-02-23T18:00,4.6,95,5.5,100
2024-02-23T19:00,4.9,94,4.3,100
2024-02-23T20:00,5.1,93,3.6,100
2024-02-23T21:00,5.2,93,4.3,100
2024-02-23T22:00,4.9,93,0.7,100
2024-02-23T23:00,3.3,98,4.8,100
2024-02-24T00:00,2.9,99,6.0,100
2024-02-24T01:00,2.2,100,4.5,100
2024-02-24T02:00,1.4,100,4.0,100
2024-02-24T03:00,1.0,99,5.4,100
2024-02-24T04:00,1.0,98,9.0,100
2024-02-24T05:00,0.8,100,10.0,100
2024-02-24T06:00,0.4,99,10.9,100
2024-02-24T07:00,0.3,100,10.6,100
2024-02-24T08:00,0.3,99,11.7,100
2024-02-24T09:00,0.8,92,16.1,100
2024-02-24T10:00,0.8,92,18.3,100
2024-02-24T11:00,0.5,92,17.5,100
2024-02-24T12:00,-0.0,88,19.6,100
2024-02-24T13:00,2.5,82,19.7,100
2024-02-24T14:00,2.1,71,19.1,100
2024-02-24T15:00,2.5,57,18.7,90
2024-02-24T16:00,3.1,46,21.4,64
2024-02-24T17:00,2.6,34,22.9,51
2024-02-24T18:00,2.3,29,22.8,23
2024-02-24T19:00,2.2,28,20.5,3
2024-02-24T20:00,1.8,27,20.3,0
2024-02-24T21:00,0.6,28,20.3,3
2024-02-24T22:00,-1.1,31,17.9,1
2024-02-24T23:00,-3.1,32,18.2,0
2024-02-25T00:00,-4.4,33,19.1,4
2024-02-25T01:00,-4.2,35,20.9,0
2024-02-25T02:00,-5.6,37,20.3,0
2024-02-25T03:00,-6.6,39,18.6,0
2024-02-25T04:00,-7.4,39,16.6,0
2024-02-25T05:00,-7.9,39,14.8,0
2024-02-25T06:00,-8.2,40,13.4,0
2024-02-25T07:00,-8.4,41,12.2,0
2024-02-25T08:00,-8.6,42,11.4,0
2024-02-25T09:00,-8.6,43,9.0,0
2024-02-25T10:00,-8.6,44,7.8,0
2024-02-25T11:00,-8.6,44,8.1,0
2024-02-25T12:00,-8.2,40,7.4,0
2024-02-25T13:00,-6.7,34,8.0,0
2024-02-25T14:00,-4.9,29,6.3,0
2024-02-25T15:00,-2.9,24,4.8,0
2024-02-25T16:00,-1.0,23,3.3,0
2024-02-25T17:00,0.6,23,3.8,0
2024-02-25T18:00,2.1,22,5.8,0
2024-02-25T19:00,3.4,21,7.1,0
2024-02-25T20:00,3.7,21,6.7,0
2024-02-25T21:00,2.9,31,8.0,0
2024-02-25T22:00,0.7,50,7.7,0
2024-02-25T23:00,-1.2,37,13.1,0
2024-02-26T00:00,-3.1,55,16.3,0
2024-02-26T01:00,-3.4,63,15.3,0
2024-02-26T02:00,-3.5,62,14.7,25
2024-02-26T03:00,-3.7,60,14.5,15
2024-02-26T04:00,-3.6,65,14.4,96
2024-02-26T05:00,-3.4,70,15.0,91
2024-02-26T06:00,-3.1,70,15.8,100
2024-02-26T07:00,-2.6,73,15.1,100
2024-02-26T08:00,-1.9,77,16.2,100
2024-02-26T09:00,-1.2,79,17.3,98
2024-02-26T10:00,-0.6,79,16.4,98
2024-02-26T11:00,-0.3,78,15.6,70
2024-02-26T12:00,-0.2,75,12.2,94
2024-02-26T13:00,1.9,74,14.7,100
2024-02-26T14:00,3.6,67,18.6,100
2024-02-26T15:00,4.8,64,18.4,54
2024-02-26T16:00,7.3,58,18.8,1
2024-02-26T17:00,9.4,53,16.5,0
2024-02-26T18:00,10.9,49,17.6,0
2024-02-26T19:00,11.8,48,20.7,0
2024-02-26T20:00,12.1,48,21.9,3
2024-02-26T21:00,11.4,53,18.4,14
2024-02-26T22:00,9.3,61,15.0,2
2024-02-26T23:00,7.0,68,14.8,69
2024-02-27T00:00,5.5,73,15.1,36
2024-02-27T01:00,4.5,79,13.3,71
2024-02-27T02:00,3.4,83,11.5,86
2024-02-27T03:00,2.1,88,10.0,74
2024-02-27T04:00,1.0,91,7.1,38
2024-02-27T05:00,-0.7,94,8.7,1
2024-02-27T06:00,-1.1,95,7.4,5
2024-02-27T07:00,-1.4,95,5.4,19
2024-02-27T08:00,-2.2,96,8.4,0
2024-02-27T09:00,-2.2,97,5.5,99
2024-02-27T10:00,-2.2,96,5.6,100
2024-02-27T11:00,-1.9,95,6.4,73
2024-02-27T12:00,-1.1,94,3.4,68
2024-02-27T13:00,0.8,85,3.6,93
2024-02-27T14:00,4.0,80,2.2,67
2024-02-27T15:00,6.8,81,4.6,60
2024-02-27T16:00,9.0,78,6.4,56
2024-02-27T17:00,10.9,73,8.4,76
2024-02-27T18:00,11.6,74,10.3,71
2024-02-27T19:00,12.6,74,8.4,68
2024-02-27T20:00,14.1,72,11.1,51
2024-02-27T21:00,13.6,66,20.5,15
2024-02-27T22:00,11.0,74,19.3,0
2024-02-27T23:00,8.8,80,20.3,30
2024-02-28T00:00,7.9,88,21.0,100
2024-02-28T01:00,8.3,89,21.9,98
2024-02-28T02:00,8.9,92,22.5,100
2024-02-28T03:00,9.8,93,19.5,100
2024-02-28T04:00,10.0,93,19.6,100
2024-02-28T05:00,10.1,92,23.1,100
2024-02-28T06:00,10.0,94,24.9,100
2024-02-28T07:00,10.0,95,23.1,100
2024-02-28T08:00,9.9,95,23.6,100
2024-02-28T09:00,9.7,95,23.1,100
2024-02-28T10:00,9.6,96,22.4,100
2024-02-28T11:00,9.9,96,21.3,100
2024-02-28T12:00,10.2,95,24.2,100
2024-02-28T13:00,11.2,95,25.9,100
2024-02-28T14:00,11.9,93,27.7,100
2024-02-28T15:00,11.8,93,26.9,100
2024-02-28T16:00,12.1,92,26.5,100
2024-02-28T17:00,13.2,89,29.2,100
2024-02-28T18:00,13.6,88,27.5,100
2024-02-28T19:00,15.2,79,26.3,100
2024-02-28T20:00,13.8,81,28.8,100
2024-02-28T21:00,13.9,79,32.8,100
2024-02-28T22:00,13.6,80,32.5,100
2024-02-28T23:00,12.7,82,32.4,100
2024-02-29T00:00,12.4,83,31.7,100
2024-02-29T01:00,11.8,92,28.3,100
2024-02-29T02:00,11.7,92,30.4,100
2024-02-29T03:00,12.2,92,32.3,100
2024-02-29T04:00,9.7,90,42.2,100
2024-02-29T05:00,3.6,83,34.6,100
2024-02-29T06:00,1.1,83,27.7,100
2024-02-29T07:00,0.4,55,33.6,100
2024-02-29T08:00,-0.5,47,32.0,0
2024-02-29T09:00,-2.9,42,27.9,0
2024-02-29T10:00,-4.3,41,25.5,0
2024-02-29T11:00,-5.1,39,25.1,0
2024-02-29T12:00,-5.1,38,24.5,0
2024-02-29T13:00,-2.4,36,22.9,1
2024-02-29T14:00,-1.5,36,23.8,2
2024-02-29T15:00,-0.5,34,32.2,23
2024-02-29T16:00,-0.7,37,30.1,88
2024-02-29T17:00,-0.0,34,33.3,76
2024-02-29T18:00,0.3,34,32.5,40
2024-02-29T19:00,0.5,33,33.2,74
2024-02-29T20:00,0.6,32,32.5,25
2024-02-29T21:00,-0.0,31,31.1,96
2024-02-29T22:00,-0.8,34,25.4,4
2024-02-29T23:00,-1.9,37,23.0,29
2024-03-01T00:00,-2.5,39,22.0,27
2024-03-01T01:00,-2.6,43,20.5,28
2024-03-01T02:00,-3.0,43,20.6,13
2024-03-01T03:00,-3.4,44,20.2,17
2024-03-01T04:00,-3.9,46,16.6,37
2024-03-01T05:00,-4.3,51,13.4,2
2024-03-01T06:00,-4.7,52,12.0,0
2024-03-01T07:00,-5.0,48,14.0,0
2024-03-01T08:00,-5.3,41,15.5,2
2024-03-01T09:00,-5.6,42,13.0,32
2024-03-01T10:00,-5.8,44,10.2,2
2024-03-01T11:00,-6.0,48,7.3,0
2024-03-01T12:00,-5.5,48,5.1,2
2024-03-01T13:00,-3.4,35,5.2,46
2024-03-01T14:00,-1.8,34,8.6,34
2024-03-01T15:00,0.1,34,12.7,0
2024-03-01T16:00,1.9,35,14.8,0
2024-03-01T17:00,3.4,36,16.3,0
2024-03-01T18:00,4.6,38,17.7,0
2024-03-01T19:00,5.5,36,18.4,0
2024-03-01T20:00,5.9,34,18.9,2
2024-03-01T21:00,5.9,37,17.7,0
2024-03-01T22:00,4.5,45,13.3,1
2024-03-01T23:00,2.0,53,16.4,27
2024-03-02T00:00,0.8,59,17.1,65
2024-03-02T01:00,0.4,64,16.3,99
2024-03-02T02:00,-0.3,68,16.8,100
2024-03-02T03:00,-0.5,70,17.1,100
2024-03-02T04:00,-0.4,70,16.6,100
2024-03-02T05:00,-0.2,68,15.8,100
2024-03-02T06:00,-0.1,68,14.8,100
2024-03-02T07:00,0.2,71,14.3,100
2024-03-02T08:00,0.1,76,12.8,100
2024-03-02T09:00,0.2,81,11.6,100
2024-03-02T10:00,0.7,82,11.9,100
2024-03-02T11:00,1.6,82,11.5,100
2024-03-02T12:00,2.3,84,10.0,100
2024-03-02T13:00,3.0,89,12.2,100
2024-03-02T14:00,5.0,86,7.8,100
2024-03-02T15:00,7.6,79,9.8,100
2024-03-02T16:00,8.2,76,11.0,100
2024-03-02T17:00,9.1,76,11.5,100
2024-03-02T18:00,8.8,80,12.2,100
2024-03-02T19:00,8.8,83,11.6,100
2024-03-02T20:00,8.2,90,12.4,100
2024-03-02T21:00,8.0,93,12.0,100
2024-03-02T22:00,7.9,95,12.2,100
2024-03-02T23:00,7.6,95,12.1,100
2024-03-03T00:00,7.7,95,11.8,100
2024-03-03T01:00,7.7,97,7.9,100
2024-03-03T02:00,8.0,96,12.4,100
2024-03-03T03:00,8.2,96,14.2,100
2024-03-03T04:00,8.9,95,18.2,100
2024-03-03T05:00,8.2,98,7.1,100
2024-03-03T06:00,8.0,97,5.0,100
2024-03-03T07:00,7.4,99,4.1,100
2024-03-03T08:00,7.2,98,4.9,100
2024-03-03T09:00,7.0,99,7.6,100
2024-03-03T10:00,6.7,100,10.5,100
2024-03-03T11:00,6.5,99,13.2,100
2024-03-03T12:00,6.6,98,15.0,100
2024-03-03T13:00,7.3,97,17.4,100
2024-03-03T14:00,7.7,94,18.4,100
2024-03-03T15:00,8.2,92,18.4,100
2024-03-03T16:00,9.6,87,18.6,100
2024-03-03T17:00,10.8,82,18.1,100
2024-03-03T18:00,12.8,73,18.9,100
2024-03-03T19:00,13.6,69,19.2,89
2024-03-03T20:00,14.2,66,18.9,100
2024-03-03T21:00,13.9,69,11.9,79
2024-03-03T22:00,12.7,75,9.7,21
2024-03-03T23:00,9.9,84,9.7,18
2024-03-04T00:00,8.8,87,7.1,41
2024-03-04T01:00,9.7,82,3.1,0
2024-03-04T02:00,9.2,84,4.0,0
2024-03-04T03:00,6.7,92,6.6,3
2024-03-04T04:00,5.4,96,7.5,1
2024-03-04T05:00,4.8,97,6.4,0
2024-03-04T06:00,4.6,96,7.2,1
2024-03-04T07:00,4.6,94,7.6,1
2024-03-04T08:00,4.6,93,7.2,7
2024-03-04T09:00,4.6,93,6.4,26
2024-03-04T10:00,4.8,92,7.0,100
2024-03-04T11:00,5.6,92,8.9,93
2024-03-04T12:00,5.9,92,11.5,7
2024-03-04T13:00,7.6,88,8.9,18
2024-03-04T14:00,8.9,82,10.0,9
2024-03-04T15:00,9.8,79,11.9,12
2024-03-04T16:00,10.0,75,15.2,17
2024-03-04T17:00,9.3,77,16.9,31
2024-03-04T18:00,8.9,82,18.2,100
2024-03-04T19:00,8.2,86,15.7,100
2024-03-04T20:00,7.3,88,14.8,100
2024-03-04T21:00,6.9,89,14.6,100
2024-03-04T22:00,6.4,88,13.2,100
2024-03-04T23:00,5.8,87,12.3,100
2024-03-05T00:00,5.6,89,12.2,100
2024-03-05T01:00,4.5,92,14.8,100
2024-03-05T02:00,4.4,91,14.4,100
2024-03-05T03:00,4.2,89,12.4,100
2024-03-05T04:00,4.1,89,10.1,100
2024-03-05T05:00,4.2,90,9.0,100
2024-03-05T06:00,4.2,91,9.0,100
2024-03-05T07:00,4.3,92,9.4,100
2024-03-05T08:00,4.4,93,9.9,100
2024-03-05T09:00,4.5,94,9.2,100
2024-03-05T10:00,4.4,95,9.7,100
2024-03-05T11:00,4.5,95,9.7,100
2024-03-05T12:00,4.8,94,9.1,100
2024-03-05T13:00,4.4,91,12.1,100
2024-03-05T14:00,5.1,89,13.0,100
2024-03-05T15:00,5.4,89,12.5,100
2024-03-05T16:00,5.7,89,13.8,100
2024-03-05T17:00,5.5,91,13.9,100
2024-03-05T18:00,5.6,91,14.8,100
2024-03-05T19:00,5.4,94,14.0,100
2024-03-05T20:00,5.4,95,14.9,100
2024-03-05T21:00,5.4,96,11.8,100
2024-03-05T22:00,5.1,98,9.8,100
2024-03-05T23:00,5.1,99,11.6,100
2024-03-06T00:00,5.3,99,10.8,100
2024-03-06T01:00,4.8,98,11.2,100
2024-03-06T02:00,5.0,99,11.4,100
2024-03-06T03:00,5.2,99,8.7,100
2024-03-06T04:00,6.4,97,9.1,100
2024-03-06T05:00,6.1,96,9.4,100
2024-03-06T06:00,5.6,96,8.7,100
2024-03-06T07:00,5.4,96,7.2,100
2024-03-06T08:00,5.4,97,8.8,83
2024-03-06T09:00,5.2,98,10.3,1
2024-03-06T10:00,5.0,97,9.7,95
2024-03-06T11:00,4.3,98,8.4,99
2024-03-06T12:00,4.9,97,10.5,100
2024-03-06T13:00,6.8,93,10.2,100
2024-03-06T14:00,8.5,90,8.9,100
2024-03-06T15:00,10.5,86,5.9,100
2024-03-06T16:00,12.0,84,3.4,99
2024-03-06T17:00,13.7,81,4.8,100
2024-03-06T18:00,13.3,83,7.6,100
2024-03-06T19:00,11.9,85,11.0,100
2024-03-06T20:00,10.6,87,10.5,100
2024-03-06T21:00,9.6,89,8.1,100
2024-03-06T22:00,9.3,92,4.6,100
2024-03-06T23:00,8.6,95,6.3,100
2024-03-07T00:00,8.5,96,2.4,100
2024-03-07T01:00,6.8,98,12.9,100
2024-03-07T02:00,6.2,98,14.7,100
2024-03-07T03:00,5.9,99,17.8,100
2024-03-07T04:00,5.6,99,17.2,100
2024-03-07T05:00,5.6,98,18.9,100
2024-03-07T06:00,5.4,99,23.1,100
2024-03-07T07:00,5.3,99,25.6,100
2024-03-07T08:00,5.2,99,17.7,100
2024-03-07T09:00,5.1,98,20.6,100
2024-03-07T10:00,4.9,95,22.4,100
2024-03-07T11:00,5.0,94,24.5,100
2024-03-07T12:00,5.3,95,21.5,100
2024-03-07T13:00,6.6,94,20.8,100
2024-03-07T14:00,6.6,94,22.0,100
2024-03-07T15:00,6.7,91,21.9,100
2024-03-07T16:00,6.5,93,21.2,100
2024-03-07T17:00,6.4,90,23.1,100
2024-03-07T18:00,6.4,89,24.8,100
2024-03-07T19:00,6.0,87,26.2,100
2024-03-07T20:00,5.6,87,25.3,100
2024-03-07T21:00,5.5,85,24.6,100
2024-03-07T22:00,5.3,84,23.4,100
2024-03-07T23:00,5.2,81,23.9,100
2024-03-08T00:00,5.4,74,24.8,100
2024-03-08T01:00,5.4,69,23.6,100
2024-03-08T02:00,5.3,68,21.4,100
2024-03-08T03:00,4.9,68,21.3,100
2024-03-08T04:00,4.5,67,21.3,100
2024-03-08T05:00,4.0,68,19.8,100
2024-03-08T06:00,3.5,68,19.0,100
2024-03-08T07:00,3.1,66,18.8,100
2024-03-08T08:00,2.7,61,19.0,100
2024-03-08T09:00,2.1,64,18.1,0
2024-03-08T10:00,1.5,68,17.1,0
2024-03-08T11:00,1.0,71,15.5,0
2024-03-08T12:00,1.3,72,16.9,0
2024-03-08T13:00,3.2,68,17.3,0
2024-03-08T14:00,4.7,61,18.0,0
2024-03-08T15:00,6.2,56,16.9,0
2024-03-08T16:00,7.5,51,14.7,0
2024-03-08T17:00,8.4,47,14.3,2
2024-03-08T18:00,8.5,45,16.2,0
2024-03-08T19:00,8.0,45,17.1,0
2024-03-08T20:00,7.2,46,17.6,2
2024-03-08T21:00,6.1,49,16.6,6
2024-03-08T22:00,4.7,57,13.0,8
2024-03-08T23:00,2.8,66,8.3,63
2024-03-09T00:00,2.2,69,7.3,0
2024-03-09T01:00,1.7,75,6.9,0
2024-03-09T02:00,1.6,75,6.6,3
2024-03-09T03:00,0.4,80,9.5,97
2024-03-09T04:00,-0.3,81,6.2,53
2024-03-09T05:00,-0.7,80,3.3,98
2024-03-09T06:00,-2.2,86,2.3,100
2024-03-09T07:00,-2.3,88,3.2,100
2024-03-09T08:00,-1.1,86,5.3,100
2024-03-09T09:00,0.0,86,8.4,100
2024-03-09T10:00,0.8,90,7.4,100
2024-03-09T11:00,0.9,91,10.2,100
2024-03-09T12:00,1.4,90,9.6,100
2024-03-09T13:00,2.5,81,12.3,100
2024-03-09T14:00,3.0,80,13.2,100
2024-03-09T15:00,3.5,78,13.5,100
2024-03-09T16:00,4.1,75,13.0,100
2024-03-09T17:00,4.7,72,15.1,100
2024-03-09T18:00,5.5,68,18.4,100
2024-03-09T19:00,5.5,70,16.7,100
2024-03-09T20:00,5.9,70,18.3,100
2024-03-09T21:00,5.3,72,15.4,100
2024-03-09T22:00,4.6,77,13.9,100
2024-03-09T23:00,4.0,80,14.6,100
2024-03-10T00:00,3.6,84,13.8,100
2024-03-10T01:00,3.0,86,20.2,100
2024-03-10T02:00,3.1,88,21.9,100
2024-03-10T03:00,3.5,90,21.0,100
2024-03-10T04:00,3.8,94,19.5,100
2024-03-10T05:00,4.3,95,30.9,100
2024-03-10T06:00,5.1,94,30.4,100
2024-03-10T07:00,6.3,95,31.5,100
2024-03-10T08:00,7.4,95,29.9,100
2024-03-10T09:00,9.2,95,24.2,100
2024-03-10T10:00,9.9,94,30.9,100
2024-03-10T11:00,10.2,94,31.5,100
2024-03-10T12:00,10.1,97,23.6,100
2024-03-10T13:00,9.8,97,15.5,100
2024-03-10T14:00,8.6,94,16.6,100
2024-03-10T15:00,8.2,89,18.5,71
2024-03-10T16:00,10.1,72,23.3,52
2024-03-10T17:00,11.2,60,22.6,62
2024-03-10T18:00,11.9,55,23.6,40
2024-03-10T19:00,11.8,52,23.3,34
2024-03-10T20:00,10.8,54,25.3,91
2024-03-10T21:00,9.0,58,23.8,100
2024-03-10T22:00,7.9,61,19.8,100
2024-03-10T23:00,7.2,60,16.0,100
2024-03-11T00:00,6.4,62,18.4,100
2024-03-11T01:00,5.7,63,21.0,100
2024-03-11T02:00,5.1,62,22.8,100
2024-03-11T03:00,4.4,61,23.0,100
2024-03-11T04:00,3.2,64,23.1,100
2024-03-11T05:00,2.3,66,21.7,100
2024-03-11T06:00,1.7,69,20.4,100
2024-03-11T07:00,1.3,68,22.9,100
2024-03-11T08:00,0.5,66,26.4,100
2024-03-11T09:00,-0.2,62,27.9,100
2024-03-11T10:00,-0.6,60,28.1,100
2024-03-11T11:00,-0.6,58,28.0,99
2024-03-11T12:00,-0.4,58,27.3,60
2024-03-11T13:00,0.6,54,31.8,89
2024-03-11T14:00,2.0,48,38.8,69
2024-03-11T15:00,3.5,45,37.8,47
2024-03-11T16:00,4.9,43,37.5,72
2024-03-11T17:00,5.4,45,36.8,79
2024-03-11T18:00,5.8,44,40.0,100
2024-03-11T19:00,4.9,45,39.5,100
2024-03-11T20:00,4.7,46,38.8,71
2024-03-11T21:00,4.7,47,37.2,31
2024-03-11T22:00,4.3,49,29.8,30
2024-03-11T23:00,4.4,45,26.6,28
2024-03-12T00:00,4.3,40,29.5,9
2024-03-12T01:00,3.7,42,24.3,0
2024-03-12T02:00,3.3,42,22.9,0
2024-03-12T03:00,2.7,43,21.7,0
2024-03-12T04:00,2.3,44,20.1,0
2024-03-12T05:00,2.0,45,17.8,0
2024-03-12T06:00,1.8,47,17.3,4
2024-03-12T07:00,1.7,49,16.6,12
2024-03-12T08:00,1.6,49,16.0,3
2024-03-12T09:00,1.6,49,15.4,3
2024-03-12T10:00,1.3,51,12.6,5
2024-03-12T11:00,0.6,54,10.1,6
2024-03-12T12:00,1.3,57,10.5,1
2024-03-12T13:00,4.9,46,14.0,0
2024-03-12T14:00,6.1,41,19.6,0
2024-03-12T15:00,7.2,38,21.0,0
2024-03-12T16:00,8.0,34,23.4,0
2024-03-12T17:00,8.9,32,24.7,0
2024-03-12T18:00,9.9,32,24.0,0
2024-03-12T19:00,10.6,29,24.1,0
2024-03-12T20:00,10.6,30,24.8,0
2024-03-12T21:00,10.5,37,22.3,0
2024-03-12T22:00,9.6,43,15.9,0
2024-03-12T23:00,6.8,54,8.5,0
2024-03-13T00:00,4.9,62,7.9,0
2024-03-13T01:00,4.9,61,9.4,0
2024-03-13T02:00,3.9,64,9.7,0
2024-03-13T03:00,3.3,64,11.2,0
2024-03-13T04:00,2.9,63,13.0,6
2024-03-13T05:00,2.5,63,10.8,18
2024-03-13T06:00,1.4,68,8.3,0
2024-03-13T07:00,0.9,70,9.3,0
2024-03-13T08:00,0.5,69,11.1,4
2024-03-13T09:00,0.5,64,12.2,23
2024-03-13T10:00,0.0,61,8.6,85
2024-03-13T11:00,-0.7,64,8.5,23
2024-03-13T12:00,0.5,64,9.7,19
2024-03-13T13:00,3.9,57,8.2,9
2024-03-13T14:00,6.1,51,6.3,9
2024-03-13T15:00,7.8,49,2.6,0
2024-03-13T16:00,8.8,48,5.5,0
2024-03-13T17:00,9.3,48,10.0,51
2024-03-13T18:00,9.6,48,12.3,8
2024-03-13T19:00,9.2,51,14.8,17
2024-03-13T20:00,8.2,55,16.6,27
2024-03-13T21:00,7.2,61,15.1,76
2024-03-13T22:00,6.2,69,14.9,23
2024-03-13T23:00,5.4,71,13.5,51
2024-03-14T00:00,5.1,71,10.4,78
2024-03-14T01:00,4.9,66,10.5,63
2024-03-14T02:00,4.0,65,8.6,58
2024-03-14T03:00,3.2,68,7.4,34
2024-03-14T04:00,2.5,75,6.2,26
2024-03-14T05:00,2.2,78,7.0,57
2024-03-14T06:00,2.1,79,7.7,17
2024-03-14T07:00,1.9,80,6.6,29
2024-03-14T08:00,0.9,84,8.5,50
2024-03-14T09:00,0.9,85,7.4,94
2024-03-14T10:00,0.5,88,8.2,54
2024-03-14T11:00,0.1,90,8.9,92
2024-03-14T12:00,2.3,86,5.6,100
2024-03-14T13:00,5.3,78,1.5,74
2024-03-14T14:00,7.4,72,2.9,100
2024-03-14T15:00,9.0,70,4.2,99
2024-03-14T16:00,10.2,70,6.1,11
2024-03-14T17:00,11.1,70,7.6,10
2024-03-14T18:00,11.9,70,8.6,6
2024-03-14T19:00,11.9,71,11.2,11
2024-03-14T20:00,10.4,74,14.8,16
2024-03-14T21:00,7.9,77,14.3,25
2024-03-14T22:00,6.7,83,12.6,49
2024-03-14T23:00,5.7,85,10.2,68
2024-03-15T00:00,5.2,87,8.3,41
2024-03-15T01:00,5.0,88,6.6,88
2024-03-15T02:00,4.8,89,5.8,99
2024-03-15T03:00,4.7,91,8.3,100
2024-03-15T04:00,4.7,92,6.1,100
2024-03-15T05:00,5.2,90,8.1,100
2024-03-15T06:00,5.4,90,4.0,100
2024-03-15T07:00,5.5,89,11.7,100
2024-03-15T08:00,5.7,89,6.5,100
2024-03-15T09:00,5.4,91,8.4,100
2024-03-15T10:00,5.3,93,15.3,100
2024-03-15T11:00,5.2,95,15.9,100
2024-03-15T12:00,5.7,95,5.4,46
2024-03-15T13:00,7.4,90,6.1,100
2024-03-15T14:00,7.9,90,9.7,100
2024-03-15T15:00,8.7,87,14.0,100
2024-03-15T16:00,9.0,84,13.7,100
2024-03-15T17:00,9.0,80,17.3,100
2024-03-15T18:00,7.7,81,18.0,100
2024-03-15T19:00,7.2,80,16.3,100
2024-03-15T20:00,6.6,80,17.2,100
2024-03-15T21:00,6.1,80,15.8,100
2024-03-15T22:00,5.9,79,14.0,100
2024-03-15T23:00,5.4,81,10.5,100
2024-03-16T00:00,5.0,83,9.2,100
2024-03-16T01:00,5.2,85,6.3,100
2024-03-16T02:00,5.2,86,6.9,100
2024-03-16T03:00,4.4,89,5.9,98
2024-03-16T04:00,3.4,93,4.7,84
2024-03-16T05:00,3.0,94,6.5,11
2024-03-16T06:00,2.0,95,5.4,26
2024-03-16T07:00,2.1,94,6.1,25
2024-03-16T08:00,1.7,94,5.0,3
2024-03-16T09:00,0.6,96,5.6,1
2024-03-16T10:00,0.2,96,5.0,3
2024-03-16T11:00,0.1,95,7.2,0
2024-03-16T12:00,1.7,93,8.6,0
2024-03-16T13:00,5.6,86,6.6,0
2024-03-16T14:00,8.4,73,7.3,0
2024-03-16T15:00,10.4,61,7.6,25
2024-03-16T16:00,11.8,54,9.2,100
2024-03-16T17:00,12.0,52,10.7,72
2024-03-16T18:00,12.8,49,12.1,75
2024-03-16T19:00,13.4,44,12.4,79
2024-03-16T20:00,13.3,40,11.8,95
2024-03-16T21:00,12.7,47,9.7,75
2024-03-16T22:00,11.9,51,8.5,35
2024-03-16T23:00,9.1,62,10.3,11
2024-03-17T00:00,8.2,70,16.0,91
2024-03-17T01:00,7.6,74,15.7,1
2024-03-17T02:00,6.5,80,15.3,0
2024-03-17T03:00,5.6,84,14.2,1
2024-03-17T04:00,5.0,88,13.6,85
2024-03-17T05:00,4.6,93,15.4,64
2024-03-17T06:00,4.4,95,15.7,100
2024-03-17T07:00,4.8,95,16.4,100
2024-03-17T08:00,4.7,95,17.1,100
2024-03-17T09:00,5.4,92,18.1,100
2024-03-17T10:00,5.7,91,16.9,100
2024-03-17T11:00,6.1,90,24.4,100
2024-03-17T12:00,6.0,92,23.5,98
2024-03-17T13:00,8.1,88,24.4,100
2024-03-17T14:00,8.6,89,20.1,83
2024-03-17T15:00,11.1,78,20.7,77
2024-03-17T16:00,13.1,50,25.5,66
2024-03-17T17:00,13.9,42,24.1,74
2024-03-17T18:00,13.7,42,23.3,49
2024-03-17T19:00,14.3,40,23.4,33
2024-03-17T20:00,13.9,40,24.3,48
2024-03-17T21:00,12.5,45,22.0,9
2024-03-17T22:00,11.3,49,16.8,5
2024-03-17T23:00,9.1,53,14.9,1
2024-03-18T00:00,7.4,58,12.3,0
2024-03-18T01:00,6.7,52,15.0,0
2024-03-18T02:00,5.1,57,10.4,22
2024-03-18T03:00,4.0,61,11.3,42
2024-03-18T04:00,3.4,61,10.1,0
2024-03-18T05:00,2.9,62,10.4,0
2024-03-18T06:00,2.2,64,10.6,98
2024-03-18T07:00,3.2,61,12.0,100
2024-03-18T08:00,3.5,60,11.9,100
2024-03-18T09:00,3.4,62,11.3,100
2024-03-18T10:00,3.5,61,12.9,100
2024-03-18T11:00,3.5,61,13.4,100
2024-03-18T12:00,3.7,62,13.5,100
2024-03-18T13:00,5.5,52,21.7,8
2024-03-18T14:00,6.5,43,23.5,6
2024-03-18T15:00,7.4,36,24.6,56
2024-03-18T16:00,7.9,37,25.7,67
2024-03-18T17:00,8.1,36,24.0,69
2024-03-18T18:00,8.5,36,23.0,48
2024-03-18T19:00,8.8,35,21.7,81
2024-03-18T20:00,8.6,35,20.0,79
2024-03-18T21:00,8.0,35,18.6,96
2024-03-18T22:00,7.4,40,14.9,38
2024-03-18T23:00,5.4,46,12.3,4
2024-03-19T00:00,4.1,49,15.5,60
2024-03-19T01:00,3.3,51,18.6,0
2024-03-19T02:00,2.5,53,18.9,0
2024-03-19T03:00,1.8,55,16.9,0
2024-03-19T04:00,1.2,58,16.2,0
2024-03-19T05:00,0.6,62,15.2,8
2024-03-19T06:00,0.3,67,14.8,16
2024-03-19T07:00,0.2,70,14.8,85
2024-03-19T08:00,0.3,72,14.2,96
2024-03-19T09:00,0.3,72,15.1,6
2024-03-19T10:00,0.0,70,14.6,1
2024-03-19T11:00,-0.4,67,13.9,0
2024-03-19T12:00,0.7,59,18.4,1
2024-03-19T13:00,2.8,49,22.5,0
2024-03-19T14:00,4.0,46,25.3,31
2024-03-19T15:00,5.0,44,24.1,95
2024-03-19T16:00,5.2,44,22.5,90
2024-03-19T17:00,6.1,40,21.3,61
2024-03-19T18:00,6.7,37,23.0,53
2024-03-19T19:00,7.1,34,22.6,69
2024-03-19T20:00,7.1,32,22.4,82
2024-03-19T21:00,6.5,34,21.2,72
2024-03-19T22:00,5.4,38,18.2,69
2024-03-19T23:00,3.4,47,11.2,67
2024-03-20T00:00,2.3,55,6.6,100
2024-03-20T01:00,2.0,59,6.3,100
2024-03-20T02:00,1.7,60,8.5,100
2024-03-20T03:00,2.1,58,10.1,100
2024-03-20T04:00,2.1,60,9.3,100
2024-03-20T05:00,1.5,62,10.5,99
2024-03-20T06:00,1.3,60,12.5,91
2024-03-20T07:00,0.7,64,12.0,49
2024-03-20T08:00,0.1,70,13.8,95
2024-03-20T09:00,0.7,72,13.6,100
2024-03-20T10:00,1.2,76,12.5,100
2024-03-20T11:00,1.6,79,9.0,100
2024-03-20T12:00,2.3,77,5.0,71
2024-03-20T13:00,4.7,78,9.3,61
2024-03-20T14:00,6.7,73,9.8,24
2024-03-20T15:00,8.7,60,19.6,48
2024-03-20T16:00,9.9,48,22.8,47
2024-03-20T17:00,10.7,44,26.8,89
2024-03-20T18:00,10.9,42,23.7,96
2024-03-20T19:00,11.2,40,19.4,100
2024-03-20T20:00,8.6,54,20.5,100
2024-03-20T21:00,8.0,60,16.5,100
2024-03-20T22:00,6.6,73,11.1,100
2024-03-20T23:00,5.8,83,11.9,100
2024-03-21T00:00,5.1,87,13.1,97
2024-03-21T01:00,3.5,87,28.1,96
2024-03-21T02:00,1.3,79,24.1,13
2024-03-21T03:00,0.2,69,21.0,1
2024-03-21T04:00,-0.4,57,22.8,0
2024-03-21T05:00,-1.2,52,23.0,0
2024-03-21T06:00,-1.8,52,23.8,0
2024-03-21T07:00,-2.3,52,21.3,1
2024-03-21T08:00,-2.8,54,22.0,0
2024-03-21T09:00,-3.2,57,22.0,2
2024-03-21T10:00,-3.5,58,21.0,0
2024-03-21T11:00,-3.7,59,21.6,3
2024-03-21T12:00,-3.0,51,27.0,1
2024-03-21T13:00,-2.0,43,33.2,34
2024-03-21T14:00,-0.4,38,33.7,16
2024-03-21T15:00,0.9,36,33.8,41
2024-03-21T16:00,1.9,34,35.7,10
2024-03-21T17:00,2.6,33,34.0,53
2024-03-21T18:00,4.1,30,33.8,0
2024-03-21T19:00,4.0,31,32.7,0
2024-03-21T20:00,3.9,32,32.3,21
2024-03-21T21:00,3.1,33,31.0,4
2024-03-21T22:00,1.9,34,30.5,8
2024-03-21T23:00,0.7,36,26.1,0
2024-03-22T00:00,-0.1,35,25.3,0
2024-03-22T01:00,-1.0,40,26.0,0
2024-03-22T02:00,-1.9,42,25.8,0
2024-03-22T03:00,-2.7,43,22.6,0
2024-03-22T04:00,-3.2,45,19.3,0
2024-03-22T05:00,-3.5,47,18.2,0
2024-03-22T06:00,-3.7,50,17.4,0
2024-03-22T07:00,-3.9,52,15.4,0
2024-03-22T08:00,-4.1,52,14.6,0
2024-03-22T09:00,-4.4,50,14.0,0
2024-03-22T10:00,-4.9,49,11.0,0
2024-03-22T11:00,-5.2,48,11.0,0
2024-03-22T12:00,-4.2,38,14.2,0
2024-03-22T13:00,-2.5,36,15.7,0
2024-03-22T14:00,-1.4,35,14.9,0
2024-03-22T15:00,0.2,34,13.3,7
2024-03-22T16:00,2.0,31,14.4,19
2024-03-22T17:00,3.6,29,13.4,100
2024-03-22T18:00,4.5,27,12.7,100
2024-03-22T19:00,5.1,26,11.2,100
2024-03-22T20:00,5.1,26,11.4,98
2024-03-22T21:00,4.8,28,11.7,100
2024-03-22T22:00,4.1,31,9.7,100
2024-03-22T23:00,3.0,41,6.1,100
2024-03-23T00:00,2.5,57,4.5,100
2024-03-23T01:00,2.2,49,1.8,100
2024-03-23T02:00,2.3,47,1.5,100
2024-03-23T03:00,2.2,48,1.5,100
2024-03-23T04:00,1.6,56,3.1,100
2024-03-23T05:00,1.3,61,4.1,100
2024-03-23T06:00,1.2,67,4.8,100
2024-03-23T07:00,1.3,73,5.8,100
2024-03-23T08:00,1.4,75,7.0,100
2024-03-23T09:00,1.3,79,10.0,100
2024-03-23T10:00,1.6,80,13.0,100
2024-03-23T11:00,1.9,87,13.1,100
2024-03-23T12:00,2.7,88,14.9,100
2024-03-23T13:00,3.4,89,16.6,100
2024-03-23T14:00,4.1,92,16.4,100
2024-03-23T15:00,4.9,93,12.8,100
2024-03-23T16:00,5.6,94,9.3,100
2024-03-23T17:00,6.5,96,8.4,100
2024-03-23T18:00,7.7,96,8.7,100
2024-03-23T19:00,8.8,94,7.5,100
2024-03-23T20:00,8.1,95,5.9,100
2024-03-23T21:00,7.4,97,11.9,100
2024-03-23T22:00,7.0,97,14.8,100
2024-03-23T23:00,7.8,95,10.9,100
2024-03-24T00:00,6.9,95,17.8,100
2024-03-24T01:00,1.0,96,29.6,100
2024-03-24T02:00,1.2,94,26.0,100
2024-03-24T03:00,0.8,91,27.4,100
2024-03-24T04:00,-0.1,87,32.4,100
2024-03-24T05:00,-1.1,81,30.2,100
2024-03-24T06:00,-2.0,74,30.1,100
2024-03-24T07:00,-2.9,69,29.8,100
2024-03-24T08:00,-3.3,68,28.4,100
2024-03-24T09:00,-3.7,66,25.7,100
2024-03-24T10:00,-3.9,65,23.7,100
2024-03-24T11:00,-3.9,62,22.8,100
2024-03-24T12:00,-3.3,59,20.8,100
2024-03-24T13:00,-2.0,52,23.9,100
2024-03-24T14:00,-0.2,45,22.6,100
2024-03-24T15:00,1.6,39,21.5,100
2024-03-24T16:00,3.3,34,20.6,100
2024-03-24T17:00,4.7,32,19.5,100
2024-03-24T18:00,5.7,31,16.3,100
2024-03-24T19:00,6.0,30,16.7,100
2024-03-24T20:00,6.0,31,14.0,100
2024-03-24T21:00,5.8,31,14.0,100
2024-03-24T22:00,4.8,38,10.8,100
2024-03-24T23:00,2.6,50,7.6,100
2024-03-25T00:00,1.2,55,7.7,100
2024-03-25T01:00,0.5,60,7.6,100
2024-03-25T02:00,-0.3,64,8.0,100
2024-03-25T03:00,-0.9,67,8.8,100
2024-03-25T04:00,-1.3,64,10.2,100
2024-03-25T05:00,-1.2,59,14.1,100
2024-03-25T06:00,-1.1,62,15.0,100
2024-03-25T07:00,-0.8,65,14.7,100
2024-03-25T08:00,-0.9,66,15.6,100
2024-03-25T09:00,-1.2,66,17.0,100
2024-03-25T10:00,-1.1,68,17.4,100
2024-03-25T11:00,-0.7,70,16.7,100
2024-03-25T12:00,0.7,72,15.4,100
2024-03-25T13:00,2.2,68,20.4,100
2024-03-25T14:00,3.5,58,28.9,100
2024-03-25T15:00,4.0,59,28.3,100
2024-03-25T16:00,4.5,57,28.1,100
2024-03-25T17:00,4.6,56,27.8,100
2024-03-25T18:00,4.5,58,27.4,100
2024-03-25T19:00,4.7,56,26.0,100
2024-03-25T20:00,4.4,57,24.7,100
2024-03-25T21:00,3.7,59,24.4,100
2024-03-25T22:00,2.8,67,25.2,100
2024-03-25T23:00,1.9,71,21.3,100
2024-03-26T00:00,1.4,73,21.3,100
2024-03-26T01:00,1.2,72,19.5,100
2024-03-26T02:00,1.2,68,19.2,100
2024-03-26T03:00,1.3,66,18.7,100
2024-03-26T04:00,1.3,66,17.6,100
2024-03-26T05:00,1.6,67,16.7,87
2024-03-26T06:00,1.4,70,17.6,68
2024-03-26T07:00,1.2,74,17.4,33
2024-03-26T08:00,1.0,72,19.1,95
2024-03-26T09:00,1.3,71,19.8,100
2024-03-26T10:00,1.7,68,20.6,100
2024-03-26T11:00,1.7,67,20.6,100
2024-03-26T12:00,2.3,67,21.9,100
2024-03-26T13:00,1.6,66,18.6,100
2024-03-26T14:00,2.5,65,20.0,100
2024-03-26T15:00,3.2,65,20.4,100
2024-03-26T16:00,4.3,66,22.6,100
2024-03-26T17:00,4.3,70,23.0,100
2024-03-26T18:00,4.2,74,22.0,100
2024-03-26T19:00,4.3,77,24.2,100
2024-03-26T20:00,4.2,81,20.9,100
2024-03-26T21:00,3.8,85,18.1,100
2024-03-26T22:00,3.6,88,17.3,100
2024-03-26T23:00,3.5,89,18.9,100
2024-03-27T00:00,3.7,91,19.8,100
2024-03-27T01:00,2.9,90,16.1,100
2024-03-27T02:00,3.3,91,16.6,100
2024-03-27T03:00,3.6,92,13.0,100
2024-03-27T04:00,3.7,93,11.6,100
2024-03-27T05:00,3.8,94,12.3,100
2024-03-27T06:00,3.9,95,11.4,100
2024-03-27T07:00,4.0,95,9.4,100
2024-03-27T08:00,3.9,96,9.4,100
2024-03-27T09:00,3.8,96,9.3,100
2024-03-27T10:00,3.5,96,10.5,100
2024-03-27T11:00,3.3,94,10.5,100
2024-03-27T12:00,3.6,93,9.9,100
2024-03-27T13:00,4.0,90,8.0,100
2024-03-27T14:00,5.0,89,7.7,100
2024-03-27T15:00,6.2,87,6.7,100
2024-03-27T16:00,7.7,85,5.4,100
2024-03-27T17:00,9.1,83,3.7,100
2024-03-27T18:00,9.9,82,3.1,100
2024-03-27T19:00,11.1,81,3.7,100
2024-03-27T20:00,9.8,84,10.4,100
2024-03-27T21:00,8.5,87,10.4,100
2024-03-27T22:00,7.5,89,9.5,100
2024-03-27T23:00,7.1,89,9.0,100
2024-03-28T00:00,7.0,90,3.8,97
2024-03-28T01:00,6.1,94,2.6,100
2024-03-28T02:00,6.0,96,6.3,100
2024-03-28T03:00,5.9,97,3.1,100
2024-03-28T04:00,5.8,98,5.5,100
2024-03-28T05:00,5.7,97,5.1,96
2024-03-28T06:00,5.6,97,1.1,100
2024-03-28T07:00,5.7,97,1.5,100
2024-03-28T08:00,5.8,97,1.0,100
2024-03-28T09:00,5.9,98,2.5,100
2024-03-28T10:00,6.0,98,4.0,100
2024-03-28T11:00,6.0,98,7.4,100
2024-03-28T12:00,6.4,97,1.1,100
2024-03-28T13:00,7.9,97,2.7,100
2024-03-28T14:00,8.4,97,3.0,100
2024-03-28T15:00,9.0,97,5.6,100
2024-03-28T16:00,9.6,95,4.4,100
2024-03-28T17:00,9.7,95,4.0,100
2024-03-28T18:00,9.9,96,9.7,100
2024-03-28T19:00,10.5,96,9.4,100
2024-03-28T20:00,10.2,97,6.3,100
2024-03-28T21:00,9.7,98,9.8,100
2024-03-28T22:00,9.7,96,16.1,100
2024-03-28T23:00,8.9,96,15.5,100
2024-03-29T00:00,8.4,95,13.3,100
2024-03-29T01:00,8.1,96,15.9,100
2024-03-29T02:00,8.1,96,15.5,100
2024-03-29T03:00,7.7,96,13.7,100
2024-03-29T04:00,7.0,96,17.7,100
2024-03-29T05:00,6.3,95,21.3,100
2024-03-29T06:00,5.7,94,22.1,100
2024-03-29T07:00,5.1,94,22.4,100
2024-03-29T08:00,4.4,92,25.4,100
2024-03-29T09:00,3.5,92,26.4,100
2024-03-29T10:00,3.1,92,23.7,100
2024-03-29T11:00,2.8,93,20.4,100
2024-03-29T12:00,2.5,95,20.8,100
2024-03-29T13:00,3.0,95,21.5,100
2024-03-29T14:00,2.9,94,21.2,100
2024-03-29T15:00,3.5,93,21.7,100
2024-03-29T16:00,4.3,86,23.6,100
2024-03-29T17:00,6.8,68,23.2,100
2024-03-29T18:00,8.9,47,29.1,100
2024-03-29T19:00,9.7,41,29.8,100
2024-03-29T20:00,9.4,39,30.9,100
2024-03-29T21:00,9.2,40,28.8,100
2024-03-29T22:00,8.6,40,27.4,100
2024-03-29T23:00,7.6,40,22.8,100
2024-03-30T00:00,6.9,42,24.0,100
2024-03-30T01:00,6.7,44,25.3,98
2024-03-30T02:00,5.2,48,25.8,89
2024-03-30T03:00,4.0,51,26.5,86
2024-03-30T04:00,3.4,53,27.9,12
2024-03-30T05:00,3.1,54,26.3,36
2024-03-30T06:00,3.0,56,23.6,47
2024-03-30T07:00,2.9,57,21.6,9
2024-03-30T08:00,2.6,59,20.5,4
2024-03-30T09:00,1.8,61,18.1,4
2024-03-30T10:00,1.1,61,18.6,32
2024-03-30T11:00,0.8,61,18.6,34
2024-03-30T12:00,1.9,58,19.6,39
2024-03-30T13:00,4.5,48,27.2,3
2024-03-30T14:00,5.9,47,26.4,1
2024-03-30T15:00,7.3,46,26.5,1
2024-03-30T16:00,8.6,44,25.7,0
2024-03-30T17:00,10.0,41,25.0,0
2024-03-30T18:00,11.0,40,23.3,0
2024-03-30T19:00,11.8,38,20.1,0
2024-03-30T20:00,12.3,36,18.5,0
2024-03-30T21:00,12.2,37,17.7,0
2024-03-30T22:00,11.4,43,14.8,0
2024-03-30T23:00,8.8,53,9.9,72
2024-03-31T00:00,6.7,60,10.9,88
2024-03-31T01:00,7.5,56,13.1,100
2024-03-31T02:00,7.1,56,14.5,100
2024-03-31T03:00,6.3,57,13.0,98
2024-03-31T04:00,5.1,60,11.0,100
2024-03-31T05:00,4.2,65,9.4,100
2024-03-31T06:00,3.9,61,9.3,100
2024-03-31T07:00,3.5,59,7.9,100
2024-03-31T08:00,3.3,62,5.9,100
2024-03-31T09:00,3.0,64,6.4,100
2024-03-31T10:00,2.8,68,5.6,43
2024-03-31T11:00,2.2,71,7.2,96
2024-03-31T12:00,4.3,68,7.6,100
2024-03-31T13:00,7.7,47,10.0,6
2024-03-31T14:00,9.0,45,10.9,12
2024-03-31T15:00,10.6,46,14.7,92
2024-03-31T16:00,11.4,45,23.1,65
2024-03-31T17:00,12.2,43,24.5,100
2024-03-31T18:00,13.0,40,23.6,100
2024-03-31T19:00,13.6,35,22.4,48
2024-03-31T20:00,13.9,34,19.8,22
2024-03-31T21:00,13.5,36,18.1,4
2024-03-31T22:00,12.3,44,11.7,0
2024-03-31T23:00,8.9,62,8.4,0
2024-04-01T00:00,7.0,67,6.6,0
2024-04-01T01:00,5.8,69,10.4,0
2024-04-01T02:00,5.5,65,11.2,0
2024-04-01T03:00,4.7,65,9.0,0
2024-04-01T04:00,3.9,68,8.9,15
2024-04-01T05:00,3.2,72,8.6,25
2024-04-01T06:00,2.5,75,7.7,96
2024-04-01T07:00,1.3,83,8.9,100
2024-04-01T08:00,0.9,85,7.2,100
2024-04-01T09:00,0.3,87,8.0,100
2024-04-01T10:00,0.8,86,3.6,100
2024-04-01T11:00,1.3,85,1.5,100
2024-04-01T12:00,3.3,82,0.7,100
2024-04-01T13:00,5.7,73,2.5,100
2024-04-01T14:00,8.0,66,2.6,100
2024-04-01T15:00,8.8,65,5.6,100
2024-04-01T16:00,10.0,65,5.4,100
2024-04-01T17:00,11.3,63,5.2,100
2024-04-01T18:00,11.8,66,8.3,94
2024-04-01T19:00,12.3,71,11.1,6
2024-04-01T20:00,11.8,74,14.5,46
2024-04-01T21:00,9.6,78,16.0,99
2024-04-01T22:00,8.8,83,11.9,94
2024-04-01T23:00,8.3,86,10.1,66
2024-04-02T00:00,6.9,90,7.9,100
2024-04-02T01:00,6.4,89,5.4,100
2024-04-02T02:00,5.0,92,9.4,37
2024-04-02T03:00,4.7,88,7.5,42
2024-04-02T04:00,5.0,87,7.6,41
2024-04-02T05:00,4.2,91,10.7,27
2024-04-02T06:00,3.1,96,10.1,87
2024-04-02T07:00,2.4,97,8.9,100
2024-04-02T08:00,2.0,96,9.4,99
2024-04-02T09:00,1.8,95,9.7,100
2024-04-02T10:00,1.9,92,10.4,100
2024-04-02T11:00,2.4,86,12.1,100
2024-04-02T12:00,3.5,81,11.3,100
2024-04-02T13:00,5.2,75,12.1,100
2024-04-02T14:00,7.0,71,12.2,100
2024-04-02T15:00,8.2,67,13.8,100
2024-04-02T16:00,8.4,67,15.6,100
2024-04-02T17:00,8.8,69,18.0,100
2024-04-02T18:00,8.1,72,19.1,100
2024-04-02T19:00,7.2,76,20.4,100
2024-04-02T20:00,6.3,82,18.3,100
2024-04-02T21:00,6.0,84,16.5,100
2024-04-02T22:00,5.3,88,15.9,100
2024-04-02T23:00,5.0,90,14.5,100
2024-04-03T00:00,4.9,91,13.7,100
2024-04-03T01:00,4.7,95,12.7,100
2024-04-03T02:00,4.6,93,13.7,100
2024-04-03T03:00,4.3,87,14.8,100
2024-04-03T04:00,4.0,83,13.1,100
2024-04-03T05:00,3.9,83,8.6,100
2024-04-03T06:00,4.0,83,5.4,100
2024-04-03T07:00,4.0,82,7.8,100
2024-04-03T08:00,4.1,81,14.4,99
2024-04-03T09:00,3.7,81,14.0,100
2024-04-03T10:00,4.0,79,17.9,100
2024-04-03T11:00,4.5,80,20.9,100
2024-04-03T12:00,4.9,76,23.7,100
2024-04-03T13:00,5.3,77,17.5,100
2024-04-03T14:00,5.1,78,22.3,100
2024-04-03T15:00,5.4,79,23.6,100
2024-04-03T16:00,5.0,84,24.6,100
2024-04-03T17:00,4.7,86,31.8,100
2024-04-03T18:00,4.9,84,36.4,100
2024-04-03T19:00,4.2,89,37.2,100
2024-04-03T20:00,4.0,92,34.6,100
2024-04-03T21:00,3.6,92,36.7,100
2024-04-03T22:00,3.5,92,34.3,100
2024-04-03T23:00,3.3,91,38.0,100
2024-04-04T00:00,3.1,93,37.0,100
2024-04-04T01:00,3.1,87,39.7,100
2024-04-04T02:00,3.4,89,39.4,100
2024-04-04T03:00,3.4,92,38.3,100
2024-04-04T04:00,2.9,92,42.3,100
2024-04-04T05:00,2.9,91,43.3,100
2024-04-04T06:00,2.8,92,44.6,100
2024-04-04T07:00,2.8,92,41.6,100
2024-04-04T08:00,2.7,91,45.7,100
2024-04-04T09:00,2.5,91,46.7,100
2024-04-04T10:00,2.3,89,51.2,100
2024-04-04T11:00,2.7,87,51.4,100
2024-04-04T12:00,2.8,88,50.8,100
2024-04-04T13:00,2.7,87,47.8,100
2024-04-04T14:00,2.4,93,44.8,100
2024-04-04T15:00,2.2,96,40.1,100
2024-04-04T16:00,2.3,99,40.8,100
2024-04-04T17:00,2.2,99,35.0,100
2024-04-04T18:00,2.6,97,31.4,100
2024-04-04T19:00,2.8,95,32.4,100
2024-04-04T20:00,2.6,95,30.6,100
2024-04-04T21:00,2.1,93,29.8,100
2024-04-04T22:00,1.8,88,25.7,100
2024-04-04T23:00,1.5,87,24.0,100
2024-04-05T00:00,1.3,86,23.0,100
2024-04-05T01:00,1.4,90,23.4,100
2024-04-05T02:00,1.1,88,22.9,100
2024-04-05T03:00,1.0,87,21.4,100
2024-04-05T04:00,1.1,86,19.2,100
2024-04-05T05:00,1.2,85,17.8,100
2024-04-05T06:00,1.4,84,17.5,100
2024-04-05T07:00,1.2,83,16.8,100
2024-04-05T08:00,1.0,83,16.3,100
2024-04-05T09:00,0.9,84,16.9,100
2024-04-05T10:00,0.5,85,17.3,100
2024-04-05T11:00,0.7,84,17.7,88
2024-04-05T12:00,1.9,78,19.2,100
2024-04-05T13:00,4.0,72,21.3,96
2024-04-05T14:00,5.6,62,23.7,100
2024-04-05T15:00,6.6,57,22.7,100
2024-04-05T16:00,7.1,55,22.5,100
2024-04-05T17:00,7.3,55,21.7,100
2024-04-05T18:00,7.3,54,20.9,100
2024-04-05T19:00,6.7,57,20.5,100
2024-04-05T20:00,6.1,60,18.3,100
2024-04-05T21:00,6.2,61,20.0,98
2024-04-05T22:00,6.4,62,18.6,100
2024-04-05T23:00,5.6,65,17.8,100
2024-04-06T00:00,4.4,70,15.6,74
2024-04-06T01:00,4.4,74,15.1,100
2024-04-06T02:00,4.1,77,14.8,100
2024-04-06T03:00,3.8,80,15.0,100
2024-04-06T04:00,3.5,81,15.0,100
2024-04-06T05:00,3.3,82,14.6,100
2024-04-06T06:00,3.0,83,14.5,100
2024-04-06T07:00,2.8,83,14.3,100
2024-04-06T08:00,2.6,83,14.3,98
2024-04-06T09:00,2.2,84,15.4,100
2024-04-06T10:00,2.1,83,14.1,100
2024-04-06T11:00,1.9,82,15.8,100
2024-04-06T12:00,2.7,77,17.1,100
2024-04-06T13:00,4.2,68,20.5,100
2024-04-06T14:00,5.1,65,22.6,100
2024-04-06T15:00,5.2,65,21.4,100
2024-04-06T16:00,4.6,74,20.1,100
2024-04-06T17:00,4.7,74,17.9,100
2024-04-06T18:00,5.2,77,14.8,100
2024-04-06T19:00,6.3,75,20.5,100
2024-04-06T20:00,5.5,80,17.3,100
2024-04-06T21:00,4.9,81,18.8,100
2024-04-06T22:00,4.7,82,15.9,100
2024-04-06T23:00,4.1,85,17.4,100
2024-04-07T00:00,3.5,88,15.5,100
2024-04-07T01:00,3.4,88,19.9,100
2024-04-07T02:00,2.9,87,18.8,100
2024-04-07T03:00,2.8,86,19.8,100
2024-04-07T04:00,2.4,86,19.1,100
2024-04-07T05:00,2.5,85,18.4,100
2024-04-07T06:00,2.5,83,18.0,100
2024-04-07T07:00,2.3,82,17.0,100
2024-04-07T08:00,2.3,80,17.3,100
2024-04-07T09:00,2.1,79,16.3,100
2024-04-07T10:00,1.8,78,16.0,100
2024-04-07T11:00,1.6,77,16.7,99
2024-04-07T12:00,1.8,74,18.1,100
2024-04-07T13:00,4.1,64,18.0,91
2024-04-07T14:00,5.6,60,20.5,100
2024-04-07T15:00,6.6,56,18.8,100
2024-04-07T16:00,7.2,55,17.5,100
2024-04-07T17:00,7.6,53,16.6,100
2024-04-07T18:00,8.2,52,18.1,100
2024-04-07T19:00,8.5,53,19.8,100
2024-04-07T20:00,8.7,51,20.2,100
2024-04-07T21:00,9.0,49,16.1,89
2024-04-07T22:00,8.8,54,7.6,64
2024-04-07T23:00,5.7,71,12.4,59
2024-04-08T00:00,3.7,80,5.1,11
2024-04-08T01:00,3.3,84,5.8,0
2024-04-08T02:00,2.3,87,5.6,0
2024-04-08T03:00,1.8,87,8.0,0
2024-04-08T04:00,1.5,84,10.7,0
2024-04-08T05:00,1.4,80,12.3,0
2024-04-08T06:00,1.3,78,12.1,0
2024-04-08T07:00,1.1,78,13.0,0
2024-04-08T08:00,1.0,77,11.7,0
2024-04-08T09:00,0.5,79,10.5,0
2024-04-08T10:00,0.1,81,10.0,0
2024-04-08T11:00,0.7,80,10.7,0
2024-04-08T12:00,3.7,76,10.1,0
2024-04-08T13:00,8.4,64,8.9,0
2024-04-08T14:00,12.1,55,8.5,0
2024-04-08T15:00,14.4,42,9.6,0
2024-04-08T16:00,15.8,37,10.7,0
2024-04-08T17:00,17.1,33,12.2,20
2024-04-08T18:00,18.1,30,12.5,100
2024-04-08T19:00,18.5,29,12.7,100
2024-04-08T20:00,18.4,29,12.6,100
2024-04-08T21:00,17.7,35,10.2,36
2024-04-08T22:00,16.5,50,4.9,100
2024-04-08T23:00,12.7,64,9.8,100
2024-04-09T00:00,11.5,63,9.4,100
2024-04-09T01:00,10.8,56,11.6,100
2024-04-09T02:00,9.6,58,10.9,100
2024-04-09T03:00,9.0,57,11.9,100
2024-04-09T04:00,8.5,58,10.5,100
2024-04-09T05:00,7.5,63,8.2,93
2024-04-09T06:00,6.6,66,8.5,15
2024-04-09T07:00,5.9,68,9.3,1
2024-04-09T08:00,5.1,71,9.1,0
2024-04-09T09:00,4.4,73,8.3,0
2024-04-09T10:00,3.5,76,7.0,1
2024-04-09T11:00,4.4,73,8.4,0
2024-04-09T12:00,7.7,68,8.4,1
2024-04-09T13:00,12.5,58,10.1,0
2024-04-09T14:00,14.8,48,9.7,0
2024-04-09T15:00,16.1,43,9.5,0
2024-04-09T16:00,15.8,47,12.3,0
2024-04-09T17:00,14.7,50,16.8,24
2024-04-09T18:00,12.3,53,19.8,29
2024-04-09T19:00,10.8,58,18.0,78
2024-04-09T20:00,9.6,64,18.0,50
2024-04-09T21:00,8.5,73,14.8,38
2024-04-09T22:00,8.0,76,14.0,9
2024-04-09T23:00,6.8,81,10.1,5
2024-04-10T00:00,5.8,82,9.5,0
2024-04-10T01:00,5.6,83,11.7,8
2024-04-10T02:00,5.1,84,9.4,95
2024-04-10T03:00,4.7,84,7.4,38
2024-04-10T04:00,4.3,86,7.3,49
2024-04-10T05:00,3.8,89,5.9,1
2024-04-10T06:00,3.3,90,5.4,1
2024-04-10T07:00,3.3,90,6.4,1
2024-04-10T08:00,3.1,91,7.1,6
2024-04-10T09:00,2.2,93,9.0,2
2024-04-10T10:00,3.7,86,6.0,15
2024-04-10T11:00,3.7,89,6.0,18
2024-04-10T12:00,6.0,82,6.4,8
2024-04-10T13:00,8.0,71,3.6,91
2024-04-10T14:00,10.4,64,6.3,99
2024-04-10T15:00,12.6,59,8.4,93
2024-04-10T16:00,13.9,60,11.4,100
2024-04-10T17:00,14.5,63,11.5,100
2024-04-10T18:00,15.9,61,8.1,100
2024-04-10T19:00,16.4,56,9.7,100
2024-04-10T20:00,15.6,60,10.5,100
2024-04-10T21:00,15.6,58,12.2,100
2024-04-10T22:00,14.2,67,10.7,100
2024-04-10T23:00,12.3,75,9.9,100
2024-04-11T00:00,11.3,79,9.7,100
2024-04-11T01:00,9.3,89,12.3,100
2024-04-11T02:00,9.0,90,10.8,100
2024-04-11T03:00,8.6,92,11.6,100
2024-04-11T04:00,8.2,93,11.7,100
2024-04-11T05:00,7.9,94,10.6,100
2024-04-11T06:00,7.9,95,9.2,100
2024-04-11T07:00,7.9,95,8.5,100
2024-04-11T08:00,7.8,95,7.9,100
2024-04-11T09:00,7.6,96,7.0,100
2024-04-11T10:00,7.4,97,8.4,100
2024-04-11T11:00,7.6,96,9.1,100
2024-04-11T12:00,8.3,94,7.9,100
2024-04-11T13:00,8.3,91,7.6,100
2024-04-11T14:00,8.5,91,7.9,100
2024-04-11T15:00,9.1,90,8.8,100
2024-04-11T16:00,8.8,93,7.3,100
2024-04-11T17:00,8.7,98,9.3,100
2024-04-11T18:00,8.6,97,8.9,100
2024-04-11T19:00,8.3,98,10.6,100
2024-04-11T20:00,9.7,95,10.1,100
2024-04-11T21:00,10.5,92,9.0,100
2024-04-11T22:00,11.3,95,9.1,100
2024-04-11T23:00,12.1,98,10.0,100
2024-04-12T00:00,13.0,97,14.3,100
2024-04-12T01:00,10.7,99,12.6,100
2024-04-12T02:00,12.6,98,14.3,100
2024-04-12T03:00,13.1,98,15.4,100
2024-04-12T04:00,13.0,98,17.5,100
2024-04-12T05:00,13.0,96,17.8,100
2024-04-12T06:00,13.2,94,17.0,96
2024-04-12T07:00,13.5,93,19.9,100
2024-04-12T08:00,13.8,95,23.7,100
2024-04-12T09:00,14.1,95,27.9,100
2024-04-12T10:00,13.8,96,28.1,100
2024-04-12T11:00,14.5,94,32.8,100
2024-04-12T12:00,14.9,93,32.0,100
2024-04-12T13:00,15.4,95,31.3,100
2024-04-12T14:00,15.3,94,34.9,100
2024-04-12T15:00,16.0,92,32.6,100
2024-04-12T16:00,16.3,89,28.0,100
2024-04-12T17:00,17.9,81,28.1,100
2024-04-12T18:00,18.5,78,27.8,100
2024-04-12T19:00,17.9,79,32.0,100
2024-04-12T20:00,17.7,76,32.4,100
2024-04-12T21:00,15.7,80,33.5,83
2024-04-12T22:00,14.4,81,26.6,5
2024-04-12T23:00,13.9,78,25.6,8
2024-04-13T00:00,13.8,75,23.6,3
2024-04-13T01:00,12.9,73,21.9,0
2024-04-13T02:00,12.2,70,21.6,0
2024-04-13T03:00,11.3,73,20.8,0
2024-04-13T04:00,10.7,73,18.4,0
2024-04-13T05:00,10.1,75,17.6,1
2024-04-13T06:00,9.6,75,16.0,0
2024-04-13T07:00,9.3,76,16.6,3
2024-04-13T08:00,8.7,80,18.0,0
2024-04-13T09:00,8.5,81,17.7,0
2024-04-13T10:00,8.3,80,17.1,7
2024-04-13T11:00,8.9,79,16.8,14
2024-04-13T12:00,10.7,75,17.7,100
2024-04-13T13:00,12.6,64,16.8,16
2024-04-13T14:00,13.0,60,19.6,78
2024-04-13T15:00,13.1,54,20.3,88
2024-04-13T16:00,13.1,48,24.3,62
2024-04-13T17:00,13.2,46,26.3,21
2024-04-13T18:00,13.2,46,27.2,79
2024-04-13T19:00,12.1,46,28.9,83
2024-04-13T20:00,11.4,47,28.6,100
2024-04-13T21:00,10.4,50,28.2,100
2024-04-13T22:00,10.1,51,26.6,100
2024-04-13T23:00,9.0,54,23.8,76
2024-04-14T00:00,7.8,59,22.4,52
2024-04-14T01:00,8.4,61,22.3,89
2024-04-14T02:00,7.8,68,20.7,100
2024-04-14T03:00,7.6,70,20.6,98
2024-04-14T04:00,7.3,74,21.3,100
2024-04-14T05:00,7.0,78,19.1,100
2024-04-14T06:00,7.2,77,18.1,100
2024-04-14T07:00,7.3,74,17.2,100
2024-04-14T08:00,7.1,72,16.2,32
2024-04-14T09:00,6.3,74,14.6,6
2024-04-14T10:00,5.8,75,13.7,0
2024-04-14T11:00,6.0,74,13.8,4
2024-04-14T12:00,7.8,69,13.3,1
2024-04-14T13:00,10.2,56,18.8,21
2024-04-14T14:00,11.6,51,17.9,91
2024-04-14T15:00,13.1,47,19.7,100
2024-04-14T16:00,14.3,44,18.5,100
2024-04-14T17:00,15.3,40,22.1,100
2024-04-14T18:00,12.8,51,23.8,100
2024-04-14T19:00,12.9,54,20.6,100
2024-04-14T20:00,13.8,54,14.8,100
2024-04-14T21:00,14.3,55,9.3,99
2024-04-14T22:00,13.3,65,11.9,100
2024-04-14T23:00,12.5,70,14.2,99
2024-04-15T00:00,11.3,69,14.7,86
2024-04-15T01:00,9.2,83,8.4,100
2024-04-15T02:00,9.1,82,10.1,100
2024-04-15T03:00,8.9,83,8.0,100
2024-04-15T04:00,8.8,84,4.7,91
2024-04-15T05:00,7.8,87,6.2,100
2024-04-15T06:00,7.4,90,5.8,100
2024-04-15T07:00,6.7,92,4.7,87
2024-04-15T08:00,6.1,94,6.6,0
2024-04-15T09:00,5.6,95,6.5,0
2024-04-15T10:00,5.0,96,6.0,0
2024-04-15T11:00,5.9,95,7.8,3
2024-04-15T12:00,8.9,88,5.6,28
2024-04-15T13:00,11.9,84,9.8,45
2024-04-15T14:00,14.2,75,5.0,45
2024-04-15T15:00,16.1,64,5.1,46
2024-04-15T16:00,18.3,56,13.1,60
2024-04-15T17:00,20.2,46,18.2,32
2024-04-15T18:00,21.4,38,24.9,17
2024-04-15T19:00,21.4,36,23.6,11
2024-04-15T20:00,20.7,37,26.4,19
2024-04-15T21:00,19.4,42,21.1,5
2024-04-15T22:00,17.9,45,17.7,1
2024-04-15T23:00,15.3,45,18.1,8
2024-04-16T00:00,13.4,49,15.2,2
2024-04-16T01:00,11.6,68,7.6,4
2024-04-16T02:00,10.6,73,7.1,22
2024-04-16T03:00,9.8,74,7.9,56
2024-04-16T04:00,10.5,65,5.9,33
2024-04-16T05:00,8.3,78,6.2,9
2024-04-16T06:00,7.0,82,7.2,0
2024-04-16T07:00,6.2,85,7.4,0
2024-04-16T08:00,5.7,85,8.3,0
2024-04-16T09:00,5.5,85,9.4,0
2024-04-16T10:00,5.3,86,10.1,0
2024-04-16T11:00,6.2,82,11.6,0
2024-04-16T12:00,8.7,74,10.3,0
2024-04-16T13:00,12.4,58,13.6,0
2024-04-16T14:00,14.4,49,12.5,0
2024-04-16T15:00,15.8,43,11.6,0
2024-04-16T16:00,16.9,39,15.9,2
2024-04-16T17:00,17.9,34,19.2,55
2024-04-16T18:00,17.8,34,21.3,72
2024-04-16T19:00,18.0,31,21.1,95
2024-04-16T20:00,18.3,30,20.4,94
2024-04-16T21:00,17.8,34,21.6,39
2024-04-16T22:00,16.4,41,15.3,3
2024-04-16T23:00,13.5,62,7.5,0
2024-04-17T00:00,11.1,65,7.3,1
2024-04-17T01:00,11.1,64,9.2,0
2024-04-17T02:00,9.6,67,8.7,0
2024-04-17T03:00,9.4,61,13.4,0
2024-04-17T04:00,8.3,64,10.4,0
2024-04-17T05:00,6.8,72,6.9,0
2024-04-17T06:00,6.1,75,9.0,23
2024-04-17T07:00,5.6,76,9.7,81
2024-04-17T08:00,4.9,75,9.1,87
2024-04-17T09:00,4.2,73,9.1,32
2024-04-17T10:00,3.5,72,9.1,27
2024-04-17T11:00,4.2,69,10.3,5
2024-04-17T12:00,5.8,63,9.1,0
2024-04-17T13:00,8.7,57,6.4,22
2024-04-17T14:00,9.8,54,6.2,3
2024-04-17T15:00,10.6,55,8.2,61
2024-04-17T16:00,11.2,57,9.7,34
2024-04-17T17:00,11.7,58,12.6,81
2024-04-17T18:00,11.7,59,16.9,85
2024-04-17T19:00,11.1,61,19.2,80
2024-04-17T20:00,11.0,62,17.6,100
2024-04-17T21:00,10.1,65,19.2,100
2024-04-17T22:00,9.9,66,18.0,100
2024-04-17T23:00,8.3,73,14.1,100
2024-04-18T00:00,7.2,74,16.2,100
2024-04-18T01:00,7.6,79,11.9,100
2024-04-18T02:00,7.3,77,11.6,100
2024-04-18T03:00,7.1,74,9.2,100
2024-04-18T04:00,6.7,73,7.4,100
2024-04-18T05:00,6.6,72,5.8,100
2024-04-18T06:00,6.1,72,8.7,99
2024-04-18T07:00,6.2,76,8.7,99
2024-04-18T08:00,6.4,79,10.5,100
2024-04-18T09:00,6.8,80,14.1,100
2024-04-18T10:00,6.7,82,16.9,100
2024-04-18T11:00,6.8,79,17.1,100
2024-04-18T12:00,7.3,78,15.2,100
2024-04-18T13:00,7.1,73,16.0,100
2024-04-18T14:00,6.9,80,15.1,100
2024-04-18T15:00,7.5,79,14.7,100
2024-04-18T16:00,7.8,77,13.1,100
2024-04-18T17:00,8.1,75,15.1,100
2024-04-18T18:00,8.0,76,14.0,100
2024-04-18T19:00,7.8,78,12.8,100
2024-04-18T20:00,7.6,80,11.0,100
2024-04-18T21:00,7.2,84,9.8,100
2024-04-18T22:00,7.0,88,9.2,100
2024-04-18T23:00,6.9,87,8.0,100
2024-04-19T00:00,6.6,90,11.1,100
2024-04-19T01:00,6.3,91,8.0,99
2024-04-19T02:00,6.0,95,4.5,100
2024-04-19T03:00,6.3,93,5.2,100
2024-04-19T04:00,6.3,93,6.3,100
2024-04-19T05:00,6.3,94,6.5,100
2024-04-19T06:00,6.3,93,5.9,100
2024-04-19T07:00,6.2,92,7.5,100
2024-04-19T08:00,6.1,91,5.9,100
2024-04-19T09:00,6.2,89,7.2,100
2024-04-19T10:00,5.9,89,7.6,96
2024-04-19T11:00,6.4,86,7.2,77
2024-04-19T12:00,7.2,82,7.0,98
2024-04-19T13:00,8.0,79,6.7,98
2024-04-19T14:00,9.5,71,9.2,51
2024-04-19T15:00,10.6,67,12.0,3
2024-04-19T16:00,11.6,65,13.6,90
2024-04-19T17:00,12.3,63,16.7,100
2024-04-19T18:00,12.2,66,19.1,100
2024-04-19T19:00,12.7,64,17.2,100
2024-04-19T20:00,12.7,60,16.3,100
2024-04-19T21:00,12.8,55,14.8,100
2024-04-19T22:00,11.9,56,14.8,76
2024-04-19T23:00,10.7,59,15.9,60
2024-04-20T00:00,8.9,66,14.5,100
2024-04-20T01:00,9.1,65,12.6,100
2024-04-20T02:00,8.2,69,11.5,96
2024-04-20T03:00,7.1,75,11.0,98
2024-04-20T04:00,6.6,79,10.9,100
2024-04-20T05:00,6.7,83,11.4,100
2024-04-20T06:00,7.1,84,6.8,100
2024-04-20T07:00,7.3,86,9.1,100
2024-04-20T08:00,7.7,84,13.2,100
2024-04-20T09:00,7.8,86,11.3,100
2024-04-20T10:00,8.0,88,10.1,100
2024-04-20T11:00,8.1,89,9.7,100
2024-04-20T12:00,8.3,94,10.2,100
2024-04-20T13:00,8.8,96,10.9,100
2024-04-20T14:00,9.4,93,11.2,100
2024-04-20T15:00,9.7,94,8.4,100
2024-04-20T16:00,10.4,92,9.7,100
2024-04-20T17:00,12.5,80,9.0,99
2024-04-20T18:00,15.2,64,11.4,100
2024-04-20T19:00,15.1,59,11.3,90
2024-04-20T20:00,16.1,56,15.3,94
2024-04-20T21:00,15.7,57,14.8,55
2024-04-20T22:00,13.3,73,18.8,98
2024-04-20T23:00,12.3,72,10.7,32
2024-04-21T00:00,10.2,75,10.1,87
2024-04-21T01:00,10.1,55,22.8,9
2024-04-21T02:00,8.6,57,18.9,6
2024-04-21T03:00,7.5,59,14.2,0
2024-04-21T04:00,6.5,56,16.0,0
2024-04-21T05:00,5.5,54,15.0,0
2024-04-21T06:00,4.6,57,13.4,0
2024-04-21T07:00,3.9,61,13.5,0
2024-04-21T08:00,3.1,65,11.6,0
2024-04-21T09:00,2.5,70,9.3,0
2024-04-21T10:00,1.8,75,7.6,0
2024-04-21T11:00,2.9,75,10.7,0
2024-04-21T12:00,5.3,67,9.0,0
2024-04-21T13:00,8.1,56,10.7,60
2024-04-21T14:00,9.5,51,8.0,100
2024-04-21T15:00,10.5,46,8.3,100
2024-04-21T16:00,11.6,44,13.2,100
2024-04-21T17:00,12.2,40,20.1,100
2024-04-21T18:00,11.9,40,19.4,100
2024-04-21T19:00,12.5,36,19.6,100
2024-04-21T20:00,11.9,39,22.8,100
2024-04-21T21:00,11.0,43,20.4,100
2024-04-21T22:00,10.0,46,18.2,100
2024-04-21T23:00,8.9,50,13.8,100
2024-04-22T00:00,7.5,54,11.2,100
2024-04-22T01:00,6.5,55,10.5,100
2024-04-22T02:00,5.8,57,11.3,100
2024-04-22T03:00,5.0,60,11.5,97
2024-04-22T04:00,4.4,61,13.7,0
2024-04-22T05:00,3.9,62,12.2,3
2024-04-22T06:00,3.2,65,11.6,39
2024-04-22T07:00,2.8,66,10.9,2
2024-04-22T08:00,2.5,67,10.9,2
2024-04-22T09:00,2.2,70,10.1,2
2024-04-22T10:00,1.9,73,10.1,0
2024-04-22T11:00,3.3,73,12.3,0
2024-04-22T12:00,5.5,59,13.8,0
2024-04-22T13:00,7.1,45,16.6,0
2024-04-22T14:00,8.1,38,16.1,0
2024-04-22T15:00,9.1,35,15.5,0
2024-04-22T16:00,10.2,33,15.5,0
2024-04-22T17:00,11.0,32,16.1,0
2024-04-22T18:00,11.8,31,14.0,0
2024-04-22T19:00,12.2,30,12.8,0
2024-04-22T20:00,12.5,30,12.2,0
2024-04-22T21:00,12.3,30,12.5,0
2024-04-22T22:00,11.5,32,12.2,0
2024-04-22T23:00,9.5,47,7.4,0
2024-04-23T00:00,6.8,62,7.9,0
2024-04-23T01:00,6.5,68,9.1,0
2024-04-23T02:00,5.2,69,9.0,0
2024-04-23T03:00,4.3,76,9.0,0
2024-04-23T04:00,3.6,85,7.2,0
2024-04-23T05:00,2.9,91,6.3,0
2024-04-23T06:00,2.1,95,7.9,0
2024-04-23T07:00,1.3,97,7.6,0
2024-04-23T08:00,1.4,97,6.8,0
2024-04-23T09:00,2.2,97,3.7,1
2024-04-23T10:00,1.3,99,7.4,96
2024-04-23T11:00,2.8,96,5.5,0
2024-04-23T12:00,6.4,88,4.8,0
2024-04-23T13:00,9.4,79,4.0,0
2024-04-23T14:00,12.1,55,8.4,0
2024-04-23T15:00,13.7,42,11.1,0
2024-04-23T16:00,14.7,39,12.3,0
2024-04-23T17:00,15.4,38,13.2,0
2024-04-23T18:00,15.9,38,14.5,0
2024-04-23T19:00,15.5,42,16.8,0
2024-04-23T20:00,15.2,38,18.4,0
2024-04-23T21:00,13.5,40,21.6,0
2024-04-23T22:00,11.7,42,21.1,0
2024-04-23T23:00,9.6,47,16.8,9
2024-04-24T00:00,7.3,54,14.4,7
2024-04-24T01:00,6.7,57,14.1,65
2024-04-24T02:00,5.7,63,13.5,100
2024-04-24T03:00,5.0,68,12.4,91
2024-04-24T04:00,4.6,72,12.4,39
2024-04-24T05:00,4.1,71,11.9,60
2024-04-24T06:00,3.9,67,12.0,84
2024-04-24T07:00,4.5,65,11.0,100
2024-04-24T08:00,5.3,62,11.2,100
2024-04-24T09:00,5.8,62,9.9,100
2024-04-24T10:00,6.0,63,9.0,100
2024-04-24T11:00,6.4,64,9.1,100
2024-04-24T12:00,7.5,65,10.1,100
2024-04-24T13:00,9.4,63,12.3,100
2024-04-24T14:00,10.2,63,15.3,100
2024-04-24T15:00,11.8,62,16.9,100
2024-04-24T16:00,12.1,66,14.3,99
2024-04-24T17:00,12.6,65,10.4,31
2024-04-24T18:00,16.1,54,10.2,43
2024-04-24T19:00,17.7,48,12.9,73
2024-04-24T20:00,14.8,69,24.6,100
2024-04-24T21:00,15.2,60,22.9,57
2024-04-24T22:00,13.7,67,20.1,24
2024-04-24T23:00,11.9,66,21.1,0
2024-04-25T00:00,8.9,61,22.9,0
2024-04-25T01:00,8.6,60,22.4,0
2024-04-25T02:00,5.9,58,25.7,0
2024-04-25T03:00,3.4,54,24.0,0
2024-04-25T04:00,2.3,55,19.9,0
2024-04-25T05:00,1.5,55,17.1,0
2024-04-25T06:00,0.8,54,13.4,0
2024-04-25T07:00,0.2,53,12.4,0
2024-04-25T08:00,-0.4,53,12.3,0
2024-04-25T09:00,-0.9,53,11.7,0
2024-04-25T10:00,-1.5,55,9.5,0
2024-04-25T11:00,-0.4,54,9.1,0
2024-04-25T12:00,1.1,46,10.0,0
2024-04-25T13:00,3.4,43,8.8,0
2024-04-25T14:00,4.8,43,5.0,0
2024-04-25T15:00,6.3,43,3.3,0
2024-04-25T16:00,7.9,43,2.3,0
2024-04-25T17:00,9.4,40,1.3,0
2024-04-25T18:00,10.6,37,1.8,0
2024-04-25T19:00,11.3,34,1.6,0
2024-04-25T20:00,11.6,33,1.3,4
2024-04-25T21:00,11.9,33,2.3,82
2024-04-25T22:00,10.7,50,10.5,10
2024-04-25T23:00,7.8,63,13.8,1
2024-04-26T00:00,6.6,58,15.3,0
2024-04-26T01:00,5.3,73,10.2,0
2024-04-26T02:00,4.3,77,11.3,0
2024-04-26T03:00,3.6,81,12.1,0
2024-04-26T04:00,3.2,82,10.8,0
2024-04-26T05:00,2.4,85,7.9,0
2024-04-26T06:00,1.6,89,5.1,0
2024-04-26T07:00,1.0,92,5.0,0
2024-04-26T08:00,0.5,95,4.3,0
2024-04-26T09:00,0.1,95,4.6,0
2024-04-26T10:00,0.4,91,7.2,0
2024-04-26T11:00,2.1,81,9.3,0
2024-04-26T12:00,4.8,67,7.6,0
2024-04-26T13:00,7.5,52,10.0,0
2024-04-26T14:00,9.2,42,11.1,0
2024-04-26T15:00,10.0,42,10.7,0
2024-04-26T16:00,10.4,44,12.3,0
2024-04-26T17:00,10.3,43,15.1,0
2024-04-26T18:00,10.4,42,15.9,0
2024-04-26T19:00,11.0,41,14.4,34
2024-04-26T20:00,11.3,43,13.6,19
2024-04-26T21:00,11.1,43,12.2,0
2024-04-26T22:00,10.6,46,12.4,0
2024-04-26T23:00,8.7,58,11.2,0
2024-04-27T00:00,6.7,62,10.1,0
2024-04-27T01:00,6.4,64,9.1,0
2024-04-27T02:00,5.5,63,10.1,0
2024-04-27T03:00,4.6,66,12.0,0
2024-04-27T04:00,4.2,73,10.5,0
2024-04-27T05:00,3.7,76,8.7,0
2024-04-27T06:00,3.0,76,8.4,0
2024-04-27T07:00,2.6,77,9.4,0
2024-04-27T08:00,2.2,81,10.5,0
2024-04-27T09:00,2.1,84,10.6,0
2024-04-27T10:00,1.9,85,9.3,0
2024-04-27T11:00,3.6,80,9.8,1
2024-04-27T12:00,6.4,70,5.0,3
2024-04-27T13:00,9.0,62,4.3,4
2024-04-27T14:00,11.6,55,3.4,50
2024-04-27T15:00,13.8,49,2.8,100
2024-04-27T16:00,15.4,44,2.2,95
2024-04-27T17:00,16.5,39,2.9,100
2024-04-27T18:00,16.9,37,6.7,100
2024-04-27T19:00,16.2,46,10.8,100
2024-04-27T20:00,15.7,52,11.3,100
2024-04-27T21:00,15.4,58,8.8,100
2024-04-27T22:00,15.0,61,5.1,100
2024-04-27T23:00,14.1,53,12.4,100
2024-04-28T00:00,12.1,49,17.0,100
2024-04-28T01:00,11.1,49,17.9,100
2024-04-28T02:00,10.0,49,17.8,100
2024-04-28T03:00,9.0,48,16.1,96
2024-04-28T04:00,8.2,49,13.5,100
2024-04-28T05:00,7.8,51,14.1,100
2024-04-28T06:00,7.4,61,15.0,100
2024-04-28T07:00,6.8,74,12.5,100
2024-04-28T08:00,6.4,85,11.5,100
2024-04-28T09:00,6.5,88,11.6,100
2024-04-28T10:00,6.3,90,11.0,89
2024-04-28T11:00,7.2,90,10.5,69
2024-04-28T12:00,8.9,85,12.5,78
2024-04-28T13:00,10.7,78,16.6,100
2024-04-28T14:00,12.2,75,16.4,100
2024-04-28T15:00,13.4,73,13.9,100
2024-04-28T16:00,14.6,73,11.2,100
2024-04-28T17:00,16.8,68,12.5,100
2024-04-28T18:00,20.2,59,11.2,100
2024-04-28T19:00,23.5,52,4.0,99
2024-04-28T20:00,20.8,68,3.1,100
2024-04-28T21:00,20.8,66,8.5,97
2024-04-28T22:00,19.2,65,13.8,100
2024-04-28T23:00,16.5,74,13.6,100
2024-04-29T00:00,15.0,83,16.6,100
2024-04-29T01:00,15.4,88,15.4,100
2024-04-29T02:00,16.0,93,16.3,100
2024-04-29T03:00,16.4,93,16.1,100
2024-04-29T04:00,16.5,94,15.9,100
2024-04-29T05:00,16.5,93,15.6,47
2024-04-29T06:00,16.0,94,15.3,64
2024-04-29T07:00,15.7,94,13.2,95
2024-04-29T08:00,15.3,95,12.8,24
2024-04-29T09:00,15.0,95,11.5,0
2024-04-29T10:00,14.8,95,13.8,62
2024-04-29T11:00,15.5,93,13.1,80
2024-04-29T12:00,16.5,84,14.1,95
2024-04-29T13:00,19.3,75,15.5,93
2024-04-29T14:00,19.4,60,10.8,34
2024-04-29T15:00,17.5,73,13.0,67
2024-04-29T16:00,16.2,74,15.7,48
2024-04-29T17:00,15.9,73,16.4,39
2024-04-29T18:00,15.3,72,15.5,88
2024-04-29T19:00,15.2,71,12.3,68
2024-04-29T20:00,16.7,68,7.9,21
2024-04-29T21:00,16.0,70,12.6,41
2024-04-29T22:00,14.0,71,12.0,90
2024-04-29T23:00,12.9,71,7.9,4
2024-04-30T00:00,12.0,74,4.8,23
2024-04-30T01:00,13.2,76,6.1,100
2024-04-30T02:00,12.2,79,5.8,100
2024-04-30T03:00,11.2,81,8.0,94
2024-04-30T04:00,11.3,84,7.4,62
2024-04-30T05:00,11.2,87,5.4,100
2024-04-30T06:00,12.0,86,2.5,100
2024-04-30T07:00,12.2,84,0.5,100
2024-04-30T08:00,11.4,86,7.6,100
2024-04-30T09:00,10.7,85,7.4,100
2024-04-30T10:00,9.8,87,11.4,100
2024-04-30T11:00,9.1,84,13.7,100
2024-04-30T12:00,9.7,80,15.3,100
2024-04-30T13:00,10.9,78,13.5,100
2024-04-30T14:00,10.7,77,13.9,100
2024-04-30T15:00,11.2,75,15.5,100
2024-04-30T16:00,11.4,74,16.8,100
2024-04-30T17:00,11.5,69,19.5,98
2024-04-30T18:00,12.6,63,18.0,100
2024-04-30T19:00,11.3,64,22.6,100
2024-04-30T20:00,11.3,64,22.0,100
2024-04-30T21:00,11.2,66,19.2,100
2024-04-30T22:00,10.6,69,16.7,100
2024-04-30T23:00,10.0,74,14.4,100
2024-05-01T00:00,9.3,79,12.3,100
2024-05-01T01:00,8.5,84,10.8,100
2024-05-01T02:00,8.4,84,10.8,100
2024-05-01T03:00,8.1,84,11.2,100
2024-05-01T04:00,7.8,89,8.4,100
2024-05-01T05:00,7.5,91,12.7,100
2024-05-01T06:00,7.4,89,8.7,100
2024-05-01T07:00,7.2,90,10.5,100
2024-05-01T08:00,7.1,92,8.9,100
2024-05-01T09:00,7.1,93,9.7,100
2024-05-01T10:00,7.0,93,9.7,100
2024-05-01T11:00,7.2,91,10.2,100
2024-05-01T12:00,7.6,88,11.9,99
2024-05-01T13:00,8.5,82,8.7,100
2024-05-01T14:00,9.1,78,9.7,100
2024-05-01T15:00,9.4,75,10.9,93
2024-05-01T16:00,10.0,71,10.6,87
2024-05-01T17:00,10.1,71,12.2,99
2024-05-01T18:00,11.0,70,12.8,55
2024-05-01T19:00,10.8,72,13.7,100
2024-05-01T20:00,10.2,74,13.4,100
2024-05-01T21:00,10.3,74,12.7,98
2024-05-01T22:00,9.9,75,12.7,52
2024-05-01T23:00,8.7,81,11.9,7
2024-05-02T00:00,7.7,88,9.8,13
2024-05-02T01:00,7.1,91,7.4,13
2024-05-02T02:00,7.0,93,6.6,13
2024-05-02T03:00,6.7,94,6.4,17
2024-05-02T04:00,6.3,95,5.8,48
2024-05-02T05:00,6.1,95,7.9,100
2024-05-02T06:00,6.5,94,9.3,92
2024-05-02T07:00,7.1,91,9.3,3
2024-05-02T08:00,7.0,94,7.8,89
2024-05-02T09:00,7.2,95,7.6,74
2024-05-02T10:00,7.6,95,10.9,41
2024-05-02T11:00,8.8,88,13.4,20
2024-05-02T12:00,10.8,83,11.3,11
2024-05-02T13:00,13.6,75,20.3,100
2024-05-02T14:00,15.0,74,21.5,91
2024-05-02T15:00,16.2,72,18.8,69
2024-05-02T16:00,18.6,65,11.5,54
2024-05-02T17:00,20.5,61,8.6,80
2024-05-02T18:00,22.2,52,10.0,73
2024-05-02T19:00,22.8,47,10.3,40
2024-05-02T20:00,21.6,59,7.9,52
2024-05-02T21:00,19.5,75,13.3,64
2024-05-02T22:00,18.1,77,11.1,51
2024-05-02T23:00,15.4,83,23.6,51
2024-05-03T00:00,11.4,87,18.2,68
2024-05-03T01:00,8.6,92,13.2,59
2024-05-03T02:00,7.8,91,16.6,100
2024-05-03T03:00,7.7,90,16.3,100
2024-05-03T04:00,7.5,89,16.1,100
2024-05-03T05:00,7.6,88,14.4,100
2024-05-03T06:00,7.7,88,14.7,100
2024-05-03T07:00,7.6,88,15.0,100
2024-05-03T08:00,7.6,89,13.0,40
2024-05-03T09:00,7.0,92,10.8,22
2024-05-03T10:00,6.3,95,10.8,25
2024-05-03T11:00,7.2,91,9.4,82
2024-05-03T12:00,9.1,84,9.4,95
2024-05-03T13:00,11.0,76,7.7,94
2024-05-03T14:00,12.2,73,11.8,100
2024-05-03T15:00,12.2,76,14.7,100
2024-05-03T16:00,12.8,75,14.0,100
2024-05-03T17:00,13.1,71,13.3,100
2024-05-03T18:00,13.3,71,15.0,100
2024-05-03T19:00,13.1,72,14.3,100
2024-05-03T20:00,12.6,70,13.4,97
2024-05-03T21:00,12.4,65,10.6,91
2024-05-03T22:00,12.1,65,10.5,26
2024-05-03T23:00,10.9,69,8.6,76
2024-05-04T00:00,9.1,84,5.5,100
2024-05-04T01:00,9.4,80,6.6,96
2024-05-04T02:00,8.7,85,4.8,97
2024-05-04T03:00,8.1,89,5.0,67
2024-05-04T04:00,7.7,89,3.9,93
2024-05-04T05:00,7.1,92,4.2,42
2024-05-04T06:00,6.8,92,4.7,34
2024-05-04T07:00,7.0,91,4.0,67
2024-05-04T08:00,6.8,94,1.5,90
2024-05-04T09:00,6.5,98,4.0,82
2024-05-04T10:00,6.4,98,7.2,59
2024-05-04T11:00,8.7,89,8.7,90
2024-05-04T12:00,10.1,80,11.9,100
2024-05-04T13:00,10.5,74,15.2,84
2024-05-04T14:00,11.1,74,16.6,97
2024-05-04T15:00,11.0,76,16.9,94
2024-05-04T16:00,10.9,76,16.2,98
2024-05-04T17:00,11.1,75,16.2,100
2024-05-04T18:00,11.1,76,16.9,100
2024-05-04T19:00,10.5,78,18.7,100
2024-05-04T20:00,10.0,79,18.7,100
2024-05-04T21:00,9.5,80,17.0,100
2024-05-04T22:00,9.1,82,15.5,100
2024-05-04T23:00,8.6,83,14.8,100
2024-05-05T00:00,8.2,85,13.0,100
2024-05-05T01:00,7.4,91,10.5,13
2024-05-05T02:00,7.0,94,8.6,40
2024-05-05T03:00,7.0,94,8.3,96
2024-05-05T04:00,7.2,93,7.1,99
2024-05-05T05:00,7.7,91,7.6,100
2024-05-05T06:00,7.8,91,7.7,100
2024-05-05T07:00,7.7,91,8.5,100
2024-05-05T08:00,7.7,90,10.7,100
2024-05-05T09:00,7.5,91,10.0,100
2024-05-05T10:00,7.4,91,11.4,100
2024-05-05T11:00,7.7,88,11.7,99
2024-05-05T12:00,8.8,82,11.2,87
2024-05-05T13:00,9.0,76,10.3,100
2024-05-05T14:00,10.1,72,12.5,93
2024-05-05T15:00,13.3,61,14.6,100
2024-05-05T16:00,14.6,58,12.6,100
2024-05-05T17:00,11.9,73,12.4,100
2024-05-05T18:00,12.5,73,11.8,100
2024-05-05T19:00,13.6,67,13.8,100
2024-05-05T20:00,13.8,68,16.2,100
2024-05-05T21:00,12.0,77,16.1,100
2024-05-05T22:00,11.0,83,14.1,100
2024-05-05T23:00,10.3,88,12.6,100
2024-05-06T00:00,9.8,94,11.9,100
2024-05-06T01:00,9.4,95,10.5,100
2024-05-06T02:00,9.3,96,8.4,100
2024-05-06T03:00,9.2,97,8.9,100
2024-05-06T04:00,9.3,98,7.2,100
2024-05-06T05:00,9.3,97,7.4,100
2024-05-06T06:00,9.5,97,8.7,100
2024-05-06T07:00,9.7,97,8.4,100
2024-05-06T08:00,10.0,97,9.7,100
2024-05-06T09:00,10.2,97,10.7,100
2024-05-06T10:00,10.3,97,10.0,83
2024-05-06T11:00,11.2,95,11.3,93
2024-05-06T12:00,12.6,91,12.7,76
2024-05-06T13:00,13.9,88,8.1,100
2024-05-06T14:00,15.5,84,9.5,100
2024-05-06T15:00,17.1,80,10.6,100
2024-05-06T16:00,19.8,72,11.0,100
2024-05-06T17:00,21.5,66,11.5,100
2024-05-06T18:00,22.4,62,12.9,100
2024-05-06T19:00,23.3,60,14.3,100
2024-05-06T20:00,23.0,62,13.4,95
2024-05-06T21:00,23.5,61,11.1,98
2024-05-06T22:00,22.9,65,11.3,100
2024-05-06T23:00,20.9,75,9.3,100
2024-05-07T00:00,18.8,83,8.4,100
2024-05-07T01:00,17.4,89,9.1,100
2024-05-07T02:00,16.4,91,10.0,100
2024-05-07T03:00,15.6,91,9.8,100
2024-05-07T04:00,14.6,92,9.4,18
2024-05-07T05:00,13.6,90,9.9,32
2024-05-07T06:00,13.2,79,11.9,100
2024-05-07T07:00,13.2,72,11.4,100
2024-05-07T08:00,13.0,73,10.2,100
2024-05-07T09:00,12.1,76,9.8,38
2024-05-07T10:00,11.2,79,10.8,0
2024-05-07T11:00,12.9,73,12.2,0
2024-05-07T12:00,14.7,70,8.8,0
2024-05-07T13:00,17.0,65,7.1,0
2024-05-07T14:00,18.2,63,6.9,0
2024-05-07T15:00,18.8,62,8.7,0
2024-05-07T16:00,19.2,59,10.8,2
2024-05-07T17:00,20.0,57,9.3,9
2024-05-07T18:00,21.1,58,6.2,15
2024-05-07T19:00,21.6,63,5.2,11
2024-05-07T20:00,21.9,67,4.3,23
2024-05-07T21:00,21.8,73,5.1,38
2024-05-07T22:00,21.4,74,5.2,97
2024-05-07T23:00,19.8,82,5.7,90
2024-05-08T00:00,16.4,89,6.2,40
2024-05-08T01:00,16.0,73,15.7,75
2024-05-08T02:00,14.4,84,9.8,98
2024-05-08T03:00,13.4,88,6.7,100
2024-05-08T04:00,12.5,92,4.7,82
2024-05-08T05:00,11.8,94,6.2,87
2024-05-08T06:00,11.5,94,7.2,83
2024-05-08T07:00,11.4,90,6.5,28
2024-05-08T08:00,11.9,83,1.3,79
2024-05-08T09:00,10.7,85,5.4,49
2024-05-08T10:00,10.8,82,4.2,76
2024-05-08T11:00,11.5,86,3.6,100
2024-05-08T12:00,13.3,83,2.8,100
2024-05-08T13:00,14.8,79,1.5,100
2024-05-08T14:00,14.5,88,3.5,100
2024-05-08T15:00,14.0,93,10.3,100
2024-05-08T16:00,15.1,91,7.8,100
2024-05-08T17:00,17.3,89,5.8,100
2024-05-08T18:00,18.5,87,11.3,100
2024-05-08T19:00,18.7,87,11.7,100
2024-05-08T20:00,18.8,86,9.7,100
2024-05-08T21:00,18.8,87,10.5,99
2024-05-08T22:00,17.8,91,12.0,95
2024-05-08T23:00,17.6,91,5.6,67
2024-05-09T00:00,15.8,93,7.8,39
2024-05-09T01:00,11.6,98,7.6,88
2024-05-09T02:00,11.1,96,8.7,90
2024-05-09T03:00,10.8,98,7.6,14
2024-05-09T04:00,9.8,99,8.0,100
2024-05-09T05:00,9.9,100,7.9,100
2024-05-09T06:00,11.0,100,8.7,100
2024-05-09T07:00,11.7,100,10.3,94
2024-05-09T08:00,11.3,96,11.6,5
2024-05-09T09:00,10.4,95,12.6,72
2024-05-09T10:00,9.7,93,14.3,5
2024-05-09T11:00,10.1,86,18.4,18
2024-05-09T12:00,11.2,82,18.1,60
2024-05-09T13:00,13.4,72,21.6,68
2024-05-09T14:00,14.6,64,19.2,100
2024-05-09T15:00,14.9,62,17.6,100
2024-05-09T16:00,15.8,58,19.1,99
2024-05-09T17:00,17.1,53,18.8,100
2024-05-09T18:00,17.5,51,13.5,100
2024-05-09T19:00,16.2,56,11.8,90
2024-05-09T20:00,14.0,75,17.5,97
2024-05-09T21:00,12.1,77,18.8,90
2024-05-09T22:00,11.5,77,16.3,9
2024-05-09T23:00,10.9,81,16.2,16
2024-05-10T00:00,9.7,87,13.3,48
2024-05-10T01:00,9.4,89,13.7,56
2024-05-10T02:00,8.8,90,11.0,66
2024-05-10T03:00,8.7,88,9.7,100
2024-05-10T04:00,9.1,85,9.8,100
2024-05-10T05:00,9.0,85,8.7,100
2024-05-10T06:00,8.9,84,8.2,100
2024-05-10T07:00,8.8,84,10.2,100
2024-05-10T08:00,8.6,83,12.6,100
2024-05-10T09:00,8.6,82,7.9,100
2024-05-10T10:00,8.4,83,9.1,100
2024-05-10T11:00,8.5,83,9.4,100
2024-05-10T12:00,9.1,71,13.1,100
2024-05-10T13:00,9.8,71,13.1,97
2024-05-10T14:00,11.1,59,16.2,6
2024-05-10T15:00,11.6,55,17.4,4
2024-05-10T16:00,11.9,57,16.9,24
2024-05-10T17:00,12.2,61,16.3,26
2024-05-10T18:00,12.2,64,16.9,38
2024-05-10T19:00,12.1,69,18.7,31
2024-05-10T20:00,11.7,72,19.9,14
2024-05-10T21:00,10.6,72,19.1,52
2024-05-10T22:00,10.1,67,17.0,97
2024-05-10T23:00,9.1,68,11.2,93
2024-05-11T00:00,8.3,74,9.1,95
2024-05-11T01:00,7.9,79,8.8,99
2024-05-11T02:00,7.8,79,8.5,100
2024-05-11T03:00,7.6,82,6.1,100
2024-05-11T04:00,7.2,85,8.2,22
2024-05-11T05:00,6.4,88,7.9,14
2024-05-11T06:00,5.9,89,7.6,0
2024-05-11T07:00,5.4,90,8.6,1
2024-05-11T08:00,5.1,91,8.3,0
2024-05-11T09:00,4.7,93,8.4,0
2024-05-11T10:00,4.7,93,9.7,0
2024-05-11T11:00,6.5,88,8.4,0
2024-05-11T12:00,8.7,81,10.0,6
2024-05-11T13:00,10.7,69,16.6,56
2024-05-11T14:00,10.9,71,19.0,48
2024-05-11T15:00,10.9,72,19.7,84
2024-05-11T16:00,11.3,70,20.2,86
2024-05-11T17:00,11.1,71,18.0,99
2024-05-11T18:00,10.8,72,18.4,95
2024-05-11T19:00,10.3,74,18.7,79
2024-05-11T20:00,10.0,74,17.4,84
2024-05-11T21:00,10.1,72,16.9,90
2024-05-11T22:00,9.5,73,14.5,49
2024-05-11T23:00,9.0,76,11.2,1
2024-05-12T00:00,7.8,84,7.6,13
2024-05-12T01:00,7.5,83,5.8,87
2024-05-12T02:00,7.1,84,6.5,86
2024-05-12T03:00,6.2,89,7.4,100
2024-05-12T04:00,5.7,92,4.8,100
2024-05-12T05:00,5.2,94,6.9,85
2024-05-12T06:00,4.7,95,5.2,100
2024-05-12T07:00,4.6,95,6.6,98
2024-05-12T08:00,4.7,95,4.6,100
2024-05-12T09:00,4.4,97,4.9,100
2024-05-12T10:00,4.9,97,3.6,100
2024-05-12T11:00,6.4,90,4.8,100
2024-05-12T12:00,8.5,80,4.4,100
2024-05-12T13:00,10.0,71,3.9,100
2024-05-12T14:00,11.5,65,1.3,100
2024-05-12T15:00,12.8,56,1.8,100
2024-05-12T16:00,13.7,51,2.9,100
2024-05-12T17:00,13.9,49,5.6,100
2024-05-12T18:00,14.0,49,7.0,100
2024-05-12T19:00,13.8,49,6.0,99
2024-05-12T20:00,14.1,50,7.3,97
2024-05-12T21:00,14.2,50,6.8,100
2024-05-12T22:00,13.6,52,8.9,98
2024-05-12T23:00,12.4,63,8.5,100
2024-05-13T00:00,10.9,73,6.3,100
2024-05-13T01:00,10.9,78,8.2,35
2024-05-13T02:00,9.3,89,10.7,34
2024-05-13T03:00,8.5,94,8.2,29
2024-05-13T04:00,8.1,93,9.4,5
2024-05-13T05:00,7.7,94,9.7,4
2024-05-13T06:00,7.2,95,7.3,0
2024-05-13T07:00,6.6,96,6.9,15
2024-05-13T08:00,6.5,96,7.3,4
2024-05-13T09:00,6.0,96,6.6,0
2024-05-13T10:00,6.4,95,6.6,0
2024-05-13T11:00,8.4,92,7.7,0
2024-05-13T12:00,10.9,87,5.5,0
2024-05-13T13:00,14.6,69,3.7,1
2024-05-13T14:00,16.1,59,2.3,45
2024-05-13T15:00,16.7,56,2.7,33
2024-05-13T16:00,17.3,55,5.8,60
2024-05-13T17:00,17.0,57,10.6,79
2024-05-13T18:00,16.8,60,10.8,68
2024-05-13T19:00,16.9,60,15.5,41
2024-05-13T20:00,16.4,60,17.9,70
2024-05-13T21:00,16.5,60,15.5,19
2024-05-13T22:00,16.9,63,11.6,2
2024-05-13T23:00,16.2,66,12.9,1
2024-05-14T00:00,14.3,67,13.1,1
2024-05-14T01:00,13.5,68,13.3,23
2024-05-14T02:00,12.5,80,13.0,15
2024-05-14T03:00,11.6,88,12.2,6
2024-05-14T04:00,10.9,91,12.3,11
2024-05-14T05:00,10.4,93,12.2,16
2024-05-14T06:00,10.0,94,12.0,4
2024-05-14T07:00,9.6,93,12.0,3
2024-05-14T08:00,9.4,93,12.2,10
2024-05-14T09:00,9.4,92,13.0,21
2024-05-14T10:00,9.6,91,11.4,61
2024-05-14T11:00,11.0,86,10.6,100
2024-05-14T12:00,13.0,79,12.1,81
2024-05-14T13:00,16.4,71,10.3,73
2024-05-14T14:00,18.9,65,13.3,69
2024-05-14T15:00,21.1,60,16.1,59
2024-05-14T16:00,22.6,56,18.4,80
2024-05-14T17:00,23.6,53,20.5,100
2024-05-14T18:00,24.2,50,20.4,23
2024-05-14T19:00,24.2,50,21.1,8
2024-05-14T20:00,23.2,53,22.3,9
2024-05-14T21:00,22.0,57,21.8,19
2024-05-14T22:00,20.3,62,20.6,4
2024-05-14T23:00,18.2,69,21.4,99
2024-05-15T00:00,16.9,74,18.1,100
2024-05-15T01:00,16.6,77,18.5,100
2024-05-15T02:00,16.3,79,17.9,100
2024-05-15T03:00,15.8,80,16.3,100
2024-05-15T04:00,15.5,82,15.7,100
2024-05-15T05:00,15.3,82,14.7,100
2024-05-15T06:00,15.0,83,13.4,100
2024-05-15T07:00,14.6,86,9.9,100
2024-05-15T08:00,14.6,87,8.7,100
2024-05-15T09:00,14.8,87,9.3,100
2024-05-15T10:00,15.0,88,10.0,100
2024-05-15T11:00,15.6,86,10.2,100
2024-05-15T12:00,16.6,84,9.5,100
2024-05-15T13:00,18.9,76,6.6,100
2024-05-15T14:00,20.2,69,3.8,100
2024-05-15T15:00,21.8,63,4.1,100
2024-05-15T16:00,19.6,71,15.7,100
2024-05-15T17:00,18.9,80,7.7,100
2024-05-15T18:00,20.1,75,9.0,100
2024-05-15T19:00,20.5,72,7.3,100
2024-05-15T20:00,20.1,72,7.4,100
2024-05-15T21:00,19.9,71,8.6,100
2024-05-15T22:00,19.3,75,8.3,100
2024-05-15T23:00,17.5,84,9.7,100
2024-05-16T00:00,15.2,90,10.1,100
2024-05-16T01:00,15.5,96,7.6,100
2024-05-16T02:00,14.5,97,9.1,100
2024-05-16T03:00,13.9,98,10.2,100
2024-05-16T04:00,13.2,98,13.2,100
2024-05-16T05:00,13.1,98,14.7,100
2024-05-16T06:00,13.3,97,18.7,100
2024-05-16T07:00,13.0,96,20.3,100
2024-05-16T08:00,12.7,93,22.6,100
2024-05-16T09:00,12.4,94,18.3,100
2024-05-16T10:00,12.3,95,20.2,100
2024-05-16T11:00,12.5,93,23.7,100
2024-05-16T12:00,12.4,95,25.8,100
2024-05-16T13:00,12.9,92,20.6,100
2024-05-16T14:00,13.1,93,20.9,100
2024-05-16T15:00,13.8,92,22.1,100
2024-05-16T16:00,14.2,91,19.9,100
2024-05-16T17:00,14.4,92,19.6,100
2024-05-16T18:00,14.8,88,19.1,100
2024-05-16T19:00,15.3,81,19.0,100
2024-05-16T20:00,15.8,78,20.1,100
2024-05-16T21:00,15.4,79,19.3,95
2024-05-16T22:00,14.6,81,18.8,85
2024-05-16T23:00,13.7,85,15.6,100
2024-05-17T00:00,12.6,89,13.5,100
2024-05-17T01:00,12.8,90,13.0,80
2024-05-17T02:00,12.2,91,12.7,73
2024-05-17T03:00,11.5,93,11.9,0
2024-05-17T04:00,11.0,94,10.3,0
2024-05-17T05:00,10.6,95,9.1,0
2024-05-17T06:00,10.3,95,9.0,0
2024-05-17T07:00,10.2,95,10.3,18
2024-05-17T08:00,10.3,95,10.6,53
2024-05-17T09:00,10.5,94,11.9,38
2024-05-17T10:00,10.6,94,12.6,100
2024-05-17T11:00,12.0,89,11.4,100
2024-05-17T12:00,14.1,81,10.4,91
2024-05-17T13:00,15.1,78,11.2,93
2024-05-17T14:00,17.6,70,13.0,47
2024-05-17T15:00,19.4,63,16.8,100
2024-05-17T16:00,19.8,64,19.9,100
2024-05-17T17:00,19.1,70,21.1,92
2024-05-17T18:00,17.7,75,19.8,90
2024-05-17T19:00,16.3,77,18.9,96
2024-05-17T20:00,15.4,79,16.6,99
2024-05-17T21:00,15.1,79,14.6,99
2024-05-17T22:00,14.6,79,13.2,100
2024-05-17T23:00,14.0,81,11.7,94
2024-05-18T00:00,13.0,86,10.5,81
2024-05-18T01:00,12.3,86,10.2,94
2024-05-18T02:00,11.8,88,9.9,98
2024-05-18T03:00,11.7,88,10.9,99
2024-05-18T04:00,11.7,88,10.0,100
2024-05-18T05:00,11.7,86,10.8,95
2024-05-18T06:00,11.4,87,10.0,100
2024-05-18T07:00,11.4,85,10.4,100
2024-05-18T08:00,11.5,83,10.9,100
2024-05-18T09:00,11.9,80,12.8,100
2024-05-18T10:00,11.7,81,13.3,100
2024-05-18T11:00,12.0,81,12.8,100
2024-05-18T12:00,12.4,79,12.5,100
2024-05-18T13:00,13.7,78,12.3,100
2024-05-18T14:00,13.9,81,13.5,100
2024-05-18T15:00,13.7,84,13.2,100
2024-05-18T16:00,13.5,89,14.3,100
2024-05-18T17:00,13.4,89,13.3,100
2024-05-18T18:00,12.9,92,15.9,100
2024-05-18T19:00,12.3,91,15.3,100
2024-05-18T20:00,12.8,91,14.9,100
2024-05-18T21:00,12.2,93,14.0,100
2024-05-18T22:00,12.2,91,14.3,100
2024-05-18T23:00,11.7,93,15.3,100
2024-05-19T00:00,11.5,94,16.1,100
2024-05-19T01:00,12.0,91,15.1,100
2024-05-19T02:00,11.9,92,14.8,100
2024-05-19T03:00,11.9,94,14.3,100
2024-05-19T04:00,11.8,95,15.8,100
2024-05-19T05:00,11.7,96,15.6,100
2024-05-19T06:00,11.7,95,15.2,100
2024-05-19T07:00,11.6,96,14.5,100
2024-05-19T08:00,11.6,96,14.5,100
2024-05-19T09:00,11.6,96,14.5,100
2024-05-19T10:00,11.6,95,13.4,100
2024-05-19T11:00,11.8,93,14.5,100
2024-05-19T12:00,12.1,90,16.7,100
2024-05-19T13:00,12.8,88,21.2,100
2024-05-19T14:00,13.5,85,20.4,100
2024-05-19T15:00,13.5,83,19.4,100
2024-05-19T16:00,13.6,82,19.6,100
2024-05-19T17:00,14.0,81,20.7,100
2024-05-19T18:00,14.1,81,19.3,100
2024-05-19T19:00,13.6,81,18.4,100
2024-05-19T20:00,13.1,83,18.3,100
2024-05-19T21:00,12.4,85,16.5,100
2024-05-19T22:00,12.0,86,15.1,100
2024-05-19T23:00,11.7,87,13.5,100
2024-05-20T00:00,11.5,88,12.0,100
2024-05-20T01:00,11.7,89,8.4,100
2024-05-20T02:00,11.6,89,7.1,87
2024-05-20T03:00,11.2,92,6.8,40
2024-05-20T04:00,10.7,94,7.8,63
2024-05-20T05:00,10.3,95,6.6,78
2024-05-20T06:00,10.0,96,7.6,93
2024-05-20T07:00,9.9,97,6.9,98
2024-05-20T08:00,9.7,97,9.3,100
2024-05-20T09:00,9.9,97,8.6,100
2024-05-20T10:00,10.4,95,7.3,100
2024-05-20T11:00,11.1,92,7.7,100
2024-05-20T12:00,12.5,86,8.2,68
2024-05-20T13:00,13.6,85,6.4,100
2024-05-20T14:00,14.9,82,7.1,100
2024-05-20T15:00,15.6,80,7.6,100
2024-05-20T16:00,16.3,79,7.5,100
2024-05-20T17:00,17.0,78,10.5,99
2024-05-20T18:00,16.8,78,14.4,30
2024-05-20T19:00,16.5,77,17.0,12
2024-05-20T20:00,16.5,76,15.2,58
2024-05-20T21:00,17.0,74,12.6,100
2024-05-20T22:00,16.7,76,12.5,100
2024-05-20T23:00,16.1,80,9.8,94
2024-05-21T00:00,14.6,87,8.4,4
2024-05-21T01:00,12.8,93,8.4,81
2024-05-21T02:00,12.2,95,7.3,6
2024-05-21T03:00,12.0,95,10.1,35
2024-05-21T04:00,12.2,97,10.2,95
2024-05-21T05:00,12.2,97,10.3,92
2024-05-21T06:00,11.8,97,10.1,32
2024-05-21T07:00,11.5,97,10.2,86
2024-05-21T08:00,11.3,97,11.0,91
2024-05-21T09:00,11.2,97,11.8,11
2024-05-21T10:00,11.4,96,12.7,46
2024-05-21T11:00,12.8,92,11.7,100
2024-05-21T12:00,14.8,86,11.2,100
2024-05-21T13:00,18.7,78,10.4,100
2024-05-21T14:00,21.5,72,10.3,100
2024-05-21T15:00,24.2,66,9.4,100
2024-05-21T16:00,26.4,60,8.6,100
2024-05-21T17:00,28.1,54,7.6,29
2024-05-21T18:00,28.8,49,6.6,51
2024-05-21T19:00,29.1,48,6.1,54
2024-05-21T20:00,29.1,49,9.2,100
2024-05-21T21:00,26.4,62,13.9,100
2024-05-21T22:00,25.2,69,9.7,99
2024-05-21T23:00,23.3,77,11.4,100
2024-05-22T00:00,20.3,81,14.1,98
2024-05-22T01:00,20.5,86,7.2,100
2024-05-22T02:00,19.5,89,11.4,96
2024-05-22T03:00,18.1,93,13.7,29
2024-05-22T04:00,17.8,93,14.5,3
2024-05-22T05:00,17.1,94,14.3,9
2024-05-22T06:00,16.6,93,14.8,0
2024-05-22T07:00,16.1,93,15.1,0
2024-05-22T08:00,15.7,93,16.1,0
2024-05-22T09:00,15.4,93,15.9,0
2024-05-22T10:00,15.8,92,15.6,1
2024-05-22T11:00,18.0,84,16.6,1
2024-05-22T12:00,20.0,80,13.5,0
2024-05-22T13:00,23.5,71,12.5,0
2024-05-22T14:00,26.1,62,13.2,0
2024-05-22T15:00,28.0,51,15.9,0
2024-05-22T16:00,29.1,45,15.3,0
2024-05-22T17:00,30.0,41,14.8,1
2024-05-22T18:00,30.4,42,14.5,34
2024-05-22T19:00,30.5,40,15.3,15
2024-05-22T20:00,30.2,42,16.2,13
2024-05-22T21:00,28.8,51,17.8,25
2024-05-22T22:00,26.6,62,19.5,10
2024-05-22T23:00,24.0,69,20.2,12
2024-05-23T00:00,22.1,69,20.3,9
2024-05-23T01:00,21.6,68,18.7,4
2024-05-23T02:00,20.3,70,18.9,2
2024-05-23T03:00,19.5,71,17.8,2
2024-05-23T04:00,18.8,74,16.8,5
2024-05-23T05:00,18.3,77,17.8,0
2024-05-23T06:00,17.8,80,15.3,23
2024-05-23T07:00,17.3,83,16.3,43
2024-05-23T08:00,17.1,86,14.8,94
2024-05-23T09:00,17.1,89,14.8,83
2024-05-23T10:00,17.5,88,15.0,43
2024-05-23T11:00,19.1,85,14.7,42
2024-05-23T12:00,21.2,79,14.8,100
2024-05-23T13:00,24.4,73,10.9,100
2024-05-23T14:00,26.4,67,12.9,99
2024-05-23T15:00,27.5,62,13.6,100
2024-05-23T16:00,26.8,65,14.7,100
2024-05-23T17:00,25.2,72,17.3,100
2024-05-23T18:00,23.3,89,9.2,100
2024-05-23T19:00,23.5,88,10.2,100
2024-05-23T20:00,25.2,81,14.2,100
2024-05-23T21:00,25.6,77,16.8,99
2024-05-23T22:00,25.3,74,16.4,93
2024-05-23T23:00,24.6,76,13.4,99
2024-05-24T00:00,23.0,80,12.4,100
2024-05-24T01:00,21.8,74,14.7,86
2024-05-24T02:00,20.8,72,14.8,77
2024-05-24T03:00,19.5,68,14.8,0
2024-05-24T04:00,18.6,62,14.2,33
2024-05-24T05:00,17.5,60,12.2,85
2024-05-24T06:00,16.3,64,10.0,0
2024-05-24T07:00,14.9,70,8.7,0
2024-05-24T08:00,14.2,74,9.3,0
2024-05-24T09:00,13.8,77,9.5,0
2024-05-24T10:00,14.2,76,10.4,0
2024-05-24T11:00,16.8,70,10.9,20
2024-05-24T12:00,20.0,64,9.8,49
2024-05-24T13:00,22.9,54,10.7,28
2024-05-24T14:00,24.8,40,14.5,47
2024-05-24T15:00,26.0,33,18.3,86
2024-05-24T16:00,26.8,31,21.3,1
2024-05-24T17:00,27.3,30,22.1,2
2024-05-24T18:00,27.8,30,23.0,6
2024-05-24T19:00,28.9,28,24.6,68
2024-05-24T20:00,28.1,29,25.9,10
2024-05-24T21:00,27.8,30,24.1,18
2024-05-24T22:00,27.3,33,16.5,1
2024-05-24T23:00,24.7,44,12.2,0
2024-05-25T00:00,22.9,35,21.0,0
2024-05-25T01:00,22.3,38,22.0,0
2024-05-25T02:00,21.9,35,24.3,0
2024-05-25T03:00,20.4,38,16.5,0
2024-05-25T04:00,17.7,50,11.6,0
2024-05-25T05:00,16.4,63,13.0,0
2024-05-25T06:00,15.5,66,12.1,0
2024-05-25T07:00,14.3,70,8.3,0
2024-05-25T08:00,13.4,73,7.9,0
2024-05-25T09:00,12.7,75,8.4,0
2024-05-25T10:00,12.6,74,9.2,2
2024-05-25T11:00,14.2,69,5.0,20
2024-05-25T12:00,16.1,59,5.7,0
2024-05-25T13:00,17.9,49,5.4,25
2024-05-25T14:00,19.3,46,4.1,4
2024-05-25T15:00,20.8,44,4.0,53
2024-05-25T16:00,22.2,43,4.8,24
2024-05-25T17:00,23.3,42,4.5,6
2024-05-25T18:00,24.2,41,3.3,100
2024-05-25T19:00,24.7,42,6.1,100
2024-05-25T20:00,24.1,47,9.0,100
2024-05-25T21:00,22.8,55,8.4,100
2024-05-25T22:00,21.1,60,13.0,100
2024-05-25T23:00,21.0,64,12.8,100
2024-05-26T00:00,19.6,63,15.4,72
2024-05-26T01:00,18.8,67,13.0,99
2024-05-26T02:00,18.0,65,15.0,22
2024-05-26T03:00,16.8,65,13.6,67
2024-05-26T04:00,16.0,66,12.1,100
2024-05-26T05:00,15.1,69,11.6,100
2024-05-26T06:00,15.1,69,10.7,100
2024-05-26T07:00,14.5,72,11.5,100
2024-05-26T08:00,14.5,74,9.3,100
2024-05-26T09:00,14.6,78,3.9,100
2024-05-26T10:00,15.2,76,7.1,64
2024-05-26T11:00,16.2,74,8.1,55
2024-05-26T12:00,18.2,71,3.7,64
2024-05-26T13:00,18.7,84,9.7,32
2024-05-26T14:00,20.0,74,3.3,37
2024-05-26T15:00,22.6,68,2.3,37
2024-05-26T16:00,23.5,65,7.6,12
2024-05-26T17:00,23.6,64,11.5,54
2024-05-26T18:00,23.6,65,12.2,82
2024-05-26T19:00,20.8,73,16.7,69
2024-05-26T20:00,20.4,72,11.0,82
2024-05-26T21:00,20.0,75,9.1,75
2024-05-26T22:00,19.2,77,11.1,66
2024-05-26T23:00,17.6,85,10.2,59
2024-05-27T00:00,16.1,93,9.6,98
2024-05-27T01:00,18.4,91,5.7,97
2024-05-27T02:00,18.6,97,5.6,100
2024-05-27T03:00,19.2,99,6.0,100
2024-05-27T04:00,19.0,99,7.0,100
2024-05-27T05:00,18.7,100,8.3,100
2024-05-27T06:00,18.3,100,9.7,100
2024-05-27T07:00,17.7,100,12.7,100
2024-05-27T08:00,17.0,99,13.4,100
2024-05-27T09:00,15.9,97,16.1,100
2024-05-27T10:00,15.4,97,11.0,100
2024-05-27T11:00,15.6,95,10.5,100
2024-05-27T12:00,16.2,92,10.0,100
2024-05-27T13:00,15.2,93,16.7,100
2024-05-27T14:00,16.0,90,18.0,100
2024-05-27T15:00,17.6,87,15.5,84
2024-05-27T16:00,20.4,79,15.6,100
2024-05-27T17:00,20.7,84,14.7,100
2024-05-27T18:00,20.4,84,14.3,100
2024-05-27T19:00,21.6,81,16.6,94
2024-05-27T20:00,22.4,80,24.2,100
2024-05-27T21:00,22.4,80,23.1,100
2024-05-27T22:00,21.8,81,20.4,100
2024-05-27T23:00,20.8,85,17.4,100
2024-05-28T00:00,20.0,88,20.0,100
2024-05-28T01:00,19.5,93,15.8,100
2024-05-28T02:00,18.8,97,16.5,100
2024-05-28T03:00,18.2,99,20.2,100
2024-05-28T04:00,18.4,96,23.4,100
2024-05-28T05:00,18.4,97,19.1,100
2024-05-28T06:00,18.5,97,18.8,100
2024-05-28T07:00,18.3,97,14.6,100
2024-05-28T08:00,18.0,96,14.3,100
2024-05-28T09:00,17.6,97,12.2,100
2024-05-28T10:00,17.8,97,12.5,100
2024-05-28T11:00,18.8,93,17.1,100
2024-05-28T12:00,19.3,92,17.1,100
2024-05-28T13:00,22.4,81,17.7,77
2024-05-28T14:00,24.0,73,14.8,35
2024-05-28T15:00,25.1,66,15.5,16
2024-05-28T16:00,26.1,63,17.2,21
2024-05-28T17:00,26.9,58,18.7,15
2024-05-28T18:00,27.7,52,20.3,23
2024-05-28T19:00,27.8,48,20.5,20
2024-05-28T20:00,26.9,49,21.1,18
2024-05-28T21:00,26.6,49,18.9,5
2024-05-28T22:00,26.0,51,16.2,33
2024-05-28T23:00,24.4,55,16.3,15
2024-05-29T00:00,22.4,60,15.4,10
2024-05-29T01:00,21.1,64,12.6,11
2024-05-29T02:00,19.6,69,12.0,0
2024-05-29T03:00,18.5,73,14.2,0
2024-05-29T04:00,17.5,78,12.0,0
2024-05-29T05:00,16.7,82,13.1,0
2024-05-29T06:00,16.2,83,12.9,0
2024-05-29T07:00,15.7,85,13.0,0
2024-05-29T08:00,15.2,86,12.2,0
2024-05-29T09:00,14.6,87,11.6,0
2024-05-29T10:00,14.6,87,11.4,0
2024-05-29T11:00,16.0,82,10.7,0
2024-05-29T12:00,17.6,74,11.7,0
2024-05-29T13:00,20.0,63,9.1,0
2024-05-29T14:00,21.3,55,9.7,19
2024-05-29T15:00,22.1,51,10.6,27
2024-05-29T16:00,22.7,49,10.0,43
2024-05-29T17:00,23.4,45,8.4,44
2024-05-29T18:00,23.8,44,8.7,33
2024-05-29T19:00,24.0,43,7.6,19
2024-05-29T20:00,24.4,42,3.7,31
2024-05-29T21:00,23.7,42,3.8,31
2024-05-29T22:00,22.3,55,8.0,35
2024-05-29T23:00,21.2,65,9.7,40
2024-05-30T00:00,19.7,74,8.9,50
2024-05-30T01:00,18.7,79,6.8,61
2024-05-30T02:00,17.6,82,10.9,48
2024-05-30T03:00,16.2,86,12.0,100
2024-05-30T04:00,15.7,88,9.7,99
2024-05-30T05:00,15.6,90,5.6,100
2024-05-30T06:00,15.2,92,9.7,100
2024-05-30T07:00,15.1,83,11.4,100
2024-05-30T08:00,14.4,87,11.5,100
2024-05-30T09:00,13.6,89,17.7,100
2024-05-30T10:00,13.1,88,14.8,100
2024-05-30T11:00,12.5,91,14.0,100
2024-05-30T12:00,12.1,92,14.7,100
2024-05-30T13:00,12.8,91,20.5,100
2024-05-30T14:00,12.3,90,19.2,100
2024-05-30T15:00,13.5,84,20.8,100
2024-05-30T16:00,13.8,81,20.5,100
2024-05-30T17:00,14.1,79,19.8,100
2024-05-30T18:00,13.7,84,17.0,100
2024-05-30T19:00,13.8,86,14.4,100
2024-05-30T20:00,14.1,84,12.4,100
2024-05-30T21:00,14.6,84,9.7,100
2024-05-30T22:00,14.2,85,7.1,100
2024-05-30T23:00,13.9,86,5.3,100
2024-05-31T00:00,13.7,85,2.9,100
2024-05-31T01:00,13.9,84,5.5,20
2024-05-31T02:00,13.1,86,8.2,11
2024-05-31T03:00,12.3,88,6.7,12
2024-05-31T04:00,11.9,89,9.0,0
2024-05-31T05:00,11.5,85,10.7,0
2024-05-31T06:00,11.3,70,11.7,0
2024-05-31T07:00,10.7,65,12.0,0
2024-05-31T08:00,10.3,64,11.8,5
2024-05-31T09:00,9.8,66,11.2,0
2024-05-31T10:00,10.2,65,12.5,0
2024-05-31T11:00,12.2,66,13.5,0
2024-05-31T12:00,14.9,61,11.2,0
2024-05-31T13:00,17.5,58,10.2,3
2024-05-31T14:00,19.8,43,11.5,6
2024-05-31T15:00,20.7,37,11.8,24
2024-05-31T16:00,21.9,34,11.9,35
2024-05-31T17:00,22.8,28,16.2,94
2024-05-31T18:00,22.5,27,17.8,100
2024-05-31T19:00,22.6,32,15.1,100
2024-05-31T20:00,22.9,33,16.6,40
2024-05-31T21:00,23.2,31,17.6,67
2024-05-31T22:00,22.3,41,9.6,40
2024-05-31T23:00,20.4,60,7.1,85
2024-06-01T00:00,17.9,67,8.2,64
2024-06-01T01:00,16.1,58,8.4,7
2024-06-01T02:00,14.8,61,10.4,1
2024-06-01T03:00,13.9,65,10.0,0
2024-06-01T04:00,13.1,66,10.3,0
2024-06-01T05:00,12.4,67,10.7,0
2024-06-01T06:00,11.9,67,9.8,0
2024-06-01T07:00,11.6,66,9.4,0
2024-06-01T08:00,11.2,66,9.8,0
2024-06-01T09:00,10.4,71,6.6,0
2024-06-01T10:00,10.9,71,6.8,0
2024-06-01T11:00,13.3,66,10.0,0
2024-06-01T12:00,16.1,63,8.7,0
2024-06-01T13:00,18.5,55,7.9,0
2024-06-01T14:00,20.6,49,6.2,0
2024-06-01T15:00,22.4,41,5.6,0
2024-06-01T16:00,23.6,34,7.9,0
2024-06-01T17:00,24.4,31,8.4,0
2024-06-01T18:00,25.1,29,6.9,0
2024-06-01T19:00,25.6,27,8.5,0
2024-06-01T20:00,25.8,27,9.2,21
2024-06-01T21:00,26.1,27,8.1,40
2024-06-01T22:00,25.6,27,1.5,16
2024-06-01T23:00,23.5,50,3.4,74
2024-06-02T00:00,20.1,65,8.0,69
2024-06-02T01:00,18.5,65,9.0,28
2024-06-02T02:00,16.8,68,15.5,12
2024-06-02T03:00,15.7,76,4.7,15
2024-06-02T04:00,14.4,82,10.0,8
2024-06-02T05:00,13.4,88,9.5,44
2024-06-02T06:00,12.7,91,5.2,68
2024-06-02T07:00,12.9,88,3.4,100
2024-06-02T08:00,11.2,97,5.0,3
2024-06-02T09:00,10.5,100,6.9,25
2024-06-02T10:00,11.3,99,6.9,5
2024-06-02T11:00,13.3,90,5.4,0
2024-06-02T12:00,15.4,81,3.3,0
2024-06-02T13:00,17.5,76,4.4,12
2024-06-02T14:00,20.0,69,2.1,9
2024-06-02T15:00,22.7,61,1.4,72
2024-06-02T16:00,24.9,52,1.5,92
2024-06-02T17:00,26.4,43,3.0,54
2024-06-02T18:00,27.5,36,3.4,88
2024-06-02T19:00,27.8,34,3.5,94
2024-06-02T20:00,27.9,34,6.6,40
2024-06-02T21:00,27.7,36,8.7,30
2024-06-02T22:00,27.0,37,11.3,64
2024-06-02T23:00,24.8,47,8.1,94
2024-06-03T00:00,22.0,59,9.0,99
2024-06-03T01:00,20.9,58,9.6,95
2024-06-03T02:00,20.1,60,11.6,100
2024-06-03T03:00,19.8,62,13.0,100
2024-06-03T04:00,19.2,65,12.7,99
2024-06-03T05:00,18.9,66,12.9,100
2024-06-03T06:00,18.7,67,13.0,100
2024-06-03T07:00,18.3,66,11.5,97
2024-06-03T08:00,17.9,67,10.2,93
2024-06-03T09:00,17.4,67,8.9,100
2024-06-03T10:00,17.5,64,10.0,77
2024-06-03T11:00,18.6,61,9.8,79
2024-06-03T12:00,20.1,62,9.8,100
2024-06-03T13:00,21.1,54,9.2,100
2024-06-03T14:00,22.8,47,7.7,10
2024-06-03T15:00,24.3,43,11.0,31
2024-06-03T16:00,24.6,47,10.0,0
2024-06-03T17:00,23.5,56,16.9,0
2024-06-03T18:00,21.7,59,17.7,0
2024-06-03T19:00,21.5,55,15.5,0
2024-06-03T20:00,21.1,56,13.8,0
2024-06-03T21:00,20.0,64,15.5,1
2024-06-03T22:00,19.1,70,13.7,2
2024-06-03T23:00,18.4,72,10.9,1
2024-06-04T00:00,17.0,77,8.7,1
2024-06-04T01:00,16.2,81,9.8,1
2024-06-04T02:00,15.6,84,5.1,1
2024-06-04T03:00,15.2,86,1.5,89
2024-06-04T04:00,15.0,85,12.3,96
2024-06-04T05:00,14.4,89,10.6,97
2024-06-04T06:00,13.9,92,10.6,17
2024-06-04T07:00,13.5,92,5.5,35
2024-06-04T08:00,12.9,94,6.7,5
2024-06-04T09:00,13.6,91,4.3,0
2024-06-04T10:00,13.5,94,2.3,0
2024-06-04T11:00,15.0,87,4.2,0
2024-06-04T12:00,16.5,81,5.4,0
2024-06-04T13:00,17.7,76,7.6,0
2024-06-04T14:00,18.9,71,7.9,0
2024-06-04T15:00,20.1,67,8.6,0
2024-06-04T16:00,20.9,65,11.2,5
2024-06-04T17:00,20.9,66,14.8,94
2024-06-04T18:00,20.2,66,18.2,100
2024-06-04T19:00,20.2,63,17.6,95
2024-06-04T20:00,20.9,62,14.4,24
2024-06-04T21:00,20.9,64,14.7,98
2024-06-04T22:00,20.8,66,14.0,94
2024-06-04T23:00,20.2,70,13.0,84
2024-06-05T00:00,19.1,74,11.1,100
2024-06-05T01:00,17.8,81,8.6,51
2024-06-05T02:00,16.8,80,11.5,1
2024-06-05T03:00,16.0,85,12.3,0
2024-06-05T04:00,15.6,85,12.8,19
2024-06-05T05:00,15.2,84,12.8,1
2024-06-05T06:00,14.8,83,12.3,0
2024-06-05T07:00,14.3,84,12.4,0
2024-06-05T08:00,14.1,84,12.3,3
2024-06-05T09:00,14.1,85,12.5,30
2024-06-05T10:00,14.7,85,13.0,100
2024-06-05T11:00,16.2,82,12.0,36
2024-06-05T12:00,18.6,75,11.8,9
2024-06-05T13:00,20.2,74,12.4,50
2024-06-05T14:00,23.2,66,10.6,33
2024-06-05T15:00,25.9,56,12.7,55
2024-06-05T16:00,27.4,50,14.2,46
2024-06-05T17:00,28.2,47,13.5,30
2024-06-05T18:00,29.1,42,12.5,91
2024-06-05T19:00,29.9,32,14.2,48
2024-06-05T20:00,30.0,32,16.3,78
2024-06-05T21:00,29.3,35,14.7,37
2024-06-05T22:00,27.7,45,19.5,28
2024-06-05T23:00,24.9,62,19.5,21
2024-06-06T00:00,22.8,71,17.1,99
2024-06-06T01:00,21.5,77,16.1,100
2024-06-06T02:00,20.5,84,15.7,100
2024-06-06T03:00,19.7,89,13.6,100
2024-06-06T04:00,19.1,92,12.3,100
2024-06-06T05:00,18.5,95,10.9,97
2024-06-06T06:00,18.1,97,10.8,100
2024-06-06T07:00,18.4,97,10.9,100
2024-06-06T08:00,19.1,96,9.3,100
2024-06-06T09:00,19.1,97,5.1,100
2024-06-06T10:00,19.4,96,10.3,100
2024-06-06T11:00,19.6,95,9.8,100
2024-06-06T12:00,20.4,90,10.1,100
2024-06-06T13:00,20.6,92,9.7,100
2024-06-06T14:00,20.8,90,13.0,100
2024-06-06T15:00,20.5,92,9.6,100
2024-06-06T16:00,21.6,88,12.2,100
2024-06-06T17:00,22.2,85,13.2,97
2024-06-06T18:00,23.5,76,16.2,100
2024-06-06T19:00,22.6,80,19.6,95
2024-06-06T20:00,21.7,82,18.8,100
2024-06-06T21:00,20.8,84,16.3,100
2024-06-06T22:00,20.1,86,13.6,100
2024-06-06T23:00,19.0,90,12.9,100
2024-06-07T00:00,17.9,95,13.2,100
2024-06-07T01:00,16.6,99,12.4,100
2024-06-07T02:00,16.8,97,10.5,100
2024-06-07T03:00,16.8,98,5.4,100
2024-06-07T04:00,17.1,97,6.6,100
2024-06-07T05:00,17.3,96,4.7,100
2024-06-07T06:00,17.4,96,7.6,100
2024-06-07T07:00,17.4,95,6.8,100
2024-06-07T08:00,17.3,95,5.0,100
2024-06-07T09:00,16.9,97,5.4,100
2024-06-07T10:00,17.2,95,5.9,95
2024-06-07T11:00,18.3,89,6.9,99
2024-06-07T12:00,19.7,84,7.1,100
2024-06-07T13:00,20.5,81,4.9,94
2024-06-07T14:00,21.9,74,2.9,9
2024-06-07T15:00,23.5,72,2.4,96
2024-06-07T16:00,23.4,73,4.6,50
2024-06-07T17:00,24.2,73,6.1,51
2024-06-07T18:00,23.8,72,10.8,96
2024-06-07T19:00,21.8,84,14.2,59
2024-06-07T20:00,24.9,72,8.4,47
2024-06-07T21:00,26.1,51,10.8,55
2024-06-07T22:00,24.9,57,14.8,19
2024-06-07T23:00,24.0,67,13.3,26
2024-06-08T00:00,22.3,75,8.8,53
2024-06-08T01:00,21.7,72,6.2,100
2024-06-08T02:00,20.5,72,11.0,100
2024-06-08T03:00,20.2,67,12.2,100
2024-06-08T04:00,19.1,71,8.1,18
2024-06-08T05:00,17.4,72,12.6,0
2024-06-08T06:00,16.5,75,14.4,0
2024-06-08T07:00,15.7,80,13.7,0
2024-06-08T08:00,15.0,82,14.4,0
2024-06-08T09:00,14.4,83,14.4,0
2024-06-08T10:00,14.6,81,15.2,0
2024-06-08T11:00,16.2,74,17.6,0
2024-06-08T12:00,17.5,70,17.7,0
2024-06-08T13:00,19.5,61,18.7,2
2024-06-08T14:00,20.9,55,20.9,12
2024-06-08T15:00,21.8,51,22.7,17
2024-06-08T16:00,22.3,49,22.7,32
2024-06-08T17:00,23.2,47,23.8,34
2024-06-08T18:00,23.6,46,25.7,25
2024-06-08T19:00,23.5,47,24.8,42
2024-06-08T20:00,24.2,46,24.1,24
2024-06-08T21:00,23.8,42,26.9,25
2024-06-08T22:00,23.3,47,21.6,18
2024-06-08T23:00,22.5,51,17.3,2
2024-06-09T00:00,20.9,56,15.2,99
2024-06-09T01:00,18.7,60,14.0,12
2024-06-09T02:00,17.8,64,11.5,94
2024-06-09T03:00,17.4,67,9.9,100
2024-06-09T04:00,17.4,68,11.8,100
2024-06-09T05:00,17.4,68,15.1,98
2024-06-09T06:00,17.1,70,13.5,100
2024-06-09T07:00,17.0,72,11.7,96
2024-06-09T08:00,16.6,73,12.9,100
2024-06-09T09:00,16.2,74,11.2,83
2024-06-09T10:00,15.9,72,9.4,100
2024-06-09T11:00,16.5,72,8.1,100
2024-06-09T12:00,17.3,72,5.9,100
2024-06-09T13:00,16.6,86,5.7,100
2024-06-09T14:00,16.0,82,8.0,100
2024-06-09T15:00,15.6,81,9.7,100
2024-06-09T16:00,15.0,81,6.4,100
2024-06-09T17:00,15.3,86,13.7,100
2024-06-09T18:00,15.6,81,11.1,100
2024-06-09T19:00,16.9,74,2.7,0
2024-06-09T20:00,19.3,64,7.9,9
2024-06-09T21:00,20.4,59,18.0,46
2024-06-09T22:00,20.7,57,17.2,12
2024-06-09T23:00,20.1,61,13.6,1
2024-06-10T00:00,18.6,65,14.1,0
2024-06-10T01:00,16.8,72,14.4,0
2024-06-10T02:00,16.3,65,14.6,0
2024-06-10T03:00,15.8,65,14.7,7
2024-06-10T04:00,15.1,67,13.8,4
2024-06-10T05:00,14.4,70,12.9,17
2024-06-10T06:00,13.7,73,12.9,20
2024-06-10T07:00,13.4,75,12.4,35
2024-06-10T08:00,13.6,74,14.1,49
2024-06-10T09:00,14.0,72,15.3,0
2024-06-10T10:00,14.0,74,14.4,0
2024-06-10T11:00,15.2,74,14.5,0
2024-06-10T12:00,16.5,69,15.9,2
2024-06-10T13:00,18.3,66,13.8,0
2024-06-10T14:00,19.8,62,13.3,0
2024-06-10T15:00,21.3,55,11.5,1
2024-06-10T16:00,22.9,47,13.4,85
2024-06-10T17:00,23.0,44,14.0,95
2024-06-10T18:00,23.9,42,15.6,66
2024-06-10T19:00,24.1,40,16.3,65
2024-06-10T20:00,24.3,39,18.4,100
2024-06-10T21:00,23.7,41,18.4,94
2024-06-10T22:00,21.8,53,18.9,42
2024-06-10T23:00,20.7,58,17.3,12
2024-06-11T00:00,18.9,67,14.1,9
2024-06-11T01:00,17.2,76,10.0,2
2024-06-11T02:00,16.1,80,10.5,2
2024-06-11T03:00,15.5,81,12.2,1
2024-06-11T04:00,15.0,81,12.7,1
2024-06-11T05:00,14.4,82,11.4,1
2024-06-11T06:00,13.8,84,10.0,5
2024-06-11T07:00,13.2,87,8.9,15
2024-06-11T08:00,12.8,89,9.7,18
2024-06-11T09:00,12.5,90,9.1,15
2024-06-11T10:00,12.8,89,9.7,79
2024-06-11T11:00,14.3,84,8.5,97
2024-06-11T12:00,16.1,74,9.5,8
2024-06-11T13:00,18.1,69,7.4,21
2024-06-11T14:00,19.8,62,8.0,94
2024-06-11T15:00,20.3,59,10.0,97
2024-06-11T16:00,21.1,56,9.9,100
2024-06-11T17:00,21.5,56,8.0,100
2024-06-11T18:00,21.7,55,7.6,100
2024-06-11T19:00,22.3,53,5.7,99
2024-06-11T20:00,22.2,53,3.3,95
2024-06-11T21:00,21.0,62,7.1,73
2024-06-11T22:00,20.2,68,8.0,78
2024-06-11T23:00,19.6,71,7.6,62
2024-06-12T00:00,18.6,79,4.1,62
2024-06-12T01:00,17.5,87,4.9,77
2024-06-12T02:00,17.1,86,5.8,84
2024-06-12T03:00,16.4,89,7.8,9
2024-06-12T04:00,15.5,91,6.0,8
2024-06-12T05:00,14.5,95,5.9,28
2024-06-12T06:00,14.0,97,5.8,21
2024-06-12T07:00,13.8,98,4.3,11
2024-06-12T08:00,13.2,99,6.5,14
2024-06-12T09:00,12.9,99,6.3,2
2024-06-12T10:00,13.7,96,7.0,0
2024-06-12T11:00,15.4,89,3.7,0
2024-06-12T12:00,17.8,82,2.5,0
2024-06-12T13:00,20.6,73,2.3,1
2024-06-12T14:00,22.2,64,3.3,8
2024-06-12T15:00,22.6,62,2.5,29
2024-06-12T16:00,23.2,61,0.8,41
2024-06-12T17:00,23.3,60,0.5,47
2024-06-12T18:00,23.7,58,2.8,89
2024-06-12T19:00,23.5,57,8.0,98
2024-06-12T20:00,22.7,60,9.8,55
2024-06-12T21:00,22.7,62,9.0,50
2024-06-12T22:00,22.4,63,8.9,41
2024-06-12T23:00,21.8,66,8.8,56
2024-06-13T00:00,20.3,78,7.7,55
2024-06-13T01:00,18.9,87,9.7,70
2024-06-13T02:00,18.3,92,10.0,40
2024-06-13T03:00,18.2,82,13.1,44
2024-06-13T04:00,17.8,70,14.6,69
2024-06-13T05:00,17.1,71,12.4,24
2024-06-13T06:00,15.8,77,7.9,0
2024-06-13T07:00,14.8,82,9.4,1
2024-06-13T08:00,14.4,84,10.7,0
2024-06-13T09:00,14.0,85,9.9,0
2024-06-13T10:00,14.3,84,11.0,0
2024-06-13T11:00,16.2,78,11.1,0
2024-06-13T12:00,18.7,69,10.5,0
2024-06-13T13:00,21.5,56,11.9,0
2024-06-13T14:00,23.2,48,11.2,13
2024-06-13T15:00,24.6,47,11.6,60
2024-06-13T16:00,25.8,45,9.6,63
2024-06-13T17:00,27.3,41,10.0,27
2024-06-13T18:00,27.6,40,6.7,16
2024-06-13T19:00,27.2,44,8.1,1
2024-06-13T20:00,27.2,50,10.1,12
2024-06-13T21:00,26.9,55,17.2,21
2024-06-13T22:00,25.2,61,23.1,52
2024-06-13T23:00,24.7,63,19.5,94
2024-06-14T00:00,23.3,64,19.8,4
2024-06-14T01:00,22.7,65,17.6,0
2024-06-14T02:00,21.6,68,17.2,0
2024-06-14T03:00,20.7,67,16.8,100
2024-06-14T04:00,19.9,68,16.6,14
2024-06-14T05:00,19.3,73,17.8,0
2024-06-14T06:00,19.0,76,17.9,0
2024-06-14T07:00,18.7,77,17.1,1
2024-06-14T08:00,18.5,78,17.7,0
2024-06-14T09:00,18.4,80,18.9,0
2024-06-14T10:00,18.7,81,17.9,0
2024-06-14T11:00,20.1,78,16.6,13
2024-06-14T12:00,21.9,74,19.2,10
2024-06-14T13:00,24.3,69,17.9,75
2024-06-14T14:00,26.0,65,19.4,18
2024-06-14T15:00,27.9,59,18.4,66
2024-06-14T16:00,28.9,56,13.7,100
2024-06-14T17:00,28.8,55,15.1,99
2024-06-14T18:00,23.6,82,17.1,97
2024-06-14T19:00,24.4,81,4.5,100
2024-06-14T20:00,24.0,83,3.5,100
2024-06-14T21:00,24.7,80,9.2,100
2024-06-14T22:00,24.1,80,13.8,100
2024-06-14T23:00,23.6,84,12.5,100
2024-06-15T00:00,22.8,87,11.2,100
2024-06-15T01:00,20.6,94,18.0,100
2024-06-15T02:00,19.2,94,15.6,96
2024-06-15T03:00,19.0,95,17.9,100
2024-06-15T04:00,18.9,95,13.2,100
2024-06-15T05:00,18.8,95,10.2,100
2024-06-15T06:00,18.6,96,10.1,100
2024-06-15T07:00,18.6,97,12.6,98
2024-06-15T08:00,18.3,93,14.3,100
2024-06-15T09:00,17.7,90,16.8,97
2024-06-15T10:00,17.4,89,16.9,45
2024-06-15T11:00,18.1,88,13.7,86
2024-06-15T12:00,18.9,82,15.0,34
2024-06-15T13:00,19.2,79,18.1,21
2024-06-15T14:00,21.1,65,16.6,16
2024-06-15T15:00,22.5,48,18.0,27
2024-06-15T16:00,23.0,39,18.2,25
2024-06-15T17:00,23.6,34,18.0,6
2024-06-15T18:00,23.9,32,19.2,0
2024-06-15T19:00,24.0,32,19.5,0
2024-06-15T20:00,23.8,33,19.7,0
2024-06-15T21:00,23.4,35,19.5,0
2024-06-15T22:00,22.6,36,18.7,0
2024-06-15T23:00,21.3,43,13.9,0
2024-06-16T00:00,19.1,51,10.2,0
2024-06-16T01:00,18.0,55,12.0,0
2024-06-16T02:00,16.9,56,12.1,0
2024-06-16T03:00,16.0,56,11.6,0
2024-06-16T04:00,14.9,59,10.8,0
2024-06-16T05:00,14.0,61,11.3,0
2024-06-16T06:00,13.1,64,10.0,0
2024-06-16T07:00,12.1,70,8.3,0
2024-06-16T08:00,11.4,73,7.6,0
2024-06-16T09:00,10.8,75,7.3,0
2024-06-16T10:00,11.1,74,8.7,0
2024-06-16T11:00,13.0,71,8.2,0
2024-06-16T12:00,15.5,63,7.6,13
2024-06-16T13:00,17.5,49,8.7,37
2024-06-16T14:00,18.7,47,6.6,68
2024-06-16T15:00,19.5,45,7.6,100
2024-06-16T16:00,19.9,46,9.4,100
2024-06-16T17:00,20.0,45,12.3,100
2024-06-16T18:00,20.5,45,11.4,100
2024-06-16T19:00,21.1,45,12.3,97
2024-06-16T20:00,20.9,47,13.4,97
2024-06-16T21:00,20.7,48,14.7,96
2024-06-16T22:00,20.3,50,15.3,100
2024-06-16T23:00,19.2,57,14.5,100
2024-06-17T00:00,17.8,60,13.2,93
2024-06-17T01:00,17.4,65,13.5,92
2024-06-17T02:00,16.9,67,12.4,100
2024-06-17T03:00,16.3,70,13.3,100
2024-06-17T04:00,15.9,73,13.7,100
2024-06-17T05:00,15.5,74,11.5,94
2024-06-17T06:00,14.2,78,10.7,94
2024-06-17T07:00,13.7,79,10.2,100
2024-06-17T08:00,13.4,80,9.2,98
2024-06-17T09:00,13.2,83,9.2,100
2024-06-17T10:00,13.8,82,10.8,99
2024-06-17T11:00,15.3,80,9.7,98
2024-06-17T12:00,17.5,76,10.5,100
2024-06-17T13:00,20.3,69,11.7,38
2024-06-17T14:00,22.8,61,14.8,57
2024-06-17T15:00,24.4,56,17.7,83
2024-06-17T16:00,25.7,55,19.8,68
2024-06-17T17:00,26.5,55,20.6,87
2024-06-17T18:00,27.1,53,21.1,100
2024-06-17T19:00,26.0,56,21.1,100
2024-06-17T20:00,26.9,53,19.8,99
2024-06-17T21:00,26.5,55,19.4,71
2024-06-17T22:00,25.0,61,21.5,59
2024-06-17T23:00,24.3,63,18.1,39
2024-06-18T00:00,22.6,70,16.5,46
2024-06-18T01:00,21.1,77,15.1,6
2024-06-18T02:00,20.6,77,16.8,2
2024-06-18T03:00,20.4,75,17.1,27
2024-06-18T04:00,20.2,75,16.6,94
2024-06-18T05:00,19.8,77,15.5,54
2024-06-18T06:00,19.5,79,15.3,79
2024-06-18T07:00,19.2,82,14.8,100
2024-06-18T08:00,19.1,84,13.5,100
2024-06-18T09:00,18.9,87,12.7,97
2024-06-18T10:00,19.3,87,12.8,96
2024-06-18T11:00,20.9,83,12.0,100
2024-06-18T12:00,23.1,77,11.1,99
2024-06-18T13:00,25.9,71,7.9,88
2024-06-18T14:00,28.3,64,7.1,95
2024-06-18T15:00,30.4,57,7.5,96
2024-06-18T16:00,32.0,51,6.9,81
2024-06-18T17:00,33.0,46,7.9,14
2024-06-18T18:00,33.6,45,7.3,8
2024-06-18T19:00,33.7,45,7.8,98
2024-06-18T20:00,34.2,44,12.8,79
2024-06-18T21:00,33.2,47,17.5,37
2024-06-18T22:00,32.1,51,17.3,39
2024-06-18T23:00,29.6,62,18.8,97
2024-06-19T00:00,27.1,71,18.3,92
2024-06-19T01:00,25.8,77,17.2,100
2024-06-19T02:00,25.0,77,17.2,96
2024-06-19T03:00,24.1,76,17.1,97
2024-06-19T04:00,23.3,75,16.6,74
2024-06-19T05:00,22.7,73,16.8,83
2024-06-19T06:00,22.2,71,15.3,100
2024-06-19T07:00,21.7,70,15.3,49
2024-06-19T08:00,21.3,69,15.9,49
2024-06-19T09:00,21.0,69,16.6,87
2024-06-19T10:00,21.1,68,17.3,99
2024-06-19T11:00,22.0,68,15.5,99
2024-06-19T12:00,23.8,65,15.0,97
2024-06-19T13:00,26.5,63,12.9,80
2024-06-19T14:00,29.0,59,13.0,32
2024-06-19T15:00,31.3,55,12.5,30
2024-06-19T16:00,33.1,51,12.8,21
2024-06-19T17:00,34.1,48,13.4,35
2024-06-19T18:00,35.0,45,13.5,3
2024-06-19T19:00,35.6,44,13.7,5
2024-06-19T20:00,33.9,47,18.6,42
2024-06-19T21:00,32.3,55,23.0,27
2024-06-19T22:00,30.7,58,21.4,61
2024-06-19T23:00,28.9,62,20.3,100
2024-06-20T00:00,27.4,63,18.6,85
2024-06-20T01:00,26.7,80,14.0,100
2024-06-20T02:00,25.7,76,16.4,100
2024-06-20T03:00,24.8,75,16.6,92
2024-06-20T04:00,24.0,75,16.0,86
2024-06-20T05:00,23.3,74,15.1,96
2024-06-20T06:00,22.8,72,15.9,29
2024-06-20T07:00,22.4,69,15.6,47
2024-06-20T08:00,22.1,67,15.8,93
2024-06-20T09:00,21.8,68,15.4,86
2024-06-20T10:00,22.1,69,15.0,73
2024-06-20T11:00,23.5,68,13.4,75
2024-06-20T12:00,25.7,64,12.1,100
2024-06-20T13:00,28.1,67,11.2,100
2024-06-20T14:00,30.9,61,10.2,100
2024-06-20T15:00,32.8,55,9.6,100
2024-06-20T16:00,34.1,50,9.0,100
2024-06-20T17:00,35.3,42,11.5,100
2024-06-20T18:00,33.9,46,15.1,100
2024-06-20T19:00,33.9,47,15.7,100
2024-06-20T20:00,34.7,43,14.8,100
2024-06-20T21:00,34.8,42,15.6,99
2024-06-20T22:00,29.1,63,13.8,100
2024-06-20T23:00,28.7,69,9.9,77
2024-06-21T00:00,28.1,73,10.0,100
2024-06-21T01:00,24.7,83,13.1,100
2024-06-21T02:00,24.0,88,4.8,100
2024-06-21T03:00,23.7,91,3.8,100
2024-06-21T04:00,23.3,94,6.1,99
2024-06-21T05:00,22.8,96,8.4,4
2024-06-21T06:00,22.2,97,8.1,11
2024-06-21T07:00,21.8,97,8.2,18
2024-06-21T08:00,21.7,97,8.0,85
2024-06-21T09:00,21.6,96,7.4,14
2024-06-21T10:00,21.9,95,7.3,6
2024-06-21T11:00,23.4,90,4.5,99
2024-06-21T12:00,25.4,83,2.2,97
2024-06-21T13:00,28.0,68,5.8,40
2024-06-21T14:00,29.0,61,9.9,17
2024-06-21T15:00,27.2,69,13.5,95
2024-06-21T16:00,25.5,75,17.6,90
2024-06-21T17:00,25.4,68,14.3,72
2024-06-21T18:00,25.4,61,14.8,88
2024-06-21T19:00,24.4,63,17.5,45
2024-06-21T20:00,24.3,63,16.3,42
2024-06-21T21:00,23.1,69,14.1,80
2024-06-21T22:00,22.2,74,10.1,98
2024-06-21T23:00,20.6,80,9.8,100
2024-06-22T00:00,19.6,86,8.4,100
2024-06-22T01:00,18.7,92,10.4,100
2024-06-22T02:00,18.5,91,9.5,93
2024-06-22T03:00,18.3,93,1.4,82
2024-06-22T04:00,18.3,92,1.8,96
2024-06-22T05:00,17.8,94,1.9,100
2024-06-22T06:00,18.0,94,2.8,100
2024-06-22T07:00,18.2,93,1.6,100
2024-06-22T08:00,18.2,93,2.2,100
2024-06-22T09:00,18.1,92,3.9,100
2024-06-22T10:00,18.3,91,5.0,100
2024-06-22T11:00,18.6,91,5.3,100
2024-06-22T12:00,19.5,89,5.2,100
2024-06-22T13:00,19.3,88,9.8,100
2024-06-22T14:00,19.9,85,11.7,100
2024-06-22T15:00,20.2,84,10.0,100
2024-06-22T16:00,20.0,86,11.5,100
2024-06-22T17:00,21.3,81,10.5,100
2024-06-22T18:00,22.4,78,8.9,100
2024-06-22T19:00,21.6,80,11.2,100
2024-06-22T20:00,21.4,81,11.4,100
2024-06-22T21:00,19.5,90,13.5,98
2024-06-22T22:00,20.0,87,13.0,100
2024-06-22T23:00,19.2,90,14.0,100
2024-06-23T00:00,18.7,92,13.0,100
2024-06-23T01:00,17.5,90,10.2,100
2024-06-23T02:00,17.5,90,10.5,100
2024-06-23T03:00,17.2,91,9.5,100
2024-06-23T04:00,17.1,91,8.5,100
2024-06-23T05:00,17.2,91,8.3,100
2024-06-23T06:00,17.3,91,9.3,100
2024-06-23T07:00,17.4,91,8.9,100
2024-06-23T08:00,17.6,92,7.9,100
2024-06-23T09:00,17.8,94,6.1,100
2024-06-23T10:00,18.0,95,5.6,100
2024-06-23T11:00,18.4,94,9.0,100
2024-06-23T12:00,19.5,93,11.2,100
2024-06-23T13:00,19.1,97,7.9,100
2024-06-23T14:00,21.6,94,16.0,100
2024-06-23T15:00,24.6,87,20.4,97
2024-06-23T16:00,27.7,74,28.3,82
2024-06-23T17:00,29.3,70,25.1,71
2024-06-23T18:00,31.5,63,22.1,100
2024-06-23T19:00,31.5,61,25.5,100
2024-06-23T20:00,30.8,63,27.3,100
2024-06-23T21:00,29.6,67,22.3,100
2024-06-23T22:00,28.3,69,21.4,100
2024-06-23T23:00,27.0,72,24.0,100
2024-06-24T00:00,26.3,72,24.6,100
2024-06-24T01:00,26.2,75,24.9,100
2024-06-24T02:00,26.0,75,22.1,100
2024-06-24T03:00,25.7,76,21.8,100
2024-06-24T04:00,25.6,75,23.7,100
2024-06-24T05:00,25.9,71,24.2,100
2024-06-24T06:00,25.5,73,23.8,97
2024-06-24T07:00,24.8,77,21.7,40
2024-06-24T08:00,24.2,80,19.6,84
2024-06-24T09:00,23.7,83,18.1,2
2024-06-24T10:00,23.9,82,17.0,1
2024-06-24T11:00,24.8,77,17.1,36
2024-06-24T12:00,25.1,70,18.8,4
2024-06-24T13:00,25.4,58,21.6,22
2024-06-24T14:00,25.6,55,20.2,42
2024-06-24T15:00,26.0,50,22.0,6
2024-06-24T16:00,26.8,47,23.2,34
2024-06-24T17:00,27.2,45,22.9,89
2024-06-24T18:00,26.5,47,22.0,100
2024-06-24T19:00,26.9,46,20.2,70
2024-06-24T20:00,26.9,45,18.8,100
2024-06-24T21:00,25.7,48,16.3,54
2024-06-24T22:00,25.3,49,17.2,49
2024-06-24T23:00,23.3,58,15.8,44
2024-06-25T00:00,21.9,65,14.5,16
2024-06-25T01:00,21.3,68,15.4,34
2024-06-25T02:00,20.0,76,19.5,86
2024-06-25T03:00,18.6,87,21.9,99
2024-06-25T04:00,18.3,90,22.3,100
2024-06-25T05:00,18.2,89,18.0,44
2024-06-25T06:00,17.7,89,15.6,3
2024-06-25T07:00,17.2,84,15.0,0
2024-06-25T08:00,16.9,79,15.0,0
2024-06-25T09:00,16.8,78,13.8,0
2024-06-25T10:00,17.1,78,13.6,0
2024-06-25T11:00,18.9,74,16.3,0
2024-06-25T12:00,21.3,69,13.7,0
2024-06-25T13:00,24.4,59,14.1,0
2024-06-25T14:00,26.6,51,15.3,0
2024-06-25T15:00,28.4,38,15.6,0
2024-06-25T16:00,29.6,34,16.3,0
2024-06-25T17:00,30.5,32,15.9,9
2024-06-25T18:00,31.0,32,16.0,3
2024-06-25T19:00,31.5,30,14.6,48
2024-06-25T20:00,31.5,29,13.9,96
2024-06-25T21:00,31.2,29,15.6,100
2024-06-25T22:00,30.6,34,12.7,98
2024-06-25T23:00,28.7,41,17.3,100
2024-06-26T00:00,25.4,56,10.0,99
2024-06-26T01:00,23.4,58,10.6,15
2024-06-26T02:00,22.1,63,9.7,99
2024-06-26T03:00,23.0,58,16.1,100
2024-06-26T04:00,22.6,55,16.7,98
2024-06-26T05:00,22.3,55,17.9,100
2024-06-26T06:00,21.7,58,18.1,100
2024-06-26T07:00,21.3,59,17.6,98
2024-06-26T08:00,21.4,57,18.7,100
2024-06-26T09:00,21.4,59,19.7,99
2024-06-26T10:00,21.5,63,19.3,100
2024-06-26T11:00,22.7,63,19.9,100
2024-06-26T12:00,24.3,62,18.9,100
2024-06-26T13:00,26.3,58,18.1,98
2024-06-26T14:00,28.0,53,18.1,74
2024-06-26T15:00,29.7,49,18.9,53
2024-06-26T16:00,30.9,47,18.9,27
2024-06-26T17:00,31.4,45,21.9,43
2024-06-26T18:00,31.5,44,21.8,87
2024-06-26T19:00,31.2,45,21.5,74
2024-06-26T20:00,31.6,45,18.9,36
2024-06-26T21:00,31.5,45,18.6,72
2024-06-26T22:00,31.0,46,18.1,29
2024-06-26T23:00,29.8,51,13.2,94
2024-06-27T00:00,27.2,65,19.0,99
2024-06-27T01:00,23.3,83,10.7,99
2024-06-27T02:00,22.1,90,7.0,100
2024-06-27T03:00,22.0,92,8.2,91
2024-06-27T04:00,21.3,95,9.6,99
2024-06-27T05:00,20.9,98,13.9,100
2024-06-27T06:00,20.7,96,7.0,100
2024-06-27T07:00,20.3,97,8.9,100
2024-06-27T08:00,19.4,93,13.4,100
2024-06-27T09:00,18.7,92,10.4,100
2024-06-27T10:00,18.4,92,9.4,100
2024-06-27T11:00,18.3,95,10.5,100
2024-06-27T12:00,18.8,94,8.8,100
2024-06-27T13:00,21.9,76,10.4,100
2024-06-27T14:00,22.9,67,12.3,3
2024-06-27T15:00,24.6,60,12.8,5
2024-06-27T16:00,26.2,52,17.5,55
2024-06-27T17:00,27.0,48,17.6,59
2024-06-27T18:00,27.5,45,19.4,73
2024-06-27T19:00,26.6,48,19.8,14
2024-06-27T20:00,27.7,44,19.8,35
2024-06-27T21:00,27.0,46,22.5,29
2024-06-27T22:00,26.2,49,20.9,21
2024-06-27T23:00,25.1,53,17.1,8
2024-06-28T00:00,23.2,58,15.2,1
2024-06-28T01:00,22.2,59,15.3,8
2024-06-28T02:00,20.5,54,19.2,3
2024-06-28T03:00,18.8,57,13.8,7
2024-06-28T04:00,17.5,58,12.6,0
2024-06-28T05:00,16.4,60,12.0,0
2024-06-28T06:00,15.6,61,12.8,0
2024-06-28T07:00,15.2,61,14.5,0
2024-06-28T08:00,14.5,63,11.7,0
2024-06-28T09:00,13.6,68,10.0,0
2024-06-28T10:00,13.5,71,10.2,0
2024-06-28T11:00,14.8,67,11.9,0
2024-06-28T12:00,16.4,55,14.8,0
2024-06-28T13:00,17.5,42,17.5,0
2024-06-28T14:00,18.7,42,14.6,0
2024-06-28T15:00,20.1,39,13.9,0
2024-06-28T16:00,21.3,37,12.1,0
2024-06-28T17:00,22.5,34,11.1,0
2024-06-28T18:00,23.3,32,6.9,0
2024-06-28T19:00,23.6,31,2.3,0
2024-06-28T20:00,24.1,30,1.4,0
2024-06-28T21:00,24.1,30,4.4,0
2024-06-28T22:00,23.6,36,7.7,0
2024-06-28T23:00,22.3,46,9.4,0
2024-06-29T00:00,20.2,55,17.4,8
2024-06-29T01:00,18.3,63,15.8,100
2024-06-29T02:00,17.2,68,14.7,100
2024-06-29T03:00,16.5,69,12.6,100
2024-06-29T04:00,15.9,70,11.6,100
2024-06-29T05:00,15.5,69,10.9,100
2024-06-29T06:00,15.3,69,10.1,100
2024-06-29T07:00,15.3,67,10.8,100
2024-06-29T08:00,15.4,66,10.8,100
2024-06-29T09:00,15.0,68,9.3,100
2024-06-29T10:00,15.7,69,11.7,100
2024-06-29T11:00,16.5,73,8.2,100
2024-06-29T12:00,17.0,78,7.3,100
2024-06-29T13:00,18.2,76,7.9,100
2024-06-29T14:00,19.0,71,12.1,100
2024-06-29T15:00,20.7,59,15.9,100
2024-06-29T16:00,22.0,50,18.0,100
2024-06-29T17:00,23.1,40,19.7,100
2024-06-29T18:00,22.9,40,20.8,92
2024-06-29T19:00,24.5,42,24.6,98
2024-06-29T20:00,24.3,49,24.9,100
2024-06-29T21:00,24.0,53,25.0,100
2024-06-29T22:00,22.5,59,23.7,100
2024-06-29T23:00,20.9,76,22.5,100
2024-06-30T00:00,20.0,89,20.4,100
2024-06-30T01:00,21.1,88,23.6,100
2024-06-30T02:00,21.2,90,24.0,100
2024-06-30T03:00,21.3,91,23.3,100
2024-06-30T04:00,21.7,91,25.3,100
2024-06-30T05:00,22.0,92,24.0,100
2024-06-30T06:00,22.3,92,22.6,100
2024-06-30T07:00,22.3,94,21.4,100
2024-06-30T08:00,22.4,95,21.3,100
2024-06-30T09:00,22.6,94,21.4,100
2024-06-30T10:00,23.0,93,20.7,100
2024-06-30T11:00,23.4,91,19.6,100
2024-06-30T12:00,24.2,87,20.0,100
2024-06-30T13:00,25.4,87,16.2,100
2024-06-30T14:00,28.1,74,20.0,100
2024-06-30T15:00,29.7,67,16.1,100
2024-06-30T16:00,30.8,63,18.1,100
2024-06-30T17:00,31.2,63,19.1,100
2024-06-30T18:00,31.5,60,19.4,100
2024-06-30T19:00,30.5,58,23.0,100
2024-06-30T20:00,29.8,63,18.9,99
2024-06-30T21:00,29.9,66,9.8,100
2024-06-30T22:00,23.7,92,15.9,100
2024-06-30T23:00,23.1,96,7.8,100
2024-07-01T00:00,23.0,96,7.0,100
2024-07-01T01:00,22.7,94,18.6,100
2024-07-01T02:00,21.6,93,15.3,53
2024-07-01T03:00,21.2,96,12.3,44
2024-07-01T04:00,21.3,91,14.4,94
2024-07-01T05:00,21.4,83,20.7,37
2024-07-01T06:00,20.4,81,17.0,15
2024-07-01T07:00,19.7,81,15.3,89
2024-07-01T08:00,19.7,81,14.0,100
2024-07-01T09:00,19.1,82,15.0,36
2024-07-01T10:00,18.5,85,14.8,50
2024-07-01T11:00,19.4,80,16.8,39
2024-07-01T12:00,20.4,76,16.4,39
2024-07-01T13:00,22.6,69,17.9,21
2024-07-01T14:00,23.7,64,16.3,12
2024-07-01T15:00,24.5,62,13.2,25
2024-07-01T16:00,25.0,59,13.0,97
2024-07-01T17:00,23.9,64,13.4,94
2024-07-01T18:00,19.5,87,8.5,87
2024-07-01T19:00,20.4,80,5.1,53
2024-07-01T20:00,22.7,72,1.8,64
2024-07-01T21:00,22.0,71,9.7,44
2024-07-01T22:00,22.6,67,10.8,22
2024-07-01T23:00,22.2,68,9.8,11
2024-07-02T00:00,20.9,73,9.4,4
2024-07-02T01:00,20.5,81,5.0,14
2024-07-02T02:00,19.6,85,5.2,7
2024-07-02T03:00,19.2,84,11.1,21
2024-07-02T04:00,19.2,75,15.5,0
2024-07-02T05:00,18.1,66,14.9,0
2024-07-02T06:00,17.5,66,13.2,0
2024-07-02T07:00,16.8,68,12.7,0
2024-07-02T08:00,16.3,69,12.0,0
2024-07-02T09:00,15.8,71,9.9,0
2024-07-02T10:00,15.9,72,9.7,0
2024-07-02T11:00,17.5,72,10.7,0
2024-07-02T12:00,20.0,65,8.7,0
2024-07-02T13:00,22.5,58,9.5,0
2024-07-02T14:00,24.5,51,8.8,0
2024-07-02T15:00,25.9,44,8.0,6
2024-07-02T16:00,26.3,41,10.8,61
2024-07-02T17:00,25.8,44,15.5,0
2024-07-02T18:00,25.6,42,14.4,0
2024-07-02T19:00,25.8,38,11.4,37
2024-07-02T20:00,25.6,36,10.0,15
2024-07-02T21:00,25.8,38,13.8,0
2024-07-02T22:00,24.2,48,15.3,0
2024-07-02T23:00,23.1,57,9.2,0
2024-07-03T00:00,21.5,62,7.6,0
2024-07-03T01:00,20.1,65,7.7,0
2024-07-03T02:00,19.0,68,7.0,72
2024-07-03T03:00,17.8,68,7.9,98
2024-07-03T04:00,17.1,71,7.7,83
2024-07-03T05:00,16.3,77,5.9,10
2024-07-03T06:00,16.0,82,6.6,1
2024-07-03T07:00,16.0,83,7.3,65
2024-07-03T08:00,15.7,85,6.5,39
2024-07-03T09:00,15.4,86,6.1,76
2024-07-03T10:00,16.0,84,6.8,0
2024-07-03T11:00,18.2,77,6.8,50
2024-07-03T12:00,20.8,71,3.7,83
2024-07-03T13:00,23.6,65,4.7,76
2024-07-03T14:00,25.8,51,1.6,98
2024-07-03T15:00,26.9,40,5.7,59
2024-07-03T16:00,27.3,40,8.4,90
2024-07-03T17:00,27.6,40,9.8,79
2024-07-03T18:00,27.3,41,14.4,59
2024-07-03T19:00,27.7,39,11.5,19
2024-07-03T20:00,27.4,43,10.5,48
2024-07-03T21:00,27.1,48,8.3,43
2024-07-03T22:00,26.2,43,21.6,100
2024-07-03T23:00,24.8,49,19.5,100
2024-07-04T00:00,23.0,54,16.7,98
2024-07-04T01:00,21.4,60,14.6,97
2024-07-04T02:00,20.3,63,13.5,11
2024-07-04T03:00,19.0,64,12.3,81
2024-07-04T04:00,18.0,66,11.5,14
2024-07-04T05:00,17.6,66,12.6,9
2024-07-04T06:00,17.5,65,12.8,99
2024-07-04T07:00,17.5,67,13.4,98
2024-07-04T08:00,17.5,70,14.2,95
2024-07-04T09:00,17.6,73,14.6,92
2024-07-04T10:00,18.3,74,15.1,68
2024-07-04T11:00,19.6,73,13.5,98
2024-07-04T12:00,21.1,69,16.1,100
2024-07-04T13:00,22.7,67,16.1,92
2024-07-04T14:00,24.6,64,15.3,100
2024-07-04T15:00,26.5,61,15.0,100
2024-07-04T16:00,28.4,57,15.0,99
2024-07-04T17:00,29.8,55,14.9,93
2024-07-04T18:00,30.8,53,14.0,81
2024-07-04T19:00,32.1,50,16.1,59
2024-07-04T20:00,31.9,51,16.8,50
2024-07-04T21:00,31.2,52,15.8,100
2024-07-04T22:00,28.8,63,12.5,100
2024-07-04T23:00,26.2,73,13.3,100
2024-07-05T00:00,24.9,76,16.2,100
2024-07-05T01:00,22.7,87,12.5,24
2024-07-05T02:00,22.1,89,15.1,100
2024-07-05T03:00,21.6,89,16.5,100
2024-07-05T04:00,21.3,89,15.4,92
2024-07-05T05:00,21.1,90,13.5,100
2024-07-05T06:00,20.9,91,11.0,100
2024-07-05T07:00,21.1,91,10.0,100
2024-07-05T08:00,21.0,92,8.8,98
2024-07-05T09:00,20.9,93,9.7,100
2024-07-05T10:00,20.9,93,10.5,100
2024-07-05T11:00,21.6,91,11.4,86
2024-07-05T12:00,23.5,85,13.0,100
2024-07-05T13:00,24.0,88,7.2,100
2024-07-05T14:00,25.9,80,10.4,100
2024-07-05T15:00,26.7,76,12.3,99
2024-07-05T16:00,28.7,71,10.9,90
2024-07-05T17:00,29.2,71,12.1,96
2024-07-05T18:00,30.2,66,14.3,62
2024-07-05T19:00,30.4,64,16.1,100
2024-07-05T20:00,29.9,65,17.4,84
2024-07-05T21:00,29.0,68,17.6,98
2024-07-05T22:00,27.0,79,12.8,99
2024-07-05T23:00,26.4,83,14.8,99
2024-07-06T00:00,25.1,87,13.7,100
2024-07-06T01:00,23.3,94,15.9,100
2024-07-06T02:00,23.0,94,17.2,100
2024-07-06T03:00,22.9,95,17.5,100
2024-07-06T04:00,22.7,95,18.7,85
2024-07-06T05:00,22.6,96,18.2,82
2024-07-06T06:00,22.7,95,17.5,99
2024-07-06T07:00,22.7,96,16.6,100
2024-07-06T08:00,22.8,96,15.6,100
2024-07-06T09:00,22.9,96,15.2,100
2024-07-06T10:00,23.0,96,12.2,100
2024-07-06T11:00,23.4,94,15.5,100
2024-07-06T12:00,23.8,93,15.2,100
2024-07-06T13:00,24.3,91,18.2,100
2024-07-06T14:00,24.6,90,18.7,100
2024-07-06T15:00,25.0,86,19.1,99
2024-07-06T16:00,27.0,79,22.6,78
2024-07-06T17:00,28.8,73,26.4,64
2024-07-06T18:00,28.6,75,26.3,99
2024-07-06T19:00,28.1,76,27.2,100
2024-07-06T20:00,28.3,76,24.2,100
2024-07-06T21:00,28.8,75,22.7,30
2024-07-06T22:00,29.2,73,21.5,61
2024-07-06T23:00,28.5,76,16.5,41
2024-07-07T00:00,27.2,82,13.0,11
2024-07-07T01:00,25.7,87,13.3,13
2024-07-07T02:00,24.6,92,15.0,47
2024-07-07T03:00,24.0,94,15.6,13
2024-07-07T04:00,23.6,96,14.2,22
2024-07-07T05:00,23.4,97,12.0,16
2024-07-07T06:00,23.3,97,12.5,44
2024-07-07T07:00,23.3,97,10.9,29
2024-07-07T08:00,23.0,97,9.7,23
2024-07-07T09:00,22.5,96,7.4,39
2024-07-07T10:00,22.4,96,7.6,57
2024-07-07T11:00,23.5,92,5.8,92
2024-07-07T12:00,25.3,83,4.5,100
2024-07-07T13:00,26.6,75,3.6,100
2024-07-07T14:00,27.6,67,3.0,100
2024-07-07T15:00,29.5,57,2.1,73
2024-07-07T16:00,30.7,50,3.7,84
2024-07-07T17:00,31.1,49,6.6,90
2024-07-07T18:00,31.0,51,7.4,100
2024-07-07T19:00,30.6,53,7.6,63
2024-07-07T20:00,30.8,53,8.1,30
2024-07-07T21:00,30.3,55,9.5,28
2024-07-07T22:00,29.9,59,10.4,19
2024-07-07T23:00,28.7,70,10.4,8
2024-07-08T00:00,27.2,80,9.7,11
2024-07-08T01:00,25.2,86,10.1,1
2024-07-08T02:00,24.3,89,7.7,2
2024-07-08T03:00,23.5,93,7.1,1
2024-07-08T04:00,22.9,96,7.7,3
2024-07-08T05:00,22.8,96,7.4,6
2024-07-08T06:00,22.5,93,8.0,0
2024-07-08T07:00,21.9,88,7.2,3
2024-07-08T08:00,21.1,87,5.3,15
2024-07-08T09:00,20.6,86,6.0,3
2024-07-08T10:00,20.6,85,7.9,2
2024-07-08T11:00,22.4,81,6.4,0
2024-07-08T12:00,24.7,78,3.9,0
2024-07-08T13:00,27.2,69,3.6,9
2024-07-08T14:00,29.1,58,3.2,2
2024-07-08T15:00,30.6,51,0.4,9
2024-07-08T16:00,31.5,46,2.3,0
2024-07-08T17:00,32.1,43,3.3,24
2024-07-08T18:00,31.6,47,6.7,22
2024-07-08T19:00,32.3,45,5.1,38
2024-07-08T20:00,33.4,35,5.3,63
2024-07-08T21:00,33.3,36,6.6,85
2024-07-08T22:00,32.4,39,4.4,25
2024-07-08T23:00,30.2,52,13.1,27
2024-07-09T00:00,27.6,70,16.8,100
2024-07-09T01:00,26.4,69,11.0,68
2024-07-09T02:00,25.6,80,11.6,100
2024-07-09T03:00,25.1,83,10.5,100
2024-07-09T04:00,24.6,87,10.5,98
2024-07-09T05:00,24.2,88,11.0,29
2024-07-09T06:00,23.8,91,11.5,0
2024-07-09T07:00,23.4,93,9.8,5
2024-07-09T08:00,23.0,95,9.2,98
2024-07-09T09:00,22.8,95,9.4,93
2024-07-09T10:00,22.9,95,10.2,99
2024-07-09T11:00,24.1,91,9.2,100
2024-07-09T12:00,25.7,84,8.1,95
2024-07-09T13:00,28.4,75,8.1,99
2024-07-09T14:00,30.0,66,8.8,100
2024-07-09T15:00,30.6,61,10.7,100
2024-07-09T16:00,25.1,86,16.1,100
2024-07-09T17:00,25.9,85,8.1,100
2024-07-09T18:00,28.8,71,11.0,100
2024-07-09T19:00,30.1,68,14.0,99
2024-07-09T20:00,31.1,64,16.9,39
2024-07-09T21:00,31.3,56,21.6,60
2024-07-09T22:00,29.8,68,18.8,100
2024-07-09T23:00,28.1,77,16.4,100
2024-07-10T00:00,27.3,79,15.8,100
2024-07-10T01:00,26.9,76,12.8,100
2024-07-10T02:00,26.5,77,12.5,100
2024-07-10T03:00,25.7,79,11.8,100
2024-07-10T04:00,25.3,81,13.0,100
2024-07-10T05:00,25.0,84,12.0,100
2024-07-10T06:00,24.5,87,12.3,100
2024-07-10T07:00,24.2,90,11.5,95
2024-07-10T08:00,23.9,92,11.7,100
2024-07-10T09:00,23.6,94,10.4,65
2024-07-10T10:00,23.7,95,10.3,57
2024-07-10T11:00,24.9,90,10.1,78
2024-07-10T12:00,26.5,85,10.5,98
2024-07-10T13:00,28.0,81,9.5,98
2024-07-10T14:00,29.9,71,16.2,100
2024-07-10T15:00,29.0,74,15.3,99
2024-07-10T16:00,30.8,69,14.5,99
2024-07-10T17:00,32.3,63,16.8,99
2024-07-10T18:00,32.9,55,21.7,36
2024-07-10T19:00,32.5,53,24.7,97
2024-07-10T20:00,31.1,63,25.2,97
2024-07-10T21:00,30.6,64,25.8,99
2024-07-10T22:00,29.3,68,24.1,57
2024-07-10T23:00,28.0,73,22.1,7
2024-07-11T00:00,26.3,72,20.8,56
2024-07-11T01:00,25.2,82,21.0,6
2024-07-11T02:00,24.5,84,21.0,53
2024-07-11T03:00,24.2,83,21.1,99
2024-07-11T04:00,24.0,81,21.3,68
2024-07-11T05:00,24.0,81,23.1,100
2024-07-11T06:00,24.2,81,23.5,75
2024-07-11T07:00,24.3,82,24.0,24
2024-07-11T08:00,24.4,83,23.2,24
2024-07-11T09:00,24.4,85,22.2,94
2024-07-11T10:00,24.7,84,22.9,99
2024-07-11T11:00,25.0,84,23.5,89
2024-07-11T12:00,25.3,86,21.7,100
2024-07-11T13:00,26.5,84,24.0,100
2024-07-11T14:00,28.0,77,25.3,93
2024-07-11T15:00,27.9,79,26.2,100
2024-07-11T16:00,29.1,73,23.7,29
2024-07-11T17:00,31.0,67,23.5,50
2024-07-11T18:00,32.2,57,27.4,83
2024-07-11T19:00,32.7,51,30.1,21
2024-07-11T20:00,32.5,52,28.8,10
2024-07-11T21:00,31.8,49,27.5,20
2024-07-11T22:00,30.9,50,23.8,6
2024-07-11T23:00,29.2,58,21.7,2
2024-07-12T00:00,27.2,65,22.4,2
2024-07-12T01:00,26.3,71,17.3,12
2024-07-12T02:00,25.7,73,16.1,0
2024-07-12T03:00,24.7,77,14.1,0
2024-07-12T04:00,23.9,81,13.0,1
2024-07-12T05:00,23.3,83,12.6,4
2024-07-12T06:00,22.8,86,11.3,2
2024-07-12T07:00,22.3,88,10.7,6
2024-07-12T08:00,22.0,90,10.6,8
2024-07-12T09:00,21.8,91,10.3,0
2024-07-12T10:00,21.8,92,10.5,0
2024-07-12T11:00,23.0,88,10.2,3
2024-07-12T12:00,24.9,80,10.2,11
2024-07-12T13:00,26.9,70,11.5,10
2024-07-12T14:00,28.6,60,15.5,25
2024-07-12T15:00,30.1,54,21.3,74
2024-07-12T16:00,30.5,52,21.8,100
2024-07-12T17:00,30.4,54,21.8,100
2024-07-12T18:00,30.7,56,22.9,100
2024-07-12T19:00,29.5,66,17.4,27
2024-07-12T20:00,29.7,66,18.0,51
2024-07-12T21:00,27.6,75,13.3,19
2024-07-12T22:00,28.8,69,17.6,27
2024-07-12T23:00,28.1,72,17.4,20
2024-07-13T00:00,27.1,77,16.2,9
2024-07-13T01:00,25.3,85,17.4,31
2024-07-13T02:00,24.7,87,16.8,7
2024-07-13T03:00,24.5,90,18.3,18
2024-07-13T04:00,24.4,90,16.5,23
2024-07-13T05:00,23.9,91,16.6,87
2024-07-13T06:00,24.1,92,13.0,100
2024-07-13T07:00,24.3,91,13.7,100
2024-07-13T08:00,24.3,92,15.0,100
2024-07-13T09:00,24.2,92,16.7,100
2024-07-13T10:00,24.1,92,12.5,100
2024-07-13T11:00,24.2,91,16.2,89
2024-07-13T12:00,24.0,88,17.9,96
2024-07-13T13:00,22.8,93,20.0,100
2024-07-13T14:00,23.2,91,14.8,94
2024-07-13T15:00,25.9,80,18.2,100
2024-07-13T16:00,24.3,93,12.2,100
2024-07-13T17:00,24.5,90,12.8,94
2024-07-13T18:00,25.9,81,16.3,97
2024-07-13T19:00,25.9,82,15.3,89
2024-07-13T20:00,26.8,78,17.4,30
2024-07-13T21:00,27.0,77,16.3,17
2024-07-13T22:00,27.0,76,15.3,17
2024-07-13T23:00,26.3,81,14.0,5
2024-07-14T00:00,25.3,86,11.9,13
2024-07-14T01:00,25.0,87,11.7,1
2024-07-14T02:00,24.3,90,9.8,1
2024-07-14T03:00,23.6,92,10.1,0
2024-07-14T04:00,23.1,93,10.0,0
2024-07-14T05:00,22.7,91,9.7,0
2024-07-14T06:00,22.2,93,8.0,0
2024-07-14T07:00,21.7,95,6.8,0
2024-07-14T08:00,21.2,96,5.2,0
2024-07-14T09:00,21.0,97,6.5,0
2024-07-14T10:00,21.2,96,8.9,0
2024-07-14T11:00,22.8,89,8.9,0
2024-07-14T12:00,25.1,77,7.4,0
2024-07-14T13:00,27.1,65,6.8,2
2024-07-14T14:00,28.4,56,4.3,7
2024-07-14T15:00,29.5,52,2.3,22
2024-07-14T16:00,30.4,48,4.3,18
2024-07-14T17:00,31.2,43,6.0,30
2024-07-14T18:00,31.7,41,6.9,69
2024-07-14T19:00,32.4,37,9.7,40
2024-07-14T20:00,32.9,36,12.5,57
2024-07-14T21:00,32.7,36,15.3,8
2024-07-14T22:00,32.4,36,14.8,3
2024-07-14T23:00,30.8,43,12.9,0
2024-07-15T00:00,28.0,54,9.2,0
2024-07-15T01:00,25.8,64,9.8,8
2024-07-15T02:00,24.7,66,9.8,2
2024-07-15T03:00,24.0,70,11.5,94
2024-07-15T04:00,23.6,78,12.0,30
2024-07-15T05:00,23.2,83,10.7,5
2024-07-15T06:00,22.8,86,10.9,59
2024-07-15T07:00,22.4,86,11.2,32
2024-07-15T08:00,22.0,87,10.5,98
2024-07-15T09:00,21.7,90,10.0,27
2024-07-15T10:00,22.0,93,12.0,20
2024-07-15T11:00,23.7,88,11.2,24
2024-07-15T12:00,25.9,81,12.2,7
2024-07-15T13:00,28.5,74,13.8,17
2024-07-15T14:00,30.7,64,17.6,69
2024-07-15T15:00,32.3,52,20.2,11
2024-07-15T16:00,33.6,44,20.0,19
2024-07-15T17:00,34.6,40,19.5,5
2024-07-15T18:00,35.7,37,19.0,30
2024-07-15T19:00,32.7,45,21.2,99
2024-07-15T20:00,25.9,83,8.6,99
2024-07-15T21:00,28.5,74,8.7,23
2024-07-15T22:00,29.6,70,11.0,71
2024-07-15T23:00,29.2,73,8.9,97
2024-07-16T00:00,28.1,78,8.4,41
2024-07-16T01:00,26.7,85,13.5,33
2024-07-16T02:00,25.8,89,15.0,32
2024-07-16T03:00,25.3,92,14.1,100
2024-07-16T04:00,25.1,91,14.4,100
2024-07-16T05:00,24.7,89,13.4,2
2024-07-16T06:00,24.1,91,12.5,0
2024-07-16T07:00,23.8,93,14.4,2
2024-07-16T08:00,23.6,94,12.9,6
2024-07-16T09:00,23.6,94,15.3,0
2024-07-16T10:00,23.9,90,16.4,0
2024-07-16T11:00,25.2,79,18.2,18
2024-07-16T12:00,26.3,68,19.7,27
2024-07-16T13:00,27.4,67,19.2,96
2024-07-16T14:00,28.7,63,19.9,83
2024-07-16T15:00,30.5,56,17.3,94
2024-07-16T16:00,31.8,52,17.4,99
2024-07-16T17:00,33.0,47,17.1,100
2024-07-16T18:00,34.4,39,20.1,46
2024-07-16T19:00,35.0,35,21.0,11
2024-07-16T20:00,35.5,33,21.7,34
2024-07-16T21:00,35.2,34,25.2,11
2024-07-16T22:00,33.8,42,25.0,66
2024-07-16T23:00,32.0,50,21.1,45
2024-07-17T00:00,30.2,59,17.9,93
2024-07-17T01:00,28.2,68,22.2,42
2024-07-17T02:00,28.4,66,19.9,90
2024-07-17T03:00,27.7,69,14.1,81
2024-07-17T04:00,26.7,73,17.0,100
2024-07-17T05:00,26.0,72,20.3,100
2024-07-17T06:00,25.3,74,21.3,99
2024-07-17T07:00,24.6,76,17.8,100
2024-07-17T08:00,23.7,79,13.9,0
2024-07-17T09:00,22.8,83,11.2,23
2024-07-17T10:00,22.4,86,8.2,37
2024-07-17T11:00,23.7,80,8.7,87
2024-07-17T12:00,25.6,71,9.5,81
2024-07-17T13:00,27.6,62,6.2,29
2024-07-17T14:00,29.4,55,8.0,77
2024-07-17T15:00,30.7,50,11.8,100
2024-07-17T16:00,31.3,47,14.8,60
2024-07-17T17:00,33.0,42,17.2,39
2024-07-17T18:00,33.7,39,20.3,91
2024-07-17T19:00,32.5,48,19.7,93
2024-07-17T20:00,32.5,50,17.8,94
2024-07-17T21:00,31.0,57,19.1,30
2024-07-17T22:00,30.8,59,18.5,37
2024-07-17T23:00,30.1,62,17.1,99
2024-07-18T00:00,26.9,76,15.1,100
2024-07-18T01:00,24.2,94,12.5,100
2024-07-18T02:00,23.9,95,11.4,100
2024-07-18T03:00,23.9,96,11.2,100
2024-07-18T04:00,23.5,96,16.9,100
2024-07-18T05:00,22.7,95,12.0,100
2024-07-18T06:00,22.7,96,11.2,100
2024-07-18T07:00,22.5,96,10.0,97
2024-07-18T08:00,22.4,96,9.4,100
2024-07-18T09:00,22.3,97,9.7,96
2024-07-18T10:00,22.4,97,8.9,100
2024-07-18T11:00,22.9,96,10.5,100
2024-07-18T12:00,24.0,92,9.2,82
2024-07-18T13:00,25.9,81,13.7,37
2024-07-18T14:00,27.1,65,14.9,89
2024-07-18T15:00,27.9,60,13.8,96
2024-07-18T16:00,28.5,54,13.6,100
2024-07-18T17:00,28.4,53,11.7,41
2024-07-18T18:00,29.6,49,10.0,13
2024-07-18T19:00,30.4,44,9.1,13
2024-07-18T20:00,31.1,40,9.4,30
2024-07-18T21:00,31.1,36,14.2,100
2024-07-18T22:00,30.0,37,17.9,100
2024-07-18T23:00,27.3,44,18.9,59
2024-07-19T00:00,25.5,46,16.6,90
2024-07-19T01:00,23.6,59,13.7,1
2024-07-19T02:00,22.6,63,12.6,12
2024-07-19T03:00,21.9,65,12.3,71
2024-07-19T04:00,21.2,68,11.3,27
2024-07-19T05:00,20.6,70,13.1,6
2024-07-19T06:00,20.1,70,13.4,3
2024-07-19T07:00,19.2,73,11.8,0
2024-07-19T08:00,18.5,75,11.6,5
2024-07-19T09:00,17.9,75,10.6,0
2024-07-19T10:00,17.6,75,10.0,3
2024-07-19T11:00,18.4,72,8.5,0
2024-07-19T12:00,19.7,67,10.2,0
2024-07-19T13:00,21.4,61,9.9,0
2024-07-19T14:00,22.9,55,9.1,0
2024-07-19T15:00,24.3,51,8.8,0
2024-07-19T16:00,25.6,47,7.0,0
2024-07-19T17:00,26.4,44,5.2,1
2024-07-19T18:00,27.2,41,3.0,16
2024-07-19T19:00,27.7,38,4.7,14
2024-07-19T20:00,27.5,43,9.5,61
2024-07-19T21:00,27.7,44,8.6,26
2024-07-19T22:00,27.9,42,9.4,37
2024-07-19T23:00,26.2,47,16.6,0
2024-07-20T00:00,23.6,58,18.5,0
2024-07-20T01:00,22.1,63,12.6,0
2024-07-20T02:00,21.5,68,11.4,0
2024-07-20T03:00,20.7,75,10.6,0
2024-07-20T04:00,20.0,81,9.7,0
2024-07-20T05:00,19.5,80,10.6,0
2024-07-20T06:00,19.0,79,11.0,0
2024-07-20T07:00,18.5,81,10.9,0
2024-07-20T08:00,18.1,84,10.2,4
2024-07-20T09:00,17.7,86,9.5,96
2024-07-20T10:00,17.6,86,9.0,70
2024-07-20T11:00,19.1,82,8.4,100
2024-07-20T12:00,21.5,73,7.4,100
2024-07-20T13:00,24.1,63,6.2,100
2024-07-20T14:00,26.0,51,7.6,100
2024-07-20T15:00,27.6,41,12.3,100
2024-07-20T16:00,28.4,38,13.5,100
2024-07-20T17:00,29.0,35,13.4,100
2024-07-20T18:00,29.5,33,13.8,100
2024-07-20T19:00,30.1,32,13.6,100
2024-07-20T20:00,30.4,29,13.6,97
2024-07-20T21:00,29.8,32,15.8,98
2024-07-20T22:00,29.7,35,16.9,97
2024-07-20T23:00,28.0,47,24.3,95
2024-07-21T00:00,25.3,61,21.0,99
2024-07-21T01:00,24.7,64,16.8,100
2024-07-21T02:00,23.9,72,15.9,100
2024-07-21T03:00,23.5,76,16.3,100
2024-07-21T04:00,23.1,78,14.5,100
2024-07-21T05:00,22.6,79,14.4,100
2024-07-21T06:00,22.2,80,13.5,100
2024-07-21T07:00,21.9,81,13.4,100
2024-07-21T08:00,21.6,82,12.1,100
2024-07-21T09:00,21.3,84,11.3,99
2024-07-21T10:00,20.5,88,11.2,5
2024-07-21T11:00,21.5,83,10.8,0
2024-07-21T12:00,23.0,71,10.8,15
2024-07-21T13:00,24.7,61,7.7,6
2024-07-21T14:00,26.2,54,6.9,0
2024-07-21T15:00,27.6,47,7.8,57
2024-07-21T16:00,28.3,43,8.3,31
2024-07-21T17:00,28.8,43,7.8,35
2024-07-21T18:00,29.2,42,7.0,99
2024-07-21T19:00,28.6,43,4.3,100
2024-07-21T20:00,27.6,50,6.5,100
2024-07-21T21:00,27.2,56,6.9,93
2024-07-21T22:00,26.5,60,7.3,100
2024-07-21T23:00,25.8,65,10.0,23
2024-07-22T00:00,24.9,65,8.4,13
2024-07-22T01:00,22.8,70,8.9,39
2024-07-22T02:00,22.9,72,5.4,20
2024-07-22T03:00,22.2,79,5.1,77
2024-07-22T04:00,21.4,83,3.0,33
2024-07-22T05:00,20.9,87,5.0,25
2024-07-22T06:00,20.3,90,4.6,17
2024-07-22T07:00,19.7,94,4.0,83
2024-07-22T08:00,19.0,97,3.7,90
2024-07-22T09:00,18.6,98,3.5,81
2024-07-22T10:00,18.7,97,4.0,14
2024-07-22T11:00,19.5,89,4.9,39
2024-07-22T12:00,20.9,76,4.2,79
2024-07-22T13:00,23.0,61,6.4,100
2024-07-22T14:00,24.3,57,8.3,100
2024-07-22T15:00,25.4,54,10.3,100
2024-07-22T16:00,26.2,54,10.1,100
2024-07-22T17:00,26.3,57,10.7,100
2024-07-22T18:00,26.9,57,11.7,100
2024-07-22T19:00,27.1,57,11.9,94
2024-07-22T20:00,26.8,62,10.2,100
2024-07-22T21:00,26.8,60,13.0,100
2024-07-22T22:00,26.1,67,15.8,100
2024-07-22T23:00,25.5,71,15.8,100
2024-07-23T00:00,24.7,74,14.8,100
2024-07-23T01:00,24.3,78,10.5,100
2024-07-23T02:00,23.8,81,9.7,100
2024-07-23T03:00,23.4,85,10.0,100
2024-07-23T04:00,23.3,88,9.5,100
2024-07-23T05:00,23.0,91,9.4,100
2024-07-23T06:00,23.1,86,11.4,100
2024-07-23T07:00,22.1,94,8.7,100
2024-07-23T08:00,21.6,92,10.2,100
2024-07-23T09:00,20.8,93,11.0,100
2024-07-23T10:00,20.4,93,8.4,100
2024-07-23T11:00,20.4,93,9.8,100
2024-07-23T12:00,20.8,92,10.0,96
2024-07-23T13:00,21.6,90,2.1,100
2024-07-23T14:00,22.3,84,4.0,100
2024-07-23T15:00,22.8,78,9.6,100
2024-07-23T16:00,23.5,71,7.9,100
2024-07-23T17:00,23.2,69,11.2,100
2024-07-23T18:00,23.8,65,8.9,100
2024-07-23T19:00,24.8,63,8.5,99
2024-07-23T20:00,24.5,65,10.8,100
2024-07-23T21:00,24.4,66,10.6,99
2024-07-23T22:00,23.5,70,9.8,100
2024-07-23T23:00,23.0,72,9.5,100
2024-07-24T00:00,21.8,79,8.8,100
2024-07-24T01:00,21.1,85,10.3,97
2024-07-24T02:00,20.8,86,7.9,100
2024-07-24T03:00,20.4,89,7.7,100
2024-07-24T04:00,20.2,90,6.7,100
2024-07-24T05:00,20.0,91,6.2,70
2024-07-24T06:00,19.6,94,6.9,97
2024-07-24T07:00,19.7,95,7.6,44
2024-07-24T08:00,19.4,98,9.3,100
2024-07-24T09:00,19.8,95,8.9,100
2024-07-24T10:00,19.8,95,7.0,100
2024-07-24T11:00,20.3,90,8.3,100
2024-07-24T12:00,21.2,84,10.3,100
2024-07-24T13:00,20.9,84,10.4,100
2024-07-24T14:00,21.8,79,10.7,100
2024-07-24T15:00,22.0,77,11.5,100
2024-07-24T16:00,21.9,78,10.6,100
2024-07-24T17:00,21.6,81,10.4,100
2024-07-24T18:00,21.0,86,12.4,100
2024-07-24T19:00,21.3,86,11.9,100
2024-07-24T20:00,21.5,84,12.8,100
2024-07-24T21:00,21.1,84,13.4,100
2024-07-24T22:00,20.4,87,13.4,100
2024-07-24T23:00,20.1,89,12.6,100
2024-07-25T00:00,20.1,90,13.0,100
2024-07-25T01:00,19.0,92,10.5,100
2024-07-25T02:00,18.9,93,9.4,100
2024-07-25T03:00,18.8,95,7.2,100
2024-07-25T04:00,19.0,97,6.1,100
2024-07-25T05:00,19.3,97,6.4,100
2024-07-25T06:00,19.4,98,4.1,100
2024-07-25T07:00,19.4,98,4.5,100
2024-07-25T08:00,19.5,98,5.4,100
2024-07-25T09:00,19.8,98,7.2,100
2024-07-25T10:00,20.3,98,9.4,100
2024-07-25T11:00,21.4,94,13.8,100
2024-07-25T12:00,23.0,87,16.4,100
2024-07-25T13:00,22.8,88,10.8,100
2024-07-25T14:00,24.1,83,13.0,100
2024-07-25T15:00,25.9,76,13.5,100
2024-07-25T16:00,22.3,88,12.5,100
2024-07-25T17:00,24.2,83,15.0,100
2024-07-25T18:00,25.2,81,14.3,100
2024-07-25T19:00,25.8,76,17.7,100
2024-07-25T20:00,26.0,72,16.6,41
2024-07-25T21:00,27.1,67,16.8,64
2024-07-25T22:00,27.0,54,18.0,36
2024-07-25T23:00,25.9,58,15.8,46
2024-07-26T00:00,24.1,58,15.5,89
2024-07-26T01:00,23.1,52,17.7,99
2024-07-26T02:00,22.1,55,18.4,60
2024-07-26T03:00,21.1,61,15.7,0
2024-07-26T04:00,20.2,66,14.3,0
2024-07-26T05:00,19.2,71,12.0,1
2024-07-26T06:00,18.6,74,13.7,1
2024-07-26T07:00,18.4,75,14.8,0
2024-07-26T08:00,18.0,76,14.3,0
2024-07-26T09:00,17.5,77,13.5,0
2024-07-26T10:00,17.2,78,14.0,0
2024-07-26T11:00,18.3,71,18.2,3
2024-07-26T12:00,19.9,66,15.5,1
2024-07-26T13:00,22.0,60,17.9,1
2024-07-26T14:00,23.5,55,16.2,2
2024-07-26T15:00,25.1,51,13.4,2
2024-07-26T16:00,26.6,45,14.2,1
2024-07-26T17:00,28.1,37,15.5,0
2024-07-26T18:00,29.0,32,15.5,0
2024-07-26T19:00,29.2,30,14.9,5
2024-07-26T20:00,29.2,30,15.5,13
2024-07-26T21:00,29.1,28,13.4,22
2024-07-26T22:00,28.5,29,11.2,9
2024-07-26T23:00,26.6,43,6.0,8
2024-07-27T00:00,24.7,53,8.7,74
2024-07-27T01:00,22.8,57,8.2,21
2024-07-27T02:00,21.6,61,9.2,8
2024-07-27T03:00,20.5,65,11.3,0
2024-07-27T04:00,20.0,66,11.7,0
2024-07-27T05:00,19.3,66,10.2,0
2024-07-27T06:00,18.5,69,8.2,0
2024-07-27T07:00,17.6,73,7.3,0
2024-07-27T08:00,17.1,76,7.1,0
2024-07-27T09:00,16.7,78,6.6,0
2024-07-27T10:00,16.7,78,7.3,0
2024-07-27T11:00,18.5,72,9.2,0
2024-07-27T12:00,21.3,66,6.6,0
2024-07-27T13:00,24.1,57,8.0,0
2024-07-27T14:00,26.2,47,9.8,0
2024-07-27T15:00,27.6,41,6.6,19
2024-07-27T16:00,28.5,37,5.4,17
2024-07-27T17:00,29.4,32,5.8,18
2024-07-27T18:00,29.8,30,6.7,3
2024-07-27T19:00,29.6,31,10.3,7
2024-07-27T20:00,27.9,44,16.3,6
2024-07-27T21:00,27.1,44,17.3,0
2024-07-27T22:00,26.4,47,15.7,0
2024-07-27T23:00,25.9,47,12.5,4
2024-07-28T00:00,23.9,54,5.9,0
2024-07-28T01:00,22.3,64,6.0,0
2024-07-28T02:00,21.1,71,4.7,0
2024-07-28T03:00,20.1,82,5.1,0
2024-07-28T04:00,20.4,76,3.1,5
2024-07-28T05:00,18.7,88,5.2,3
2024-07-28T06:00,18.2,89,4.7,0
2024-07-28T07:00,17.9,91,4.5,0
2024-07-28T08:00,17.6,92,4.7,0
2024-07-28T09:00,17.1,93,4.7,0
2024-07-28T10:00,17.0,94,5.2,0
2024-07-28T11:00,18.5,88,3.6,0
2024-07-28T12:00,20.8,76,2.4,0
2024-07-28T13:00,22.8,69,5.2,0
2024-07-28T14:00,24.6,61,7.6,0
2024-07-28T15:00,26.1,52,9.4,40
2024-07-28T16:00,26.9,46,11.6,98
2024-07-28T17:00,26.9,44,13.0,30
2024-07-28T18:00,27.2,41,12.7,100
2024-07-28T19:00,26.5,45,14.8,100
2024-07-28T20:00,25.3,54,14.8,100
2024-07-28T21:00,24.0,62,15.0,100
2024-07-28T22:00,23.0,64,13.4,100
2024-07-28T23:00,21.8,71,12.2,99
2024-07-29T00:00,20.7,81,9.3,100
2024-07-29T01:00,20.6,78,5.9,100
2024-07-29T02:00,20.4,76,6.8,87
2024-07-29T03:00,19.4,82,9.0,98
2024-07-29T04:00,18.7,81,9.2,99
2024-07-29T05:00,18.5,86,3.7,100
2024-07-29T06:00,18.2,90,7.6,98
2024-07-29T07:00,18.3,92,12.4,100
2024-07-29T08:00,18.6,89,13.7,100
2024-07-29T09:00,18.6,92,10.1,100
2024-07-29T10:00,18.5,95,11.8,100
2024-07-29T11:00,18.5,97,12.2,100
2024-07-29T12:00,18.9,94,13.5,100
2024-07-29T13:00,19.6,90,11.3,100
2024-07-29T14:00,19.8,84,11.2,100
2024-07-29T15:00,19.9,79,10.7,100
2024-07-29T16:00,20.5,76,9.5,42
2024-07-29T17:00,22.2,68,11.1,46
2024-07-29T18:00,23.9,62,13.8,98
2024-07-29T19:00,24.1,60,17.5,58
2024-07-29T20:00,24.4,59,15.1,50
2024-07-29T21:00,25.2,55,14.5,98
2024-07-29T22:00,24.6,62,13.5,91
2024-07-29T23:00,23.4,70,11.1,85
2024-07-30T00:00,22.2,78,10.6,23
2024-07-30T01:00,20.4,87,9.0,38
2024-07-30T02:00,20.0,93,9.7,24
2024-07-30T03:00,19.8,97,9.8,11
2024-07-30T04:00,19.9,97,11.6,7
2024-07-30T05:00,19.8,95,9.9,57
2024-07-30T06:00,19.9,95,11.1,45
2024-07-30T07:00,20.2,94,11.1,56
2024-07-30T08:00,20.3,95,8.4,19
2024-07-30T09:00,20.1,95,7.3,30
2024-07-30T10:00,20.7,95,14.0,8
2024-07-30T11:00,22.3,90,18.2,67
2024-07-30T12:00,24.0,84,20.4,100
2024-07-30T13:00,25.1,81,18.7,60
2024-07-30T14:00,26.7,73,17.9,67
2024-07-30T15:00,28.3,65,16.9,100
2024-07-30T16:00,29.1,64,18.4,53
2024-07-30T17:00,29.5,61,17.9,37
2024-07-30T18:00,29.8,66,18.0,19
2024-07-30T19:00,30.4,64,20.9,47
2024-07-30T20:00,29.6,61,20.5,49
2024-07-30T21:00,29.7,60,20.7,75
2024-07-30T22:00,28.9,63,20.0,82
2024-07-30T23:00,27.2,70,18.3,100
2024-07-31T00:00,25.3,76,18.0,22
2024-07-31T01:00,24.1,84,19.0,91
2024-07-31T02:00,23.2,85,18.7,100
2024-07-31T03:00,22.7,86,15.5,99
2024-07-31T04:00,22.3,88,14.6,24
2024-07-31T05:00,22.2,90,14.5,71
2024-07-31T06:00,22.1,91,14.3,100
2024-07-31T07:00,22.3,91,14.9,100
2024-07-31T08:00,22.4,90,14.8,100
2024-07-31T09:00,22.4,90,14.2,95
2024-07-31T10:00,22.3,90,12.3,90
2024-07-31T11:00,23.2,87,14.9,90
2024-07-31T12:00,24.6,83,19.7,98
2024-07-31T13:00,25.8,81,14.4,100
2024-07-31T14:00,27.2,74,19.9,98
2024-07-31T15:00,27.4,69,25.0,100
2024-07-31T16:00,27.6,71,23.9,100
2024-07-31T17:00,27.5,76,21.6,56
2024-07-31T18:00,27.9,75,23.1,100
2024-07-31T19:00,27.7,72,23.1,98
2024-07-31T20:00,27.9,70,26.2,81
2024-07-31T21:00,26.9,76,24.3,100
2024-07-31T22:00,26.4,79,20.3,94
2024-07-31T23:00,25.6,83,18.1,98
2024-08-01T00:00,24.7,85,17.9,81
2024-08-01T01:00,23.2,95,14.4,97
2024-08-01T02:00,23.0,96,14.1,23
2024-08-01T03:00,23.1,95,15.5,28
2024-08-01T04:00,22.6,94,14.1,100
2024-08-01T05:00,22.3,96,14.5,100
2024-08-01T06:00,22.5,96,13.1,60
2024-08-01T07:00,22.3,96,13.1,6
2024-08-01T08:00,22.1,96,12.5,0
2024-08-01T09:00,22.0,95,11.5,25
2024-08-01T10:00,21.8,95,10.9,87
2024-08-01T11:00,22.9,92,11.4,99
2024-08-01T12:00,24.5,86,11.3,93
2024-08-01T13:00,27.0,78,10.8,6
2024-08-01T14:00,28.8,69,10.9,48
2024-08-01T15:00,30.2,62,10.9,14
2024-08-01T16:00,31.4,56,11.9,16
2024-08-01T17:00,32.4,50,13.3,26
2024-08-01T18:00,32.6,47,14.5,24
2024-08-01T19:00,32.7,46,14.8,17
2024-08-01T20:00,32.8,45,14.4,54
2024-08-01T21:00,32.7,45,14.4,22
2024-08-01T22:00,31.4,51,8.4,31
2024-08-01T23:00,30.3,60,5.4,16
2024-08-02T00:00,27.9,68,8.3,21
2024-08-02T01:00,26.3,69,10.7,3
2024-08-02T02:00,25.5,68,9.7,2
2024-08-02T03:00,24.5,72,9.7,0
2024-08-02T04:00,23.6,76,8.7,1
2024-08-02T05:00,22.9,80,8.4,0
2024-08-02T06:00,22.5,83,8.2,0
2024-08-02T07:00,22.1,84,8.5,0
2024-08-02T08:00,21.6,87,5.9,0
2024-08-02T09:00,20.8,92,6.2,0
2024-08-02T10:00,20.9,92,4.3,57
2024-08-02T11:00,22.2,89,5.0,7
2024-08-02T12:00,24.5,81,3.3,95
2024-08-02T13:00,27.4,69,1.8,100
2024-08-02T14:00,29.4,61,1.1,100
2024-08-02T15:00,30.5,57,1.8,100
2024-08-02T16:00,31.3,51,3.1,100
2024-08-02T17:00,31.9,49,3.2,54
2024-08-02T18:00,32.4,48,4.7,100
2024-08-02T19:00,30.8,58,8.2,99
2024-08-02T20:00,30.5,55,10.2,100
2024-08-02T21:00,31.3,56,12.8,63
2024-08-02T22:00,30.5,59,15.5,100
2024-08-02T23:00,28.8,71,10.0,68
2024-08-03T00:00,27.4,79,6.1,100
2024-08-03T01:00,26.8,87,4.0,100
2024-08-03T02:00,26.6,88,7.3,100
2024-08-03T03:00,26.1,91,12.4,100
2024-08-03T04:00,25.4,93,9.4,100
2024-08-03T05:00,24.6,94,7.9,100
2024-08-03T06:00,24.1,95,9.7,100
2024-08-03T07:00,23.7,96,15.2,100
2024-08-03T08:00,23.8,95,12.9,100
2024-08-03T09:00,23.9,96,10.6,100
2024-08-03T10:00,24.0,96,10.0,100
2024-08-03T11:00,24.2,95,11.4,100
2024-08-03T12:00,24.9,90,12.7,100
2024-08-03T13:00,27.6,81,11.6,46
2024-08-03T14:00,28.7,73,14.4,98
2024-08-03T15:00,30.1,64,15.3,82
2024-08-03T16:00,31.2,59,17.2,22
2024-08-03T17:00,32.0,55,17.9,31
2024-08-03T18:00,32.7,52,18.9,35
2024-08-03T19:00,32.8,50,20.1,38
2024-08-03T20:00,32.2,51,17.6,36
2024-08-03T21:00,31.4,54,15.7,46
2024-08-03T22:00,31.0,56,15.5,36
2024-08-03T23:00,29.9,62,12.1,100
2024-08-04T00:00,28.4,69,8.8,28
2024-08-04T01:00,27.1,75,7.3,100
2024-08-04T02:00,26.1,80,7.6,100
2024-08-04T03:00,25.6,83,8.4,100
2024-08-04T04:00,25.1,86,9.5,97
2024-08-04T05:00,24.6,88,9.2,58
2024-08-04T06:00,23.9,94,10.5,100
2024-08-04T07:00,23.6,95,9.7,100
2024-08-04T08:00,23.6,94,13.0,91
2024-08-04T09:00,23.1,95,12.9,100
2024-08-04T10:00,23.0,92,13.0,100
2024-08-04T11:00,23.5,89,11.9,69
2024-08-04T12:00,25.0,82,10.6,100
2024-08-04T13:00,26.7,77,16.3,64
2024-08-04T14:00,28.4,69,16.6,66
2024-08-04T15:00,29.3,65,15.8,78
2024-08-04T16:00,30.3,62,14.3,70
2024-08-04T17:00,26.0,82,18.6,100
2024-08-04T18:00,26.0,83,5.6,100
2024-08-04T19:00,25.1,91,7.3,100
2024-08-04T20:00,25.7,84,9.9,100
2024-08-04T21:00,26.0,80,18.6,100
2024-08-04T22:00,26.0,82,17.8,97
2024-08-04T23:00,25.6,83,14.8,88
2024-08-05T00:00,24.7,87,10.9,88
2024-08-05T01:00,23.1,94,12.0,100
2024-08-05T02:00,23.0,95,11.1,100
2024-08-05T03:00,22.9,95,12.9,100
2024-08-05T04:00,22.3,98,4.0,19
2024-08-05T05:00,22.1,98,7.9,3
2024-08-05T06:00,22.1,97,10.8,0
2024-08-05T07:00,22.0,96,10.6,0
2024-08-05T08:00,21.7,96,10.5,0
2024-08-05T09:00,21.3,96,9.8,0
2024-08-05T10:00,20.9,96,7.7,0
2024-08-05T11:00,21.8,95,10.1,0
2024-08-05T12:00,23.3,88,9.7,0
2024-08-05T13:00,25.1,79,8.1,0
2024-08-05T14:00,26.7,69,9.6,0
2024-08-05T15:00,28.2,60,6.5,0
2024-08-05T16:00,29.6,52,4.1,5
2024-08-05T17:00,30.4,49,2.2,20
2024-08-05T18:00,30.8,47,5.9,32
2024-08-05T19:00,31.3,46,6.5,49
2024-08-05T20:00,31.4,45,5.4,83
2024-08-05T21:00,31.0,49,5.8,68
2024-08-05T22:00,30.1,55,12.9,99
2024-08-05T23:00,28.1,68,15.8,78
2024-08-06T00:00,26.6,75,17.8,99
2024-08-06T01:00,25.7,79,14.5,100
2024-08-06T02:00,25.3,69,16.5,66
2024-08-06T03:00,24.6,70,17.5,100
2024-08-06T04:00,24.6,74,16.4,100
2024-08-06T05:00,24.5,79,14.9,100
2024-08-06T06:00,24.3,82,11.7,100
2024-08-06T07:00,23.8,85,9.0,100
2024-08-06T08:00,23.1,87,9.5,97
2024-08-06T09:00,22.4,90,8.3,92
2024-08-06T10:00,22.0,93,6.9,99
2024-08-06T11:00,22.3,92,5.4,100
2024-08-06T12:00,22.1,90,8.6,100
2024-08-06T13:00,20.6,87,17.9,100
2024-08-06T14:00,20.9,83,16.6,99
2024-08-06T15:00,20.8,82,15.0,100
2024-08-06T16:00,20.5,82,14.7,100
2024-08-06T17:00,20.2,83,14.0,100
2024-08-06T18:00,20.9,79,12.0,99
2024-08-06T19:00,22.0,72,12.5,57
2024-08-06T20:00,22.6,70,13.0,55
2024-08-06T21:00,21.7,74,13.3,86
2024-08-06T22:00,20.4,79,12.3,95
2024-08-06T23:00,19.8,82,10.4,58
2024-08-07T00:00,19.1,84,9.1,9
2024-08-07T01:00,18.7,87,9.3,100
2024-08-07T02:00,18.7,87,9.2,100
2024-08-07T03:00,18.4,92,9.9,100
2024-08-07T04:00,18.3,92,10.1,100
2024-08-07T05:00,18.2,92,10.0,100
2024-08-07T06:00,18.1,91,13.2,100
2024-08-07T07:00,18.0,92,9.9,100
2024-08-07T08:00,17.7,92,11.1,100
2024-08-07T09:00,17.2,93,13.3,100
2024-08-07T10:00,16.6,91,12.3,100
2024-08-07T11:00,16.6,91,10.1,100
2024-08-07T12:00,17.2,85,11.4,100
2024-08-07T13:00,17.2,83,11.3,100
2024-08-07T14:00,17.9,80,12.6,100
2024-08-07T15:00,18.4,80,13.0,92
2024-08-07T16:00,19.7,72,13.5,52
2024-08-07T17:00,20.5,67,11.3,60
2024-08-07T18:00,20.9,66,11.2,65
2024-08-07T19:00,20.3,69,13.7,29
2024-08-07T20:00,19.7,69,13.0,32
2024-08-07T21:00,19.6,70,13.4,100
2024-08-07T22:00,19.1,72,12.4,67
2024-08-07T23:00,18.7,73,8.6,35
2024-08-08T00:00,18.0,79,6.4,22
2024-08-08T01:00,17.3,84,4.8,0
2024-08-08T02:00,16.9,88,4.3,3
2024-08-08T03:00,16.4,91,5.1,5
2024-08-08T04:00,16.5,91,3.1,0
2024-08-08T05:00,16.4,94,0.5,2
2024-08-08T06:00,16.3,96,2.1,0
2024-08-08T07:00,16.2,98,2.6,14
2024-08-08T08:00,15.8,100,1.0,100
2024-08-08T09:00,14.6,100,3.7,100
2024-08-08T10:00,14.0,99,4.1,100
2024-08-08T11:00,15.2,99,5.1,100
2024-08-08T12:00,18.0,90,4.5,11
2024-08-08T13:00,19.2,80,11.3,44
2024-08-08T14:00,20.1,76,15.1,65
2024-08-08T15:00,20.6,75,15.5,68
2024-08-08T16:00,20.9,75,16.6,72
2024-08-08T17:00,21.0,74,16.2,10
2024-08-08T18:00,21.6,68,16.9,11
2024-08-08T19:00,21.7,66,16.3,91
2024-08-08T20:00,21.2,67,16.0,100
2024-08-08T21:00,21.0,69,16.6,99
2024-08-08T22:00,20.1,74,14.8,100
2024-08-08T23:00,19.4,77,13.8,100
2024-08-09T00:00,18.3,85,13.4,100
2024-08-09T01:00,17.5,89,10.8,100
2024-08-09T02:00,17.5,92,10.8,100
2024-08-09T03:00,17.7,93,9.7,100
2024-08-09T04:00,18.2,92,10.9,100
2024-08-09T05:00,18.4,93,12.3,100
2024-08-09T06:00,18.6,94,10.8,100
2024-08-09T07:00,18.8,94,10.2,100
2024-08-09T08:00,19.0,95,9.4,100
2024-08-09T09:00,19.1,97,9.0,100
2024-08-09T10:00,19.4,98,7.2,100
2024-08-09T11:00,20.3,96,6.7,100
2024-08-09T12:00,21.9,95,8.9,100
2024-08-09T13:00,22.1,97,4.5,100
2024-08-09T14:00,24.4,91,8.4,100
2024-08-09T15:00,25.5,87,15.9,100
2024-08-09T16:00,26.9,83,19.1,100
2024-08-09T17:00,28.2,81,19.9,100
2024-08-09T18:00,27.7,75,23.1,100
2024-08-09T19:00,28.4,72,28.4,96
2024-08-09T20:00,28.0,73,29.6,84
2024-08-09T21:00,27.7,77,26.6,95
2024-08-09T22:00,27.0,81,28.4,100
2024-08-09T23:00,26.3,82,31.9,100
2024-08-10T00:00,25.6,85,32.0,100
2024-08-10T01:00,24.2,91,29.1,100
2024-08-10T02:00,23.9,90,27.3,100
2024-08-10T03:00,23.4,94,30.9,96
2024-08-10T04:00,23.6,92,25.5,100
2024-08-10T05:00,23.7,93,21.7,97
2024-08-10T06:00,23.7,94,20.0,100
2024-08-10T07:00,23.7,94,23.6,100
2024-08-10T08:00,23.5,94,18.7,100
2024-08-10T09:00,22.9,96,18.5,100
2024-08-10T10:00,22.9,97,15.9,100
2024-08-10T11:00,23.2,96,12.8,99
2024-08-10T12:00,24.1,90,11.0,99
2024-08-10T13:00,25.8,86,11.8,5
2024-08-10T14:00,27.2,74,12.0,9
2024-08-10T15:00,28.2,66,12.8,30
2024-08-10T16:00,29.2,61,16.6,15
2024-08-10T17:00,29.7,58,18.5,9
2024-08-10T18:00,29.9,55,19.4,8
2024-08-10T19:00,29.7,51,19.6,11
2024-08-10T20:00,29.2,48,18.8,1
2024-08-10T21:00,28.6,48,18.2,1
2024-08-10T22:00,27.5,52,15.6,2
2024-08-10T23:00,25.8,59,12.1,0
2024-08-11T00:00,23.6,68,11.2,2
2024-08-11T01:00,22.8,63,14.0,54
2024-08-11T02:00,22.0,64,10.5,99
2024-08-11T03:00,21.0,70,8.3,96
2024-08-11T04:00,20.6,73,10.6,92
2024-08-11T05:00,20.8,69,12.6,93
2024-08-11T06:00,20.2,71,11.0,26
2024-08-11T07:00,19.3,75,8.0,69
2024-08-11T08:00,18.7,79,6.6,7
2024-08-11T09:00,18.0,82,6.8,0
2024-08-11T10:00,17.2,85,7.3,0
2024-08-11T11:00,18.2,82,9.9,1
2024-08-11T12:00,20.4,76,7.4,94
2024-08-11T13:00,22.6,61,8.4,56
2024-08-11T14:00,23.8,52,5.3,99
2024-08-11T15:00,25.0,48,5.4,100
2024-08-11T16:00,26.3,45,9.2,100
2024-08-11T17:00,27.7,41,17.6,48
2024-08-11T18:00,28.3,38,19.7,77
2024-08-11T19:00,28.0,38,20.1,70
2024-08-11T20:00,27.7,38,20.8,72
2024-08-11T21:00,26.7,42,18.1,100
2024-08-11T22:00,26.0,48,12.9,77
2024-08-11T23:00,24.3,60,14.8,61
2024-08-12T00:00,22.7,67,15.1,92
2024-08-12T01:00,21.6,73,11.0,86
2024-08-12T02:00,21.0,76,13.2,90
2024-08-12T03:00,20.4,76,13.2,4
2024-08-12T04:00,19.6,79,14.6,53
2024-08-12T05:00,19.3,80,10.9,23
2024-08-12T06:00,18.3,84,6.2,5
2024-08-12T07:00,17.6,87,8.6,0
2024-08-12T08:00,16.9,89,9.9,0
2024-08-12T09:00,16.5,90,10.3,0
2024-08-12T10:00,16.1,90,10.2,0
2024-08-12T11:00,17.1,86,12.1,0
2024-08-12T12:00,19.1,76,11.5,0
2024-08-12T13:00,20.5,65,14.0,0
2024-08-12T14:00,21.8,59,12.6,0
2024-08-12T15:00,23.4,51,14.0,68
2024-08-12T16:00,23.7,50,15.1,31
2024-08-12T17:00,24.3,48,15.9,57
2024-08-12T18:00,24.6,47,17.7,34
2024-08-12T19:00,25.2,50,15.5,39
2024-08-12T20:00,25.1,50,14.8,99
2024-08-12T21:00,19.8,78,14.0,61
2024-08-12T22:00,21.3,76,9.8,38
2024-08-12T23:00,21.1,80,10.1,26
2024-08-13T00:00,19.8,85,10.9,4
2024-08-13T01:00,18.6,89,12.0,46
2024-08-13T02:00,18.1,86,11.4,4
2024-08-13T03:00,17.4,86,11.0,0
2024-08-13T04:00,16.8,86,12.6,0
2024-08-13T05:00,16.4,84,11.4,0
2024-08-13T06:00,16.0,85,11.5,0
2024-08-13T07:00,15.8,85,11.0,0
2024-08-13T08:00,15.5,86,11.5,0
2024-08-13T09:00,15.3,87,12.2,0
2024-08-13T10:00,15.2,88,11.8,0
2024-08-13T11:00,16.2,85,12.9,0
2024-08-13T12:00,18.2,78,12.7,0
2024-08-13T13:00,20.7,69,12.7,0
2024-08-13T14:00,22.5,63,12.0,0
2024-08-13T15:00,24.0,55,11.2,0
2024-08-13T16:00,25.2,48,11.2,1
2024-08-13T17:00,26.3,44,13.0,18
2024-08-13T18:00,27.6,38,14.4,74
2024-08-13T19:00,27.3,37,14.7,100
2024-08-13T20:00,27.7,37,15.6,52
2024-08-13T21:00,27.0,40,15.6,86
2024-08-13T22:00,25.9,47,14.8,2
2024-08-13T23:00,24.5,56,7.6,4
2024-08-14T00:00,23.5,60,5.4,5
2024-08-14T01:00,20.9,80,6.0,8
2024-08-14T02:00,20.0,82,4.7,4
2024-08-14T03:00,19.3,85,6.8,5
2024-08-14T04:00,18.5,88,7.8,15
2024-08-14T05:00,18.0,89,8.9,7
2024-08-14T06:00,17.8,88,9.4,2
2024-08-14T07:00,17.5,87,9.4,0
2024-08-14T08:00,17.1,89,9.4,0
2024-08-14T09:00,16.8,89,9.4,0
2024-08-14T10:00,16.5,91,8.9,0
2024-08-14T11:00,17.7,86,9.9,0
2024-08-14T12:00,20.0,80,6.9,0
2024-08-14T13:00,22.6,72,6.3,0
2024-08-14T14:00,24.8,62,5.1,1
2024-08-14T15:00,26.0,54,5.2,22
2024-08-14T16:00,26.6,49,6.9,14
2024-08-14T17:00,27.2,47,8.2,11
2024-08-14T18:00,27.3,47,9.0,12
2024-08-14T19:00,26.9,49,10.1,28
2024-08-14T20:00,26.5,51,9.9,24
2024-08-14T21:00,26.0,53,9.4,29
2024-08-14T22:00,24.8,57,9.4,25
2024-08-14T23:00,22.9,66,8.8,56
2024-08-15T00:00,21.1,75,5.8,36
2024-08-15T01:00,20.9,82,4.7,10
2024-08-15T02:00,20.2,87,6.9,0
2024-08-15T03:00,19.7,90,5.8,0
2024-08-15T04:00,19.3,91,6.0,1
2024-08-15T05:00,18.9,92,6.6,26
2024-08-15T06:00,18.6,92,7.3,64
2024-08-15T07:00,18.2,92,7.7,65
2024-08-15T08:00,17.9,92,6.8,63
2024-08-15T09:00,17.4,93,6.2,59
2024-08-15T10:00,16.9,95,4.7,97
2024-08-15T11:00,18.0,91,6.8,99
2024-08-15T12:00,20.2,83,4.8,100
2024-08-15T13:00,21.9,81,2.4,30
2024-08-15T14:00,24.3,69,0.5,9
2024-08-15T15:00,26.5,59,2.6,40
2024-08-15T16:00,27.3,53,2.6,100
2024-08-15T17:00,24.2,69,9.4,90
2024-08-15T18:00,25.7,64,8.2,99
2024-08-15T19:00,24.8,67,4.7,100
2024-08-15T20:00,23.6,73,5.7,99
2024-08-15T21:00,23.5,74,8.8,32
2024-08-15T22:00,23.5,72,6.5,64
2024-08-15T23:00,22.8,77,5.5,93
2024-08-16T00:00,21.4,87,3.9,94
2024-08-16T01:00,18.5,95,5.2,8
2024-08-16T02:00,18.1,98,6.2,30
2024-08-16T03:00,18.1,98,5.5,94
2024-08-16T04:00,18.2,98,3.9,67
2024-08-16T05:00,18.0,98,6.7,59
2024-08-16T06:00,17.7,99,5.5,24
2024-08-16T07:00,17.5,99,5.6,30
2024-08-16T08:00,17.5,98,6.6,97
2024-08-16T09:00,17.5,98,6.8,90
2024-08-16T10:00,17.5,97,6.2,99
2024-08-16T11:00,18.0,93,7.0,98
2024-08-16T12:00,18.9,88,6.4,93
2024-08-16T13:00,19.8,82,4.4,100
2024-08-16T14:00,21.5,76,5.6,98
2024-08-16T15:00,23.0,71,5.6,100
2024-08-16T16:00,23.3,70,4.8,98
2024-08-16T17:00,24.4,66,6.9,75
2024-08-16T18:00,24.0,69,11.9,20
2024-08-16T19:00,23.3,71,16.2,4
2024-08-16T20:00,23.0,71,18.4,3
2024-08-16T21:00,22.3,73,18.4,13
2024-08-16T22:00,22.0,76,15.6,14
2024-08-16T23:00,21.1,80,12.5,4
2024-08-17T00:00,19.7,87,10.5,0
2024-08-17T01:00,18.8,92,9.7,2
2024-08-17T02:00,18.2,95,7.9,0
2024-08-17T03:00,17.8,97,6.0,0
2024-08-17T04:00,17.5,98,4.8,11
2024-08-17T05:00,17.3,99,5.8,29
2024-08-17T06:00,17.0,100,5.7,100
2024-08-17T07:00,16.9,100,4.5,100
2024-08-17T08:00,16.8,99,5.2,100
2024-08-17T09:00,16.8,99,3.8,100
2024-08-17T10:00,16.8,99,4.0,100
2024-08-17T11:00,17.0,98,4.8,100
2024-08-17T12:00,18.0,92,5.9,100
2024-08-17T13:00,19.3,82,4.1,100
2024-08-17T14:00,20.4,75,5.7,100
2024-08-17T15:00,22.2,68,7.8,100
2024-08-17T16:00,22.7,69,10.1,76
2024-08-17T17:00,23.1,70,12.7,97
2024-08-17T18:00,23.1,69,16.7,6
2024-08-17T19:00,23.2,67,18.5,6
2024-08-17T20:00,23.3,67,19.2,7
2024-08-17T21:00,22.9,71,19.1,33
2024-08-17T22:00,22.9,73,16.1,100
2024-08-17T23:00,22.3,76,12.1,100
2024-08-18T00:00,21.2,79,10.3,25
2024-08-18T01:00,18.9,91,9.7,93
2024-08-18T02:00,18.5,94,8.4,93
2024-08-18T03:00,18.1,95,7.9,100
2024-08-18T04:00,17.7,95,7.3,99
2024-08-18T05:00,17.5,96,9.2,91
2024-08-18T06:00,17.2,97,4.2,96
2024-08-18T07:00,17.0,98,3.6,100
2024-08-18T08:00,17.6,96,4.0,91
2024-08-18T09:00,17.5,98,4.0,99
2024-08-18T10:00,17.6,98,4.4,100
2024-08-18T11:00,18.2,97,6.5,100
2024-08-18T12:00,18.9,94,3.6,100
2024-08-18T13:00,18.0,97,4.9,99
2024-08-18T14:00,19.8,89,6.5,65
2024-08-18T15:00,21.5,77,3.8,96
2024-08-18T16:00,23.0,70,9.4,100
2024-08-18T17:00,23.8,67,8.3,100
2024-08-18T18:00,23.0,70,16.0,100
2024-08-18T19:00,21.1,81,19.1,99
2024-08-18T20:00,21.7,83,17.0,100
2024-08-18T21:00,21.9,84,16.4,100
2024-08-18T22:00,21.6,86,13.7,100
2024-08-18T23:00,21.6,87,13.6,80
2024-08-19T00:00,20.8,91,11.8,39
2024-08-19T01:00,19.8,97,9.7,98
2024-08-19T02:00,19.6,98,6.9,82
2024-08-19T03:00,19.4,99,7.2,60
2024-08-19T04:00,19.2,100,8.0,100
2024-08-19T05:00,19.4,100,7.0,100
2024-08-19T06:00,19.5,100,9.7,100
2024-08-19T07:00,19.5,100,11.5,100
2024-08-19T08:00,19.5,100,8.4,100
2024-08-19T09:00,19.6,99,9.3,100
2024-08-19T10:00,19.7,98,9.7,99
2024-08-19T11:00,20.2,96,9.8,100
2024-08-19T12:00,21.6,92,10.8,93
2024-08-19T13:00,21.7,94,5.5,100
2024-08-19T14:00,23.6,84,6.8,100
2024-08-19T15:00,23.8,85,8.1,100
2024-08-19T16:00,22.5,92,8.9,100
2024-08-19T17:00,22.7,89,1.8,81
2024-08-19T18:00,24.2,84,5.0,100
2024-08-19T19:00,24.9,83,8.8,83
2024-08-19T20:00,24.0,86,11.6,46
2024-08-19T21:00,23.5,88,9.5,67
2024-08-19T22:00,21.8,91,8.3,100
2024-08-19T23:00,21.9,91,3.7,59
2024-08-20T00:00,21.0,95,6.7,88
2024-08-20T01:00,20.7,97,9.6,55
2024-08-20T02:00,20.5,98,8.4,79
2024-08-20T03:00,20.4,98,10.3,79
2024-08-20T04:00,20.2,97,11.5,34
2024-08-20T05:00,19.7,95,15.9,23
2024-08-20T06:00,17.6,93,18.6,98
2024-08-20T07:00,16.4,92,16.9,90
2024-08-20T08:00,15.7,91,17.5,100
2024-08-20T09:00,15.3,90,18.0,99
2024-08-20T10:00,14.9,88,17.1,100
2024-08-20T11:00,15.1,85,16.7,100
2024-08-20T12:00,15.5,83,15.8,100
2024-08-20T13:00,15.8,86,16.2,39
2024-08-20T14:00,17.9,76,20.2,97
2024-08-20T15:00,19.4,69,19.0,88
2024-08-20T16:00,20.6,64,19.0,99
2024-08-20T17:00,21.2,62,18.8,97
2024-08-20T18:00,21.3,61,18.3,100
2024-08-20T19:00,21.4,60,18.2,100
2024-08-20T20:00,21.1,60,17.4,100
2024-08-20T21:00,20.4,61,15.6,100
2024-08-20T22:00,20.0,63,14.9,100
2024-08-20T23:00,19.2,66,11.6,100
2024-08-21T00:00,18.1,71,8.0,8
2024-08-21T01:00,16.6,78,8.0,34
2024-08-21T02:00,15.6,81,9.7,8
2024-08-21T03:00,14.7,82,10.8,0
2024-08-21T04:00,14.1,83,10.8,2
2024-08-21T05:00,13.7,84,10.4,10
2024-08-21T06:00,13.4,86,9.4,3
2024-08-21T07:00,13.3,87,9.1,1
2024-08-21T08:00,13.1,88,8.1,0
2024-08-21T09:00,12.8,89,8.8,2
2024-08-21T10:00,12.6,88,10.1,3
2024-08-21T11:00,13.5,86,11.2,0
2024-08-21T12:00,15.4,79,10.8,5
2024-08-21T13:00,17.5,73,11.3,6
2024-08-21T14:00,18.9,69,10.5,13
2024-08-21T15:00,19.9,62,12.1,29
2024-08-21T16:00,20.3,58,13.7,45
2024-08-21T17:00,21.0,55,13.1,32
2024-08-21T18:00,21.7,53,12.7,66
2024-08-21T19:00,22.0,56,12.6,35
2024-08-21T20:00,21.9,56,10.5,28
2024-08-21T21:00,20.9,58,12.6,53
2024-08-21T22:00,17.2,84,12.5,55
2024-08-21T23:00,17.7,79,8.0,7
2024-08-22T00:00,16.4,86,7.3,2
2024-08-22T01:00,15.5,93,5.7,1
2024-08-22T02:00,15.5,95,8.4,11
2024-08-22T03:00,15.3,93,9.0,1
2024-08-22T04:00,14.6,94,8.3,0
2024-08-22T05:00,14.0,95,7.7,0
2024-08-22T06:00,13.5,95,8.0,29
2024-08-22T07:00,13.2,95,9.4,1
2024-08-22T08:00,12.8,95,9.0,0
2024-08-22T09:00,12.3,95,7.6,0
2024-08-22T10:00,12.1,95,8.8,0
2024-08-22T11:00,12.9,95,11.6,0
2024-08-22T12:00,14.6,88,11.2,0
2024-08-22T13:00,16.8,77,9.5,0
2024-08-22T14:00,18.4,68,9.4,21
2024-08-22T15:00,19.7,59,11.3,100
2024-08-22T16:00,19.9,58,13.1,53
2024-08-22T17:00,21.2,53,14.3,100
2024-08-22T18:00,21.5,52,14.4,51
2024-08-22T19:00,22.8,47,15.8,100
2024-08-22T20:00,22.5,48,16.2,96
2024-08-22T21:00,22.4,49,15.5,51
2024-08-22T22:00,22.0,54,12.8,3
2024-08-22T23:00,20.2,65,8.3,7
2024-08-23T00:00,18.3,71,10.7,11
2024-08-23T01:00,17.6,81,8.5,3
2024-08-23T02:00,16.7,83,8.4,0
2024-08-23T03:00,16.0,87,9.1,0
2024-08-23T04:00,15.4,88,8.3,0
2024-08-23T05:00,14.8,90,6.9,0
2024-08-23T06:00,14.5,90,7.8,2
2024-08-23T07:00,14.4,90,8.4,0
2024-08-23T08:00,14.3,89,8.4,0
2024-08-23T09:00,14.1,89,8.4,0
2024-08-23T10:00,13.9,90,8.4,0
2024-08-23T11:00,14.8,87,10.2,0
2024-08-23T12:00,17.1,81,8.4,0
2024-08-23T13:00,20.2,73,7.9,0
2024-08-23T14:00,22.5,63,8.7,0
2024-08-23T15:00,24.2,51,10.4,44
2024-08-23T16:00,25.1,45,10.4,26
2024-08-23T17:00,26.0,41,12.4,18
2024-08-23T18:00,26.5,39,13.7,60
2024-08-23T19:00,25.9,38,15.5,81
2024-08-23T20:00,26.0,41,17.2,2
2024-08-23T21:00,25.5,43,15.0,48
2024-08-23T22:00,24.4,54,10.2,15
2024-08-23T23:00,22.5,60,11.2,0
2024-08-24T00:00,20.5,62,11.4,17
2024-08-24T01:00,19.7,70,8.7,5
2024-08-24T02:00,18.5,78,8.5,0
2024-08-24T03:00,17.6,84,7.6,0
2024-08-24T04:00,16.8,88,7.2,25
2024-08-24T05:00,16.3,91,7.2,94
2024-08-24T06:00,16.1,91,7.4,99
2024-08-24T07:00,16.1,90,7.1,99
2024-08-24T08:00,16.0,89,6.9,9
2024-08-24T09:00,15.6,90,8.4,50
2024-08-24T10:00,15.4,91,8.0,19
2024-08-24T11:00,16.2,89,10.1,1
2024-08-24T12:00,18.6,82,8.0,0
2024-08-24T13:00,21.4,72,7.1,0
2024-08-24T14:00,23.7,60,7.8,0
2024-08-24T15:00,25.1,51,8.4,0
2024-08-24T16:00,26.0,47,8.9,0
2024-08-24T17:00,26.7,44,8.5,1
2024-08-24T18:00,27.3,43,9.4,21
2024-08-24T19:00,27.7,40,10.1,23
2024-08-24T20:00,27.5,40,9.4,13
2024-08-24T21:00,27.4,38,9.2,7
2024-08-24T22:00,26.7,45,9.2,11
2024-08-24T23:00,24.3,58,9.4,12
2024-08-25T00:00,21.3,75,6.0,24
2024-08-25T01:00,21.9,65,1.8,7
2024-08-25T02:00,19.5,79,4.7,3
2024-08-25T03:00,18.7,82,7.6,9
2024-08-25T04:00,18.0,85,6.9,25
2024-08-25T05:00,17.4,87,6.8,9
2024-08-25T06:00,16.9,89,9.4,8
2024-08-25T07:00,16.5,88,7.2,5
2024-08-25T08:00,16.1,89,7.2,6
2024-08-25T09:00,15.7,90,6.8,0
2024-08-25T10:00,15.4,92,5.8,0
2024-08-25T11:00,16.2,89,7.9,1
2024-08-25T12:00,18.8,84,6.5,8
2024-08-25T13:00,22.2,71,4.8,18
2024-08-25T14:00,24.8,58,4.7,97
2024-08-25T15:00,26.3,49,3.7,100
2024-08-25T16:00,27.2,43,2.3,100
2024-08-25T17:00,27.6,41,1.8,100
2024-08-25T18:00,27.8,42,5.2,100
2024-08-25T19:00,27.4,46,8.2,98
2024-08-25T20:00,27.2,48,6.8,39
2024-08-25T21:00,26.5,54,8.3,34
2024-08-25T22:00,25.2,61,10.2,55
2024-08-25T23:00,23.6,67,6.1,51
2024-08-26T00:00,21.9,71,5.2,54
2024-08-26T01:00,20.6,81,5.4,43
2024-08-26T02:00,19.8,86,4.7,6
2024-08-26T03:00,19.4,87,5.0,9
2024-08-26T04:00,18.5,92,4.4,7
2024-08-26T05:00,18.1,93,6.0,29
2024-08-26T06:00,17.8,93,7.9,29
2024-08-26T07:00,17.5,92,7.6,4
2024-08-26T08:00,17.0,93,1.5,6
2024-08-26T09:00,16.4,97,4.0,8
2024-08-26T10:00,16.2,98,2.0,6
2024-08-26T11:00,16.9,97,1.9,7
2024-08-26T12:00,19.3,87,1.6,2
2024-08-26T13:00,20.6,85,2.5,41
2024-08-26T14:00,22.2,80,8.6,32
2024-08-26T15:00,23.6,72,6.4,39
2024-08-26T16:00,24.2,70,6.6,88
2024-08-26T17:00,23.8,68,10.7,90
2024-08-26T18:00,21.2,78,3.9,100
2024-08-26T19:00,21.6,78,3.6,92
2024-08-26T20:00,23.2,72,6.2,99
2024-08-26T21:00,23.5,70,3.5,23
2024-08-26T22:00,23.2,73,2.1,12
2024-08-26T23:00,22.0,86,1.5,23
2024-08-27T00:00,20.4,88,2.7,3
2024-08-27T01:00,19.6,95,4.3,17
2024-08-27T02:00,19.1,97,4.6,0
2024-08-27T03:00,18.1,99,4.5,0
2024-08-27T04:00,17.5,100,4.4,15
2024-08-27T05:00,17.0,100,4.7,100
2024-08-27T06:00,16.8,100,4.4,100
2024-08-27T07:00,16.3,100,7.6,100
2024-08-27T08:00,16.1,99,5.4,100
2024-08-27T09:00,16.0,99,2.1,100
2024-08-27T10:00,15.9,99,3.6,100
2024-08-27T11:00,16.2,99,4.1,100
2024-08-27T12:00,17.5,94,2.3,42
2024-08-27T13:00,19.7,88,4.4,27
2024-08-27T14:00,22.4,79,3.4,0
2024-08-27T15:00,24.2,72,2.8,3
2024-08-27T16:00,24.9,68,5.1,22
2024-08-27T17:00,25.2,69,7.2,27
2024-08-27T18:00,25.4,69,10.1,52
2024-08-27T19:00,24.9,72,11.5,53
2024-08-27T20:00,24.5,73,13.3,27
2024-08-27T21:00,24.4,72,12.2,30
2024-08-27T22:00,23.9,77,10.8,76
2024-08-27T23:00,23.1,81,9.4,98
2024-08-28T00:00,22.4,80,11.2,93
2024-08-28T01:00,21.7,81,12.6,88
2024-08-28T02:00,20.8,86,12.3,81
2024-08-28T03:00,20.5,86,14.5,53
2024-08-28T04:00,20.3,85,14.3,71
2024-08-28T05:00,20.1,87,13.5,97
2024-08-28T06:00,19.8,87,14.8,100
2024-08-28T07:00,19.8,84,16.1,0
2024-08-28T08:00,19.8,83,16.1,26
2024-08-28T09:00,19.9,83,17.3,64
2024-08-28T10:00,20.3,84,18.6,65
2024-08-28T11:00,21.3,81,19.1,84
2024-08-28T12:00,23.1,76,16.8,58
2024-08-28T13:00,25.9,71,19.2,81
2024-08-28T14:00,27.9,64,20.6,97
2024-08-28T15:00,29.3,61,21.5,87
2024-08-28T16:00,31.0,55,24.4,93
2024-08-28T17:00,31.5,54,19.7,44
2024-08-28T18:00,32.3,51,20.0,57
2024-08-28T19:00,31.5,52,20.6,60
2024-08-28T20:00,29.7,57,16.4,79
2024-08-28T21:00,29.6,51,18.9,15
2024-08-28T22:00,27.9,53,16.9,14
2024-08-28T23:00,25.9,59,14.3,7
2024-08-29T00:00,24.0,65,11.3,5
2024-08-29T01:00,23.7,71,15.2,6
2024-08-29T02:00,22.1,70,13.8,0
2024-08-29T03:00,20.6,72,10.6,1
2024-08-29T04:00,19.3,78,11.0,0
2024-08-29T05:00,18.3,74,12.4,4
2024-08-29T06:00,17.5,70,11.6,9
2024-08-29T07:00,16.8,70,11.2,90
2024-08-29T08:00,16.3,72,10.8,100
2024-08-29T09:00,16.8,70,12.5,69
2024-08-29T10:00,16.0,74,11.2,83
2024-08-29T11:00,15.8,76,11.2,88
2024-08-29T12:00,16.8,73,11.2,46
2024-08-29T13:00,18.6,69,12.3,88
2024-08-29T14:00,20.1,61,13.6,86
2024-08-29T15:00,20.3,60,14.0,96
2024-08-29T16:00,20.3,60,13.2,82
2024-08-29T17:00,21.0,58,12.3,83
2024-08-29T18:00,20.9,58,15.1,26
2024-08-29T19:00,20.0,61,17.6,19
2024-08-29T20:00,19.7,59,14.9,15
2024-08-29T21:00,19.8,57,13.8,0
2024-08-29T22:00,19.1,57,14.0,9
2024-08-29T23:00,18.0,64,11.6,13
2024-08-30T00:00,17.1,71,9.2,21
2024-08-30T01:00,16.8,75,7.6,2
2024-08-30T02:00,16.5,78,8.2,1
2024-08-30T03:00,16.0,82,6.3,4
2024-08-30T04:00,15.2,88,7.1,0
2024-08-30T05:00,16.5,80,4.2,0
2024-08-30T06:00,16.2,82,2.4,0
2024-08-30T07:00,15.6,86,4.4,1
2024-08-30T08:00,14.7,92,3.3,1
2024-08-30T09:00,13.1,98,4.4,0
2024-08-30T10:00,13.0,96,4.2,0
2024-08-30T11:00,14.0,92,7.2,0
2024-08-30T12:00,16.7,80,5.1,0
2024-08-30T13:00,18.1,72,7.2,2
2024-08-30T14:00,19.5,62,12.8,0
2024-08-30T15:00,20.2,57,15.9,0
2024-08-30T16:00,20.5,58,17.3,1
2024-08-30T17:00,20.9,58,17.3,1
2024-08-30T18:00,21.2,57,17.3,0
2024-08-30T19:00,21.2,59,17.6,1
2024-08-30T20:00,21.0,60,17.6,0
2024-08-30T21:00,20.6,62,17.0,0
2024-08-30T22:00,20.0,66,15.5,0
2024-08-30T23:00,18.9,74,13.1,0
2024-08-31T00:00,17.8,83,12.4,0
2024-08-31T01:00,17.1,86,10.7,0
2024-08-31T02:00,16.5,91,8.2,0
2024-08-31T03:00,15.9,94,6.2,0
2024-08-31T04:00,15.5,95,5.2,0
2024-08-31T05:00,15.0,96,5.0,0
2024-08-31T06:00,15.1,96,4.8,0
2024-08-31T07:00,15.1,95,5.0,12
2024-08-31T08:00,14.6,97,7.4,0
2024-08-31T09:00,15.0,96,5.3,3
2024-08-31T10:00,15.0,96,4.0,4
2024-08-31T11:00,15.5,95,3.4,3
2024-08-31T12:00,17.5,88,2.2,34
2024-08-31T13:00,19.6,82,3.9,55
2024-08-31T14:00,22.3,73,8.5,98
2024-08-31T15:00,24.5,60,11.2,95
2024-08-31T16:00,25.9,52,10.5,98
2024-08-31T17:00,27.1,47,9.2,86
2024-08-31T18:00,27.7,45,9.1,66
2024-08-31T19:00,27.4,45,12.7,55
2024-08-31T20:00,26.8,48,16.1,33
2024-08-31T21:00,26.2,51,15.1,15
2024-08-31T22:00,25.2,58,15.6,19
2024-08-31T23:00,23.4,65,14.5,69
2024-09-01T00:00,21.9,72,13.9,39
2024-09-01T01:00,21.3,80,12.7,76
2024-09-01T02:00,20.6,83,12.4,87
2024-09-01T03:00,20.2,86,11.8,74
2024-09-01T04:00,19.6,91,10.6,99
2024-09-01T05:00,19.6,94,9.8,100
2024-09-01T06:00,19.5,96,9.8,100
2024-09-01T07:00,19.5,97,11.6,100
2024-09-01T08:00,19.3,97,12.4,100
2024-09-01T09:00,19.4,95,12.7,100
2024-09-01T10:00,19.5,95,11.7,100
2024-09-01T11:00,20.1,92,13.0,100
2024-09-01T12:00,21.6,86,15.6,100
2024-09-01T13:00,23.1,85,17.2,100
2024-09-01T14:00,24.4,78,16.5,100
2024-09-01T15:00,25.6,72,16.0,77
2024-09-01T16:00,27.3,64,18.3,61
2024-09-01T17:00,28.6,58,21.1,100
2024-09-01T18:00,28.3,61,20.7,91
2024-09-01T19:00,27.7,64,23.5,81
2024-09-01T20:00,27.7,65,21.9,96
2024-09-01T21:00,26.6,69,19.3,62
2024-09-01T22:00,25.9,74,18.8,11
2024-09-01T23:00,24.8,80,17.1,11
2024-09-02T00:00,23.8,84,16.6,4
2024-09-02T01:00,22.7,91,16.3,1
2024-09-02T02:00,22.0,94,15.6,2
2024-09-02T03:00,21.7,96,14.7,1
2024-09-02T04:00,21.4,96,13.4,2
2024-09-02T05:00,21.1,96,13.1,2
2024-09-02T06:00,20.7,96,11.3,6
2024-09-02T07:00,20.1,93,9.4,4
2024-09-02T08:00,19.2,86,11.8,30
2024-09-02T09:00,18.8,80,12.6,50
2024-09-02T10:00,18.4,80,13.0,12
2024-09-02T11:00,18.3,77,13.7,10
2024-09-02T12:00,19.3,70,12.6,87
2024-09-02T13:00,21.1,58,13.6,100
2024-09-02T14:00,22.4,47,12.8,100
2024-09-02T15:00,23.5,41,11.1,100
2024-09-02T16:00,24.4,34,11.6,65
2024-09-02T17:00,24.9,33,11.6,1
2024-09-02T18:00,25.8,30,13.0,86
2024-09-02T19:00,25.2,30,14.5,55
2024-09-02T20:00,25.6,30,15.8,37
2024-09-02T21:00,24.2,33,17.8,5
2024-09-02T22:00,23.6,34,14.7,32
2024-09-02T23:00,21.4,44,14.0,34
2024-09-03T00:00,19.7,51,10.2,17
2024-09-03T01:00,18.7,57,13.4,9
2024-09-03T02:00,17.7,58,16.3,16
2024-09-03T03:00,16.5,60,20.1,0
2024-09-03T04:00,15.4,60,18.0,0
2024-09-03T05:00,14.5,61,13.4,0
2024-09-03T06:00,13.6,64,11.2,0
2024-09-03T07:00,12.8,69,9.4,0
2024-09-03T08:00,12.1,73,9.2,0
2024-09-03T09:00,11.6,75,9.3,0
2024-09-03T10:00,11.2,77,9.2,0
2024-09-03T11:00,11.8,73,11.2,0
2024-09-03T12:00,14.1,65,10.2,0
2024-09-03T13:00,16.4,54,11.0,0
2024-09-03T14:00,18.5,45,12.4,0
2024-09-03T15:00,19.9,36,12.6,0
2024-09-03T16:00,21.0,33,11.6,0
2024-09-03T17:00,21.8,31,9.5,0
2024-09-03T18:00,22.3,31,7.1,0
2024-09-03T19:00,22.8,31,7.4,0
2024-09-03T20:00,23.0,30,9.1,0
2024-09-03T21:00,22.8,32,10.1,0
2024-09-03T22:00,22.2,34,10.1,1
2024-09-03T23:00,20.2,49,6.9,0
2024-09-04T00:00,18.2,58,7.9,0
2024-09-04T01:00,16.9,61,7.3,0
2024-09-04T02:00,15.7,68,8.9,0
2024-09-04T03:00,14.8,72,9.1,0
2024-09-04T04:00,14.0,78,8.6,0
2024-09-04T05:00,13.5,80,8.3,0
2024-09-04T06:00,13.1,80,7.3,0
2024-09-04T07:00,12.8,80,6.4,0
2024-09-04T08:00,12.6,80,5.7,0
2024-09-04T09:00,12.3,82,4.9,0
2024-09-04T10:00,12.0,85,4.8,0
2024-09-04T11:00,12.9,80,7.1,0
2024-09-04T12:00,15.7,71,4.3,0
2024-09-04T13:00,19.1,61,4.9,0
2024-09-04T14:00,22.1,48,4.5,0
2024-09-04T15:00,23.6,42,3.8,0
2024-09-04T16:00,24.5,39,5.4,0
2024-09-04T17:00,25.1,37,7.8,0
2024-09-04T18:00,25.4,36,9.1,0
2024-09-04T19:00,25.3,36,10.1,1
2024-09-04T20:00,25.1,36,10.7,1
2024-09-04T21:00,24.8,38,11.2,0
2024-09-04T22:00,24.0,42,12.7,0
2024-09-04T23:00,21.6,53,11.8,0
2024-09-05T00:00,19.4,61,11.4,0
2024-09-05T01:00,18.3,70,9.4,0
2024-09-05T02:00,17.4,70,9.8,0
2024-09-05T03:00,16.6,71,9.5,0
2024-09-05T04:00,15.8,74,8.9,0
2024-09-05T05:00,15.2,77,7.4,0
2024-09-05T06:00,14.7,79,6.4,0
2024-09-05T07:00,14.3,81,7.4,0
2024-09-05T08:00,14.0,81,7.8,0
2024-09-05T09:00,13.7,82,7.2,0
2024-09-05T10:00,13.3,83,6.1,0
2024-09-05T11:00,13.8,81,7.8,0
2024-09-05T12:00,16.3,74,6.0,0
2024-09-05T13:00,18.7,66,1.8,0
2024-09-05T14:00,21.2,52,1.8,0
2024-09-05T15:00,22.7,45,5.4,0
2024-09-05T16:00,23.5,42,9.4,0
2024-09-05T17:00,23.8,43,13.7,0
2024-09-05T18:00,23.6,43,17.7,0
2024-09-05T19:00,23.3,43,18.8,0
2024-09-05T20:00,22.7,44,18.3,0
2024-09-05T21:00,21.6,49,16.9,0
2024-09-05T22:00,20.2,54,15.0,0
2024-09-05T23:00,18.4,64,12.9,0
2024-09-06T00:00,17.2,72,11.4,0
2024-09-06T01:00,16.7,80,11.3,0
2024-09-06T02:00,16.3,86,8.6,0
2024-09-06T03:00,16.0,90,6.6,0
2024-09-06T04:00,15.2,94,7.7,0
2024-09-06T05:00,16.2,91,5.9,0
2024-09-06T06:00,16.0,93,5.4,0
2024-09-06T07:00,14.8,98,5.8,0
2024-09-06T08:00,14.3,98,6.4,2
2024-09-06T09:00,14.6,97,7.6,24
2024-09-06T10:00,15.0,96,9.0,96
2024-09-06T11:00,15.8,93,9.7,100
2024-09-06T12:00,17.5,88,8.8,22
2024-09-06T13:00,18.6,86,14.5,100
2024-09-06T14:00,20.0,81,15.3,100
2024-09-06T15:00,20.8,78,17.2,82
2024-09-06T16:00,21.6,75,17.7,48
2024-09-06T17:00,22.1,71,17.8,86
2024-09-06T18:00,22.6,68,17.7,5
2024-09-06T19:00,22.7,68,17.1,1
2024-09-06T20:00,22.2,70,16.9,2
2024-09-06T21:00,21.4,74,16.8,12
2024-09-06T22:00,20.3,79,17.6,27
2024-09-06T23:00,18.9,86,12.4,0
2024-09-07T00:00,17.9,91,9.7,0
2024-09-07T01:00,17.2,94,12.2,5
2024-09-07T02:00,16.6,96,12.1,5
2024-09-07T03:00,16.1,97,12.6,12
2024-09-07T04:00,15.8,97,10.9,11
2024-09-07T05:00,15.5,97,10.8,8
2024-09-07T06:00,15.3,97,10.1,13
2024-09-07T07:00,14.9,97,10.1,34
2024-09-07T08:00,14.5,97,10.1,33
2024-09-07T09:00,14.2,97,9.0,58
2024-09-07T10:00,13.9,99,9.0,98
2024-09-07T11:00,14.1,97,10.2,100
2024-09-07T12:00,15.5,90,8.7,99
2024-09-07T13:00,17.8,83,8.3,100
2024-09-07T14:00,19.8,74,7.7,100
2024-09-07T15:00,21.3,67,4.3,100
2024-09-07T16:00,22.9,59,1.1,100
2024-09-07T17:00,24.1,52,4.1,100
2024-09-07T18:00,25.2,48,6.2,100
2024-09-07T19:00,25.4,44,8.6,100
2024-09-07T20:00,25.1,46,7.9,100
2024-09-07T21:00,23.2,60,8.7,100
2024-09-07T22:00,22.6,61,13.0,100
2024-09-07T23:00,21.0,68,17.7,99
2024-09-08T00:00,19.7,71,15.7,96
2024-09-08T01:00,19.0,78,13.4,100
2024-09-08T02:00,18.1,82,17.5,89
2024-09-08T03:00,16.1,78,11.5,96
2024-09-08T04:00,15.8,79,11.6,69
2024-09-08T05:00,15.2,81,13.1,100
2024-09-08T06:00,15.2,80,14.5,30
2024-09-08T07:00,13.9,86,14.8,0
2024-09-08T08:00,13.3,85,15.7,0
2024-09-08T09:00,12.5,85,14.1,0
2024-09-08T10:00,11.8,86,12.6,0
2024-09-08T11:00,11.9,83,14.9,0
2024-09-08T12:00,13.4,72,14.7,0
2024-09-08T13:00,15.1,64,18.6,0
2024-09-08T14:00,16.4,58,16.0,1
2024-09-08T15:00,17.7,51,14.0,0
2024-09-08T16:00,19.0,46,15.1,2
2024-09-08T17:00,19.7,44,17.7,2
2024-09-08T18:00,20.0,41,20.3,7
2024-09-08T19:00,20.2,37,20.6,5
2024-09-08T20:00,20.2,35,23.4,18
2024-09-08T21:00,19.4,35,23.1,11
2024-09-08T22:00,18.4,38,19.6,12
2024-09-08T23:00,16.8,46,14.4,0
2024-09-09T00:00,15.4,52,11.5,0
2024-09-09T01:00,13.9,66,9.6,0
2024-09-09T02:00,13.4,68,10.5,0
2024-09-09T03:00,12.8,69,10.4,1
2024-09-09T04:00,12.5,69,12.3,0
2024-09-09T05:00,12.8,64,15.6,0
2024-09-09T06:00,13.1,59,16.4,0
2024-09-09T07:00,13.4,58,15.8,0
2024-09-09T08:00,13.2,60,14.1,0
2024-09-09T09:00,12.7,63,12.9,0
2024-09-09T10:00,12.2,67,12.2,0
2024-09-09T11:00,12.4,68,13.7,0
2024-09-09T12:00,14.2,65,13.5,18
2024-09-09T13:00,16.5,59,15.6,36
2024-09-09T14:00,18.6,50,16.9,25
2024-09-09T15:00,20.2,38,17.5,0
2024-09-09T16:00,21.2,38,18.1,1
2024-09-09T17:00,22.0,38,18.8,1
2024-09-09T18:00,23.2,33,19.8,49
2024-09-09T19:00,23.1,36,22.4,98
2024-09-09T20:00,23.2,36,20.5,32
2024-09-09T21:00,22.8,40,18.5,24
2024-09-09T22:00,21.5,49,14.1,25
2024-09-09T23:00,19.4,59,10.7,7
2024-09-10T00:00,17.7,67,9.8,20
2024-09-10T01:00,17.4,69,11.0,15
2024-09-10T02:00,17.0,72,11.2,1
2024-09-10T03:00,16.4,74,12.8,13
2024-09-10T04:00,16.0,73,12.8,1
2024-09-10T05:00,15.5,74,13.0,0
2024-09-10T06:00,15.1,75,12.1,22
2024-09-10T07:00,14.7,78,12.2,69
2024-09-10T08:00,14.4,79,11.3,19
2024-09-10T09:00,14.1,80,11.0,9
2024-09-10T10:00,13.9,81,11.2,7
2024-09-10T11:00,14.2,82,12.0,0
2024-09-10T12:00,16.1,78,10.8,0
2024-09-10T13:00,18.6,69,12.0,2
2024-09-10T14:00,20.2,60,12.2,0
2024-09-10T15:00,21.5,53,11.6,8
2024-09-10T16:00,22.7,46,12.4,2
2024-09-10T17:00,23.7,40,12.7,0
2024-09-10T18:00,24.4,33,13.0,0
2024-09-10T19:00,24.5,32,13.2,0
2024-09-10T20:00,24.3,34,13.0,0
2024-09-10T21:00,24.0,36,13.4,0
2024-09-10T22:00,22.9,39,12.7,0
2024-09-10T23:00,20.0,48,11.9,0
2024-09-11T00:00,18.4,50,11.6,0
2024-09-11T01:00,17.1,60,8.9,0
2024-09-11T02:00,15.9,63,8.7,0
2024-09-11T03:00,15.1,66,8.7,0
2024-09-11T04:00,14.2,70,9.4,0
2024-09-11T05:00,13.9,71,9.7,0
2024-09-11T06:00,13.5,71,8.6,0
2024-09-11T07:00,12.8,73,8.0,0
2024-09-11T08:00,12.2,76,7.4,0
2024-09-11T09:00,11.6,79,6.1,0
2024-09-11T10:00,11.0,84,5.4,0
2024-09-11T11:00,11.6,81,5.9,0
2024-09-11T12:00,14.3,70,5.8,5
2024-09-11T13:00,17.3,59,6.1,28
2024-09-11T14:00,20.0,43,5.0,53
2024-09-11T15:00,21.3,36,2.3,63
2024-09-11T16:00,22.2,34,4.4,61
2024-09-11T17:00,22.9,34,6.6,24
2024-09-11T18:00,23.5,33,7.5,19
2024-09-11T19:00,23.7,33,9.4,13
2024-09-11T20:00,23.2,36,12.7,5
2024-09-11T21:00,22.2,40,13.4,0
2024-09-11T22:00,20.8,46,12.1,0
2024-09-11T23:00,18.7,59,11.8,2
2024-09-12T00:00,17.6,60,12.1,0
2024-09-12T01:00,16.9,65,11.2,0
2024-09-12T02:00,16.1,68,9.9,0
2024-09-12T03:00,15.4,70,9.3,2
2024-09-12T04:00,14.6,73,8.5,0
2024-09-12T05:00,13.9,76,8.1,0
2024-09-12T06:00,13.4,79,8.2,0
2024-09-12T07:00,12.9,83,7.4,0
2024-09-12T08:00,12.6,86,6.3,0
2024-09-12T09:00,12.4,88,6.4,0
2024-09-12T10:00,12.1,90,6.1,0
2024-09-12T11:00,12.4,89,7.9,0
2024-09-12T12:00,14.9,81,6.9,0
2024-09-12T13:00,17.6,72,4.4,0
2024-09-12T14:00,21.0,62,4.9,4
2024-09-12T15:00,23.6,50,6.9,30
2024-09-12T16:00,25.2,44,8.2,66
2024-09-12T17:00,26.1,41,8.2,0
2024-09-12T18:00,26.5,39,6.3,0
2024-09-12T19:00,26.7,39,5.2,0
2024-09-12T20:00,26.6,40,4.9,0
2024-09-12T21:00,26.2,42,4.7,0
2024-09-12T22:00,25.1,48,7.0,0
2024-09-12T23:00,22.2,52,14.0,0
2024-09-13T00:00,19.6,58,14.2,0
2024-09-13T01:00,18.2,66,12.7,0
2024-09-13T02:00,17.4,73,11.9,0
2024-09-13T03:00,16.7,79,11.8,3
2024-09-13T04:00,16.0,83,10.9,24
2024-09-13T05:00,15.5,86,10.5,61
2024-09-13T06:00,15.1,88,10.8,40
2024-09-13T07:00,14.9,88,10.1,24
2024-09-13T08:00,14.6,90,8.5,32
2024-09-13T09:00,14.3,92,7.8,88
2024-09-13T10:00,14.3,93,8.8,68
2024-09-13T11:00,14.6,92,8.9,0
2024-09-13T12:00,16.5,84,7.9,0
2024-09-13T13:00,19.3,75,6.8,0
2024-09-13T14:00,22.2,66,6.3,0
2024-09-13T15:00,24.5,57,5.2,0
2024-09-13T16:00,26.2,50,4.1,4
2024-09-13T17:00,27.2,46,3.2,11
2024-09-13T18:00,27.7,44,1.4,23
2024-09-13T19:00,28.0,44,1.0,34
2024-09-13T20:00,28.0,44,2.5,44
2024-09-13T21:00,27.1,47,3.3,51
2024-09-13T22:00,25.5,57,4.0,29
2024-09-13T23:00,23.4,74,4.3,25
2024-09-14T00:00,22.1,71,6.5,15
2024-09-14T01:00,20.3,75,11.4,1
2024-09-14T02:00,19.4,81,9.9,0
2024-09-14T03:00,18.6,85,7.1,0
2024-09-14T04:00,17.9,89,5.0,0
2024-09-14T05:00,17.3,92,5.2,0
2024-09-14T06:00,16.8,95,6.4,0
2024-09-14T07:00,16.6,97,8.0,0
2024-09-14T08:00,16.4,95,7.3,0
2024-09-14T09:00,16.1,93,6.4,0
2024-09-14T10:00,15.7,94,7.1,0
2024-09-14T11:00,16.1,92,10.0,0
2024-09-14T12:00,18.5,83,9.1,0
2024-09-14T13:00,21.0,75,6.9,0
2024-09-14T14:00,23.4,66,6.8,0
2024-09-14T15:00,24.8,62,8.6,2
2024-09-14T16:00,25.2,62,12.7,12
2024-09-14T17:00,24.7,62,15.3,14
2024-09-14T18:00,24.4,63,15.8,17
2024-09-14T19:00,23.8,65,14.8,33
2024-09-14T20:00,22.4,71,14.8,24
2024-09-14T21:00,21.2,76,13.7,22
2024-09-14T22:00,19.8,82,11.9,23
2024-09-14T23:00,18.5,88,9.7,3
2024-09-15T00:00,17.9,92,9.1,10
2024-09-15T01:00,17.6,93,8.8,0
2024-09-15T02:00,17.3,93,8.3,0
2024-09-15T03:00,17.2,92,7.2,0
2024-09-15T04:00,17.3,89,4.3,12
2024-09-15T05:00,16.5,93,2.9,19
2024-09-15T06:00,15.8,95,3.2,0
2024-09-15T07:00,15.3,96,3.6,1
2024-09-15T08:00,15.2,95,4.6,0
2024-09-15T09:00,14.9,94,4.9,0
2024-09-15T10:00,14.6,94,5.7,1
2024-09-15T11:00,15.2,93,3.8,0
2024-09-15T12:00,17.4,85,4.0,0
2024-09-15T13:00,19.1,76,3.0,14
2024-09-15T14:00,20.9,61,2.8,7
2024-09-15T15:00,22.3,53,5.2,0
2024-09-15T16:00,23.1,50,8.0,0
2024-09-15T17:00,23.6,47,9.6,0
2024-09-15T18:00,24.0,45,10.6,0
2024-09-15T19:00,24.1,45,11.9,0
2024-09-15T20:00,23.9,47,12.9,0
2024-09-15T21:00,23.1,48,14.2,0
2024-09-15T22:00,21.6,53,12.9,0
2024-09-15T23:00,19.3,64,11.2,0
2024-09-16T00:00,17.9,70,10.9,0
2024-09-16T01:00,16.9,71,9.4,0
2024-09-16T02:00,15.8,71,8.8,0
2024-09-16T03:00,14.9,75,7.6,0
2024-09-16T04:00,14.4,81,5.5,0
2024-09-16T05:00,13.7,88,4.8,0
2024-09-16T06:00,13.5,90,5.2,0
2024-09-16T07:00,13.0,93,7.7,0
2024-09-16T08:00,12.8,94,5.5,0
2024-09-16T09:00,12.4,95,4.8,0
2024-09-16T10:00,12.2,95,4.6,0
2024-09-16T11:00,12.3,95,5.9,0
2024-09-16T12:00,14.8,86,5.1,0
2024-09-16T13:00,17.5,77,3.0,0
2024-09-16T14:00,20.4,61,2.2,0
2024-09-16T15:00,22.6,49,0.7,0
2024-09-16T16:00,24.2,42,2.3,0
2024-09-16T17:00,25.3,35,4.3,0
2024-09-16T18:00,26.0,32,6.1,0
2024-09-16T19:00,26.1,34,9.1,0
2024-09-16T20:00,25.5,41,10.7,0
2024-09-16T21:00,24.5,47,11.9,0
2024-09-16T22:00,23.0,52,11.3,0
2024-09-16T23:00,20.6,55,11.5,0
2024-09-17T00:00,19.3,65,12.6,0
2024-09-17T01:00,18.0,77,12.9,0
2024-09-17T02:00,16.7,89,12.6,0
2024-09-17T03:00,15.9,94,11.0,6
2024-09-17T04:00,15.4,97,9.2,71
2024-09-17T05:00,14.9,97,9.4,99
2024-09-17T06:00,14.5,97,9.4,100
2024-09-17T07:00,13.9,96,8.2,97
2024-09-17T08:00,13.4,96,7.7,3
2024-09-17T09:00,13.0,96,7.5,100
2024-09-17T10:00,12.7,96,5.8,100
2024-09-17T11:00,12.6,97,5.8,41
2024-09-17T12:00,14.5,90,5.5,5
2024-09-17T13:00,17.4,80,3.8,3
2024-09-17T14:00,21.1,68,2.6,13
2024-09-17T15:00,24.3,52,0.8,40
2024-09-17T16:00,26.1,38,1.8,92
2024-09-17T17:00,27.3,29,4.6,99
2024-09-17T18:00,27.8,26,5.9,100
2024-09-17T19:00,27.6,26,8.4,100
2024-09-17T20:00,26.8,30,9.7,100
2024-09-17T21:00,25.5,40,9.6,100
2024-09-17T22:00,24.0,47,10.0,100
2024-09-17T23:00,22.1,51,9.9,100
2024-09-18T00:00,21.0,64,12.0,100
2024-09-18T01:00,18.6,70,10.6,94
2024-09-18T02:00,17.2,81,9.8,100
2024-09-18T03:00,16.6,92,10.2,92
2024-09-18T04:00,16.4,96,10.7,80
2024-09-18T05:00,16.0,97,9.2,93
2024-09-18T06:00,15.4,97,8.4,88
2024-09-18T07:00,14.8,97,6.0,99
2024-09-18T08:00,14.1,97,5.5,100
2024-09-18T09:00,13.4,98,6.5,100
2024-09-18T10:00,12.9,100,5.7,96
2024-09-18T11:00,13.2,100,4.1,100
2024-09-18T12:00,15.2,92,5.2,100
2024-09-18T13:00,17.0,81,2.5,100
2024-09-18T14:00,19.6,72,2.0,100
2024-09-18T15:00,22.4,61,2.1,100
2024-09-18T16:00,23.8,54,4.8,100
2024-09-18T17:00,24.6,48,7.8,100
2024-09-18T18:00,23.8,51,9.7,100
2024-09-18T19:00,23.1,60,10.5,100
2024-09-18T20:00,22.1,70,10.1,100
2024-09-18T21:00,20.9,78,10.1,100
2024-09-18T22:00,19.8,82,9.7,100
2024-09-18T23:00,18.5,87,9.0,100
2024-09-19T00:00,17.7,93,8.8,100
2024-09-19T01:00,18.1,93,7.6,100
2024-09-19T02:00,17.9,95,6.5,100
2024-09-19T03:00,17.8,96,4.1,100
2024-09-19T04:00,17.7,97,6.1,100
2024-09-19T05:00,17.5,98,6.3,100
2024-09-19T06:00,17.3,98,6.5,100
2024-09-19T07:00,17.1,97,8.2,99
2024-09-19T08:00,16.7,97,7.6,100
2024-09-19T09:00,15.9,97,9.0,99
2024-09-19T10:00,15.8,96,10.2,100
2024-09-19T11:00,15.9,94,11.2,100
2024-09-19T12:00,17.4,86,11.9,100
2024-09-19T13:00,19.6,82,11.4,60
2024-09-19T14:00,21.9,72,14.8,100
2024-09-19T15:00,23.2,71,18.1,99
2024-09-19T16:00,24.3,67,22.2,95
2024-09-19T17:00,23.7,70,21.7,99
2024-09-19T18:00,23.5,69,20.2,100
2024-09-19T19:00,23.7,64,18.6,91
2024-09-19T20:00,23.4,64,18.2,57
2024-09-19T21:00,22.9,66,18.1,84
2024-09-19T22:00,21.9,72,17.3,100
2024-09-19T23:00,20.2,83,15.6,100
2024-09-20T00:00,19.2,87,14.3,100
2024-09-20T01:00,19.2,91,13.1,100
2024-09-20T02:00,18.9,92,14.0,100
2024-09-20T03:00,18.8,91,14.2,100
2024-09-20T04:00,18.6,94,13.0,100
2024-09-20T05:00,18.2,96,13.4,100
2024-09-20T06:00,18.0,98,15.6,100
2024-09-20T07:00,17.9,97,16.2,100
2024-09-20T08:00,17.5,94,19.3,98
2024-09-20T09:00,17.0,95,20.0,100
2024-09-20T10:00,16.7,96,18.5,100
2024-09-20T11:00,16.7,96,18.4,100
2024-09-20T12:00,16.9,96,19.8,100
2024-09-20T13:00,17.1,91,22.9,100
2024-09-20T14:00,17.8,86,26.5,100
2024-09-20T15:00,18.0,83,25.5,100
2024-09-20T16:00,18.2,80,24.7,100
2024-09-20T17:00,18.1,77,25.8,100
2024-09-20T18:00,18.6,75,29.2,100
2024-09-20T19:00,18.3,76,27.8,100
2024-09-20T20:00,17.8,78,28.1,100
2024-09-20T21:00,17.4,80,24.4,100
2024-09-20T22:00,17.0,82,23.1,100
2024-09-20T23:00,16.8,82,21.2,100
2024-09-21T00:00,17.1,80,22.1,100
2024-09-21T01:00,16.3,81,22.7,100
2024-09-21T02:00,16.1,83,22.1,100
2024-09-21T03:00,15.8,88,20.8,100
2024-09-21T04:00,15.9,91,20.6,100
2024-09-21T05:00,15.7,93,20.1,100
2024-09-21T06:00,15.6,94,21.1,100
2024-09-21T07:00,15.4,94,20.9,100
2024-09-21T08:00,15.2,94,20.3,100
2024-09-21T09:00,15.1,94,20.1,100
2024-09-21T10:00,15.0,94,20.2,100
2024-09-21T11:00,15.0,93,19.9,100
2024-09-21T12:00,15.0,93,20.1,100
2024-09-21T13:00,15.1,94,18.7,100
2024-09-21T14:00,15.3,92,20.9,100
2024-09-21T15:00,15.0,93,20.7,100
2024-09-21T16:00,14.9,94,20.2,100
2024-09-21T17:00,14.9,94,21.3,100
2024-09-21T18:00,14.8,94,21.6,100
2024-09-21T19:00,14.8,94,21.0,100
2024-09-21T20:00,14.8,94,20.5,100
2024-09-21T21:00,14.8,94,18.1,100
2024-09-21T22:00,14.8,94,17.9,100
2024-09-21T23:00,14.7,95,17.9,100
2024-09-22T00:00,14.9,94,16.6,100
2024-09-22T01:00,14.6,93,18.4,100
2024-09-22T02:00,14.5,93,17.0,100
2024-09-22T03:00,14.3,92,16.4,100
2024-09-22T04:00,14.1,92,14.2,100
2024-09-22T05:00,14.1,92,14.2,100
2024-09-22T06:00,14.1,93,12.2,100
2024-09-22T07:00,14.1,93,12.3,100
2024-09-22T08:00,14.0,92,12.6,100
2024-09-22T09:00,13.7,92,13.4,100
2024-09-22T10:00,13.7,91,14.7,100
2024-09-22T11:00,13.8,92,15.3,100
2024-09-22T12:00,14.2,92,17.1,100
2024-09-22T13:00,15.1,89,17.3,100
2024-09-22T14:00,16.0,86,21.1,100
2024-09-22T15:00,16.4,83,22.7,100
2024-09-22T16:00,16.7,81,22.5,100
2024-09-22T17:00,16.8,75,19.9,92
2024-09-22T18:00,17.3,70,22.7,43
2024-09-22T19:00,17.4,68,23.5,37
2024-09-22T20:00,17.2,65,23.7,55
2024-09-22T21:00,16.3,71,19.1,59
2024-09-22T22:00,15.6,78,17.8,91
2024-09-22T23:00,14.9,83,15.6,100
2024-09-23T00:00,14.9,82,12.8,99
2024-09-23T01:00,14.8,83,12.0,39
2024-09-23T02:00,13.9,88,10.1,100
2024-09-23T03:00,14.2,85,11.1,65
2024-09-23T04:00,14.1,86,11.0,25
2024-09-23T05:00,13.5,89,10.1,100
2024-09-23T06:00,13.7,90,10.2,60
2024-09-23T07:00,13.5,91,10.4,72
2024-09-23T08:00,13.2,92,10.8,57
2024-09-23T09:00,12.8,93,11.3,93
2024-09-23T10:00,12.9,93,10.5,70
2024-09-23T11:00,13.2,92,10.2,61
2024-09-23T12:00,14.5,86,13.8,100
2024-09-23T13:00,16.0,78,13.5,99
2024-09-23T14:00,17.2,67,19.5,100
2024-09-23T15:00,17.3,66,19.9,100
2024-09-23T16:00,17.2,68,18.9,100
2024-09-23T17:00,16.8,72,18.4,100
2024-09-23T18:00,17.1,71,18.7,100
2024-09-23T19:00,17.1,72,20.2,70
2024-09-23T20:00,16.9,73,19.4,98
2024-09-23T21:00,16.1,76,18.9,100
2024-09-23T22:00,15.5,77,16.3,100
2024-09-23T23:00,14.9,79,14.2,100
2024-09-24T00:00,14.8,79,13.4,89
2024-09-24T01:00,13.8,84,10.5,59
2024-09-24T02:00,13.4,87,9.7,51
2024-09-24T03:00,13.3,87,8.8,83
2024-09-24T04:00,12.9,88,8.6,61
2024-09-24T05:00,12.7,90,9.0,79
2024-09-24T06:00,12.6,91,9.7,48
2024-09-24T07:00,12.5,91,9.7,46
2024-09-24T08:00,12.0,93,9.7,27
2024-09-24T09:00,11.6,93,10.4,38
2024-09-24T10:00,11.5,92,10.5,24
2024-09-24T11:00,11.4,93,10.1,46
2024-09-24T12:00,12.9,90,11.2,44
2024-09-24T13:00,14.7,86,13.1,61
2024-09-24T14:00,16.0,78,19.7,84
2024-09-24T15:00,16.8,75,21.9,100
2024-09-24T16:00,17.3,73,20.3,96
2024-09-24T17:00,17.5,72,20.5,100
2024-09-24T18:00,16.6,76,20.2,100
2024-09-24T19:00,16.5,77,19.5,99
2024-09-24T20:00,16.2,78,19.0,77
2024-09-24T21:00,15.7,82,19.5,52
2024-09-24T22:00,15.4,83,17.6,69
2024-09-24T23:00,15.0,83,14.3,72
2024-09-25T00:00,14.9,82,12.9,60
2024-09-25T01:00,14.4,82,11.8,93
2024-09-25T02:00,14.1,84,10.9,91
2024-09-25T03:00,13.8,85,8.1,100
2024-09-25T04:00,14.3,84,7.7,100
2024-09-25T05:00,14.6,81,7.9,99
2024-09-25T06:00,14.6,79,9.0,99
2024-09-25T07:00,14.5,79,10.3,100
2024-09-25T08:00,14.7,77,13.0,82
2024-09-25T09:00,14.4,82,6.9,90
2024-09-25T10:00,14.2,86,6.8,73
2024-09-25T11:00,14.0,90,5.5,98
2024-09-25T12:00,14.9,88,11.4,100
2024-09-25T13:00,17.0,72,10.6,80
2024-09-25T14:00,17.5,69,13.7,94
2024-09-25T15:00,17.7,68,12.5,100
2024-09-25T16:00,17.6,72,15.1,100
2024-09-25T17:00,17.7,73,15.5,100
2024-09-25T18:00,17.7,73,15.9,100
2024-09-25T19:00,17.7,74,15.6,100
2024-09-25T20:00,17.7,74,13.9,100
2024-09-25T21:00,17.3,78,15.9,99
2024-09-25T22:00,16.7,84,14.0,93
2024-09-25T23:00,16.1,88,12.1,91
2024-09-26T00:00,15.9,89,10.9,100
2024-09-26T01:00,15.6,87,9.5,100
2024-09-26T02:00,15.6,88,8.4,100
2024-09-26T03:00,15.4,89,8.3,100
2024-09-26T04:00,15.2,90,7.0,100
2024-09-26T05:00,14.7,93,6.9,100
2024-09-26T06:00,14.4,93,6.9,100
2024-09-26T07:00,14.0,94,6.5,100
2024-09-26T08:00,14.2,94,4.7,100
2024-09-26T09:00,14.4,94,7.2,100
2024-09-26T10:00,14.5,94,6.9,100
2024-09-26T11:00,14.7,94,8.6,100
2024-09-26T12:00,15.3,92,8.4,100
2024-09-26T13:00,15.9,94,9.0,100
2024-09-26T14:00,16.7,90,11.3,100
2024-09-26T15:00,17.4,88,12.4,100
2024-09-26T16:00,19.3,82,16.2,100
2024-09-26T17:00,21.0,78,16.4,100
2024-09-26T18:00,20.5,82,15.3,100
2024-09-26T19:00,21.6,76,22.6,100
2024-09-26T20:00,21.0,80,17.9,100
2024-09-26T21:00,19.7,88,14.5,100
2024-09-26T22:00,19.5,91,18.6,100
2024-09-26T23:00,19.7,93,22.7,100
2024-09-27T00:00,19.9,94,19.8,100
2024-09-27T01:00,18.9,96,11.1,100
2024-09-27T02:00,18.0,95,10.4,100
2024-09-27T03:00,17.4,91,7.3,100
2024-09-27T04:00,17.3,88,3.1,100
2024-09-27T05:00,16.5,89,2.7,100
2024-09-27T06:00,16.4,89,6.5,100
2024-09-27T07:00,16.1,90,5.9,76
2024-09-27T08:00,15.2,93,5.9,51
2024-09-27T09:00,14.9,96,6.4,100
2024-09-27T10:00,14.8,96,6.8,99
2024-09-27T11:00,15.1,95,7.0,100
2024-09-27T12:00,15.8,95,8.3,100
2024-09-27T13:00,17.5,92,7.0,53
2024-09-27T14:00,19.7,84,6.7,6
2024-09-27T15:00,21.8,65,7.1,0
2024-09-27T16:00,22.9,56,7.7,23
2024-09-27T17:00,23.6,53,7.6,83
2024-09-27T18:00,24.1,52,7.6,46
2024-09-27T19:00,24.3,52,6.8,100
2024-09-27T20:00,24.2,52,6.2,100
2024-09-27T21:00,23.8,55,4.9,100
2024-09-27T22:00,21.7,78,4.6,100
2024-09-27T23:00,19.5,81,7.6,100
2024-09-28T00:00,18.2,86,5.4,100
2024-09-28T01:00,17.2,89,8.1,100
2024-09-28T02:00,16.5,92,7.2,100
2024-09-28T03:00,16.0,94,5.0,100
2024-09-28T04:00,16.3,93,6.7,100
2024-09-28T05:00,15.5,96,5.7,100
2024-09-28T06:00,15.0,93,7.0,99
2024-09-28T07:00,14.6,95,6.7,93
2024-09-28T08:00,14.4,95,6.1,100
2024-09-28T09:00,14.9,95,7.3,100
2024-09-28T10:00,14.5,95,9.5,100
2024-09-28T11:00,14.7,94,8.9,100
2024-09-28T12:00,15.9,91,6.4,99
2024-09-28T13:00,17.0,87,6.1,100
2024-09-28T14:00,18.3,82,10.6,100
2024-09-28T15:00,18.6,78,14.4,100
2024-09-28T16:00,19.2,74,14.2,99
2024-09-28T17:00,19.3,73,15.2,54
2024-09-28T18:00,19.2,74,15.5,14
2024-09-28T19:00,18.9,73,15.3,3
2024-09-28T20:00,18.2,76,14.6,6
2024-09-28T21:00,17.5,82,13.9,11
2024-09-28T22:00,16.3,88,13.0,13
2024-09-28T23:00,15.5,92,13.0,26
2024-09-29T00:00,15.5,93,11.2,50
2024-09-29T01:00,15.6,89,11.7,100
2024-09-29T02:00,15.8,88,10.6,100
2024-09-29T03:00,15.8,87,9.7,100
2024-09-29T04:00,15.6,87,6.5,7
2024-09-29T05:00,14.3,92,4.4,1
2024-09-29T06:00,12.9,97,6.3,30
2024-09-29T07:00,13.1,98,7.0,62
2024-09-29T08:00,12.8,98,7.0,100
2024-09-29T09:00,12.5,100,8.1,100
2024-09-29T10:00,12.8,99,10.3,100
2024-09-29T11:00,13.0,99,12.1,100
2024-09-29T12:00,13.6,97,11.6,99
2024-09-29T13:00,14.9,93,9.0,97
2024-09-29T14:00,16.5,83,9.9,100
2024-09-29T15:00,17.1,79,10.1,100
2024-09-29T16:00,17.9,76,9.7,100
2024-09-29T17:00,18.2,75,8.5,98
2024-09-29T18:00,18.4,72,7.4,100
2024-09-29T19:00,18.4,72,7.9,100
2024-09-29T20:00,18.0,75,8.4,100
2024-09-29T21:00,17.4,80,8.3,100
2024-09-29T22:00,16.9,85,6.8,100
2024-09-29T23:00,16.0,89,5.4,100
2024-09-30T00:00,15.3,91,5.9,27
2024-09-30T01:00,14.4,93,4.8,96
2024-09-30T02:00,13.4,96,4.2,14
2024-09-30T03:00,12.7,97,4.0,0
2024-09-30T04:00,12.2,98,4.1,1
2024-09-30T05:00,11.9,99,5.0,0
2024-09-30T06:00,11.7,100,5.7,19
2024-09-30T07:00,11.6,100,4.8,100
2024-09-30T08:00,11.4,99,4.4,100
2024-09-30T09:00,11.3,99,3.9,100
2024-09-30T10:00,11.0,99,3.1,100
2024-09-30T11:00,11.3,99,2.8,100
2024-09-30T12:00,12.0,98,2.3,100
2024-09-30T13:00,13.8,96,2.9,100
2024-09-30T14:00,16.8,87,1.3,100
2024-09-30T15:00,18.9,78,2.4,100
2024-09-30T16:00,19.9,72,6.0,100
2024-09-30T17:00,20.1,69,8.5,99
2024-09-30T18:00,20.0,68,9.7,71
2024-09-30T19:00,19.9,67,9.9,97
2024-09-30T20:00,19.6,68,9.7,28
2024-09-30T21:00,18.8,72,9.5,19
2024-09-30T22:00,17.2,84,8.0,28
2024-09-30T23:00,15.8,93,7.5,73
2024-10-01T00:00,15.2,94,6.0,52
2024-10-01T01:00,13.9,97,7.2,92
2024-10-01T02:00,13.5,96,7.8,99
2024-10-01T03:00,14.7,93,4.4,100
2024-10-01T04:00,13.8,97,2.6,100
2024-10-01T05:00,13.2,100,4.0,100
2024-10-01T06:00,12.9,100,4.3,100
2024-10-01T07:00,12.8,99,4.6,100
2024-10-01T08:00,12.6,99,5.6,100
2024-10-01T09:00,12.9,97,7.5,100
2024-10-01T10:00,13.5,96,7.5,100
2024-10-01T11:00,13.7,96,8.8,100
2024-10-01T12:00,15.0,95,12.3,100
2024-10-01T13:00,16.5,87,18.3,100
2024-10-01T14:00,17.6,79,20.7,97
2024-10-01T15:00,18.2,80,22.4,99
2024-10-01T16:00,17.3,87,21.7,100
2024-10-01T17:00,17.4,86,23.3,92
2024-10-01T18:00,17.3,85,24.1,84
2024-10-01T19:00,17.0,85,22.2,92
2024-10-01T20:00,16.7,83,20.8,99
2024-10-01T21:00,16.0,82,18.3,100
2024-10-01T22:00,15.3,82,16.2,100
2024-10-01T23:00,14.7,80,13.3,71
2024-10-02T00:00,14.0,82,10.9,100
2024-10-02T01:00,14.0,84,10.9,80
2024-10-02T02:00,13.9,82,10.0,97
2024-10-02T03:00,13.8,82,9.3,100
2024-10-02T04:00,14.0,81,8.3,100
2024-10-02T05:00,14.4,78,7.9,100
2024-10-02T06:00,14.6,76,7.5,98
2024-10-02T07:00,14.3,77,6.1,95
2024-10-02T08:00,13.8,82,4.7,96
2024-10-02T09:00,13.5,86,4.5,98
2024-10-02T10:00,13.1,89,4.5,100
2024-10-02T11:00,13.4,89,4.3,100
2024-10-02T12:00,14.6,84,6.8,92
2024-10-02T13:00,15.0,86,6.7,95
2024-10-02T14:00,16.6,75,7.3,91
2024-10-02T15:00,17.6,63,11.7,97
2024-10-02T16:00,17.5,63,12.6,93
2024-10-02T17:00,17.8,62,12.4,95
2024-10-02T18:00,17.6,61,14.1,86
2024-10-02T19:00,17.7,60,13.0,65
2024-10-02T20:00,17.7,61,10.3,72
2024-10-02T21:00,17.0,63,10.8,34
2024-10-02T22:00,15.7,71,8.5,7
2024-10-02T23:00,14.4,77,7.2,5
2024-10-03T00:00,13.9,81,6.1,7
2024-10-03T01:00,13.3,83,6.6,11
2024-10-03T02:00,12.6,87,5.2,10
2024-10-03T03:00,11.6,91,4.3,8
2024-10-03T04:00,11.1,92,4.0,4
2024-10-03T05:00,10.4,94,5.7,0
2024-10-03T06:00,10.3,94,4.7,0
2024-10-03T07:00,10.0,95,5.1,0
2024-10-03T08:00,9.8,96,5.2,0
2024-10-03T09:00,9.7,97,4.0,1
2024-10-03T10:00,9.9,96,5.0,0
2024-10-03T11:00,9.8,97,4.9,0
2024-10-03T12:00,11.9,92,5.5,0
2024-10-03T13:00,15.1,86,3.8,0
2024-10-03T14:00,17.6,73,5.5,0
2024-10-03T15:00,19.3,62,6.0,10
2024-10-03T16:00,20.6,57,5.0,52
2024-10-03T17:00,20.8,56,5.7,100
2024-10-03T18:00,21.0,56,5.3,100
2024-10-03T19:00,20.9,57,4.5,92
2024-10-03T20:00,21.1,57,6.4,89
2024-10-03T21:00,20.7,61,5.1,33
2024-10-03T22:00,18.7,74,6.1,100
2024-10-03T23:00,16.7,79,8.8,100
2024-10-04T00:00,15.4,81,10.4,98
2024-10-04T01:00,14.8,87,12.4,98
2024-10-04T02:00,14.3,88,11.9,96
2024-10-04T03:00,13.7,90,10.9,100
2024-10-04T04:00,13.3,92,10.4,100
2024-10-04T05:00,13.0,95,9.4,97
2024-10-04T06:00,12.8,96,8.7,54
2024-10-04T07:00,12.5,96,7.9,32
2024-10-04T08:00,12.3,96,7.1,56
2024-10-04T09:00,12.1,96,6.8,89
2024-10-04T10:00,11.8,97,6.7,95
2024-10-04T11:00,11.5,97,5.7,99
2024-10-04T12:00,13.0,95,6.4,100
2024-10-04T13:00,14.9,90,2.7,100
2024-10-04T14:00,17.2,84,2.2,99
2024-10-04T15:00,19.3,78,2.3,100
2024-10-04T16:00,20.7,74,3.3,100
2024-10-04T17:00,21.7,67,4.9,100
2024-10-04T18:00,22.1,63,5.6,100
2024-10-04T19:00,21.5,67,5.8,100
2024-10-04T20:00,21.2,69,6.5,100
2024-10-04T21:00,20.7,69,10.0,58
2024-10-04T22:00,18.9,74,12.4,65
2024-10-04T23:00,17.2,78,13.8,100
2024-10-05T00:00,16.7,81,13.6,100
2024-10-05T01:00,16.1,83,13.0,100
2024-10-05T02:00,15.6,87,10.2,99
2024-10-05T03:00,15.1,90,9.6,27
2024-10-05T04:00,14.5,93,8.6,76
2024-10-05T05:00,14.1,95,8.5,28
2024-10-05T06:00,13.9,96,8.0,97
2024-10-05T07:00,13.5,97,6.8,58
2024-10-05T08:00,13.3,97,6.8,10
2024-10-05T09:00,13.0,97,6.7,13
2024-10-05T10:00,12.8,97,7.3,5
2024-10-05T11:00,12.6,98,7.9,9
2024-10-05T12:00,13.9,95,9.8,100
2024-10-05T13:00,16.1,84,14.9,53
2024-10-05T14:00,16.9,77,13.7,42
2024-10-05T15:00,18.8,69,12.8,51
2024-10-05T16:00,20.2,64,11.2,13
2024-10-05T17:00,20.9,61,10.9,20
2024-10-05T18:00,21.5,49,11.8,3
2024-10-05T19:00,21.7,47,11.9,8
2024-10-05T20:00,21.2,48,10.1,9
2024-10-05T21:00,20.1,54,7.3,2
2024-10-05T22:00,17.5,65,6.0,0
2024-10-05T23:00,16.0,59,8.7,0
2024-10-06T00:00,15.0,60,10.6,0
2024-10-06T01:00,13.4,74,7.6,5
2024-10-06T02:00,12.5,71,10.3,0
2024-10-06T03:00,12.1,72,10.9,0
2024-10-06T04:00,11.7,73,10.7,0
2024-10-06T05:00,10.9,78,8.0,0
2024-10-06T06:00,10.2,81,8.2,0
2024-10-06T07:00,9.8,83,8.0,0
2024-10-06T08:00,9.4,85,8.0,0
2024-10-06T09:00,9.1,87,8.0,0
2024-10-06T10:00,8.7,88,8.0,3
2024-10-06T11:00,8.5,90,7.2,0
2024-10-06T12:00,10.3,86,8.3,0
2024-10-06T13:00,12.3,81,7.1,0
2024-10-06T14:00,14.0,76,7.7,1
2024-10-06T15:00,15.2,72,5.5,2
2024-10-06T16:00,16.4,64,3.4,44
2024-10-06T17:00,17.0,60,4.7,66
2024-10-06T18:00,17.1,61,7.2,8
2024-10-06T19:00,16.5,68,11.9,44
2024-10-06T20:00,15.4,74,15.3,66
2024-10-06T21:00,14.3,79,15.9,99
2024-10-06T22:00,13.4,82,13.1,100
2024-10-06T23:00,12.7,86,12.2,84
2024-10-07T00:00,12.2,89,11.3,60
2024-10-07T01:00,11.2,92,12.0,54
2024-10-07T02:00,10.9,91,8.7,100
2024-10-07T03:00,10.5,92,6.6,100
2024-10-07T04:00,10.2,93,7.2,100
2024-10-07T05:00,10.0,93,5.9,100
2024-10-07T06:00,10.0,91,7.5,100
2024-10-07T07:00,10.4,90,8.5,100
2024-10-07T08:00,10.7,91,8.0,100
2024-10-07T09:00,11.5,91,10.2,100
2024-10-07T10:00,12.1,89,13.3,100
2024-10-07T11:00,12.2,87,13.6,95
2024-10-07T12:00,12.4,88,15.3,100
2024-10-07T13:00,13.8,85,13.2,100
2024-10-07T14:00,14.7,88,14.0,76
2024-10-07T15:00,16.1,88,13.9,83
2024-10-07T16:00,17.0,82,21.0,89
2024-10-07T17:00,17.0,85,17.8,89
2024-10-07T18:00,16.6,90,16.8,99
2024-10-07T19:00,16.8,90,17.6,94
2024-10-07T20:00,17.0,88,14.1,70
2024-10-07T21:00,16.6,89,10.5,92
2024-10-07T22:00,15.4,97,3.4,97
2024-10-07T23:00,14.4,97,5.2,51
2024-10-08T00:00,14.5,96,12.1,20
2024-10-08T01:00,13.2,97,6.2,14
2024-10-08T02:00,12.7,97,6.8,11
2024-10-08T03:00,12.1,96,8.8,2
2024-10-08T04:00,11.8,96,9.9,1
2024-10-08T05:00,11.6,95,10.9,33
2024-10-08T06:00,11.0,92,12.2,94
2024-10-08T07:00,10.7,91,12.4,92
2024-10-08T08:00,10.4,91,12.1,1
2024-10-08T09:00,9.9,92,13.0,5
2024-10-08T10:00,9.5,92,12.6,8
2024-10-08T11:00,9.1,91,11.6,2
2024-10-08T12:00,9.9,89,11.6,0
2024-10-08T13:00,11.8,82,12.4,0
2024-10-08T14:00,13.3,69,12.9,1
2024-10-08T15:00,14.9,55,13.1,0
2024-10-08T16:00,16.0,47,13.3,0
2024-10-08T17:00,16.7,43,11.7,0
2024-10-08T18:00,17.3,42,11.5,0
2024-10-08T19:00,17.6,41,12.3,19
2024-10-08T20:00,18.0,39,11.1,95
2024-10-08T21:00,16.9,49,11.4,13
2024-10-08T22:00,14.3,63,7.4,2
2024-10-08T23:00,12.7,70,7.2,1
2024-10-09T00:00,11.6,73,8.4,1
2024-10-09T01:00,9.4,84,7.6,5
2024-10-09T02:00,8.6,88,6.6,42
2024-10-09T03:00,8.7,89,5.5,19
2024-10-09T04:00,8.4,90,5.6,14
2024-10-09T05:00,8.3,91,6.0,17
2024-10-09T06:00,8.1,91,4.4,12
2024-10-09T07:00,7.9,90,6.2,84
2024-10-09T08:00,9.4,80,9.9,52
2024-10-09T09:00,7.8,87,8.8,69
2024-10-09T10:00,7.0,91,8.4,1
2024-10-09T11:00,7.0,92,6.7,0
2024-10-09T12:00,9.3,85,11.7,0
2024-10-09T13:00,11.3,77,10.5,0
2024-10-09T14:00,13.4,69,11.9,0
2024-10-09T15:00,14.8,55,12.9,0
2024-10-09T16:00,15.8,50,14.1,1
2024-10-09T17:00,16.5,45,18.1,25
2024-10-09T18:00,16.5,44,19.9,56
2024-10-09T19:00,16.4,42,19.6,60
2024-10-09T20:00,15.9,46,13.6,76
2024-10-09T21:00,15.2,52,11.1,30
2024-10-09T22:00,13.3,57,9.8,25
2024-10-09T23:00,11.6,64,7.9,33
2024-10-10T00:00,10.3,69,7.1,87
2024-10-10T01:00,10.5,71,9.5,7
2024-10-10T02:00,9.5,76,9.9,12
2024-10-10T03:00,8.7,81,8.7,61
2024-10-10T04:00,8.6,81,13.1,94
2024-10-10T05:00,9.0,78,13.0,17
2024-10-10T06:00,8.0,82,11.9,3
2024-10-10T07:00,7.6,85,13.8,2
2024-10-10T08:00,7.3,88,13.1,0
2024-10-10T09:00,6.9,91,13.8,0
2024-10-10T10:00,7.0,88,15.3,0
2024-10-10T11:00,6.8,86,15.5,0
2024-10-10T12:00,7.6,80,17.8,1
2024-10-10T13:00,9.4,74,18.7,0
2024-10-10T14:00,10.9,67,17.8,0
2024-10-10T15:00,12.5,58,21.1,45
2024-10-10T16:00,13.5,52,19.1,100
2024-10-10T17:00,13.5,49,19.0,100
2024-10-10T18:00,13.6,49,20.9,33
2024-10-10T19:00,14.0,47,22.7,44
2024-10-10T20:00,13.8,47,22.9,76
2024-10-10T21:00,13.1,51,20.9,13
2024-10-10T22:00,11.9,55,18.1,10
2024-10-10T23:00,10.6,60,13.3,6
2024-10-11T00:00,9.8,63,13.1,0
2024-10-11T01:00,9.6,63,16.3,1
2024-10-11T02:00,9.0,66,15.0,1
2024-10-11T03:00,8.3,71,14.6,0
2024-10-11T04:00,7.8,74,14.2,1
2024-10-11T05:00,7.5,74,14.1,1
2024-10-11T06:00,7.2,75,13.7,1
2024-10-11T07:00,6.9,77,14.8,2
2024-10-11T08:00,6.7,78,13.9,2
2024-10-11T09:00,6.3,81,11.2,3
2024-10-11T10:00,6.0,83,11.5,2
2024-10-11T11:00,5.9,84,10.9,1
2024-10-11T12:00,7.2,82,11.3,0
2024-10-11T13:00,10.1,72,11.5,0
2024-10-11T14:00,12.1,63,13.5,0
2024-10-11T15:00,13.9,59,14.7,0
2024-10-11T16:00,15.7,54,14.7,0
2024-10-11T17:00,17.2,49,14.5,1
2024-10-11T18:00,18.2,46,14.4,0
2024-10-11T19:00,18.7,45,15.1,0
2024-10-11T20:00,18.8,45,15.5,0
2024-10-11T21:00,17.7,53,12.2,0
2024-10-11T22:00,15.0,64,10.7,0
2024-10-11T23:00,13.8,65,14.4,3
2024-10-12T00:00,13.0,66,13.8,0
2024-10-12T01:00,12.7,64,16.0,8
2024-10-12T02:00,12.6,61,16.4,5
2024-10-12T03:00,12.2,63,14.8,8
2024-10-12T04:00,11.6,66,13.9,9
2024-10-12T05:00,12.1,64,14.0,30
2024-10-12T06:00,13.5,59,20.5,42
2024-10-12T07:00,14.1,58,25.1,78
2024-10-12T08:00,14.1,59,23.5,68
2024-10-12T09:00,13.5,62,19.0,4
2024-10-12T10:00,14.4,60,19.2,1
2024-10-12T11:00,15.3,59,20.6,4
2024-10-12T12:00,16.5,60,23.2,3
2024-10-12T13:00,18.3,57,24.3,3
2024-10-12T14:00,19.3,51,25.4,1
2024-10-12T15:00,19.4,45,25.9,2
2024-10-12T16:00,19.6,40,26.0,1
2024-10-12T17:00,19.6,37,26.8,0
2024-10-12T18:00,19.7,31,26.0,0
2024-10-12T19:00,19.4,29,24.6,0
2024-10-12T20:00,18.7,29,20.9,0
2024-10-12T21:00,17.1,34,16.1,0
2024-10-12T22:00,14.4,42,11.1,0
2024-10-12T23:00,12.2,49,9.4,0
2024-10-13T00:00,11.1,52,9.7,0
2024-10-13T01:00,10.8,48,9.7,0
2024-10-13T02:00,9.7,52,10.2,0
2024-10-13T03:00,9.0,55,10.4,0
2024-10-13T04:00,8.3,58,8.4,2
2024-10-13T05:00,7.5,65,7.3,0
2024-10-13T06:00,6.8,70,6.8,0
2024-10-13T07:00,6.2,75,7.5,2
2024-10-13T08:00,5.4,80,8.6,8
2024-10-13T09:00,5.1,82,7.9,100
2024-10-13T10:00,5.7,83,4.6,100
2024-10-13T11:00,6.5,81,4.2,100
2024-10-13T12:00,8.0,72,5.5,100
2024-10-13T13:00,8.2,74,5.7,100
2024-10-13T14:00,8.5,76,0.6,100
2024-10-13T15:00,8.9,79,1.8,100
2024-10-13T16:00,9.4,78,7.7,100
2024-10-13T17:00,9.7,74,8.0,100
2024-10-13T18:00,9.9,74,10.7,100
2024-10-13T19:00,10.1,73,12.7,100
2024-10-13T20:00,10.2,76,13.6,100
2024-10-13T21:00,10.1,80,15.2,100
2024-10-13T22:00,10.2,80,16.7,100
2024-10-13T23:00,9.8,87,17.2,92
2024-10-14T00:00,9.8,91,15.0,100
2024-10-14T01:00,9.8,92,14.6,100
2024-10-14T02:00,9.9,92,15.3,100
2024-10-14T03:00,9.9,93,14.7,100
2024-10-14T04:00,10.1,92,16.8,100
2024-10-14T05:00,10.4,91,14.1,100
2024-10-14T06:00,10.5,92,15.6,100
2024-10-14T07:00,10.6,92,15.0,100
2024-10-14T08:00,10.9,93,11.5,100
2024-10-14T09:00,11.1,93,11.0,100
2024-10-14T10:00,11.0,95,11.0,100
2024-10-14T11:00,10.8,95,11.9,100
2024-10-14T12:00,11.0,94,8.9,100
2024-10-14T13:00,10.2,94,11.3,100
2024-10-14T14:00,10.2,94,10.6,100
2024-10-14T15:00,10.4,93,8.9,100
2024-10-14T16:00,10.1,93,9.7,100
2024-10-14T17:00,10.1,93,6.6,100
2024-10-14T18:00,10.6,91,6.1,100
2024-10-14T19:00,11.0,91,3.6,100
2024-10-14T20:00,11.9,89,5.6,100
2024-10-14T21:00,12.5,88,9.2,100
2024-10-14T22:00,11.6,93,3.6,36
2024-10-14T23:00,10.4,95,11.0,45
2024-10-15T00:00,9.3,95,5.9,0
2024-10-15T01:00,9.1,93,16.3,59
2024-10-15T02:00,8.5,91,20.7,36
2024-10-15T03:00,6.6,87,21.8,7
2024-10-15T04:00,5.8,85,20.4,2
2024-10-15T05:00,5.5,84,18.4,1
2024-10-15T06:00,5.4,85,15.8,2
2024-10-15T07:00,5.1,86,12.2,3
2024-10-15T08:00,4.7,88,11.4,9
2024-10-15T09:00,4.6,88,12.6,0
2024-10-15T10:00,4.5,87,13.7,10
2024-10-15T11:00,4.4,86,14.1,0
2024-10-15T12:00,5.4,82,15.2,1
2024-10-15T13:00,7.1,74,16.1,56
2024-10-15T14:00,8.5,66,16.3,32
2024-10-15T15:00,10.0,62,16.2,59
2024-10-15T16:00,11.5,53,18.0,79
2024-10-15T17:00,12.2,48,19.9,100
2024-10-15T18:00,12.5,45,19.2,81
2024-10-15T19:00,12.6,41,21.4,82
2024-10-15T20:00,11.9,44,22.2,48
2024-10-15T21:00,11.0,50,18.2,29
2024-10-15T22:00,9.4,56,12.1,12
2024-10-15T23:00,8.0,61,12.3,36
2024-10-16T00:00,7.3,65,12.2,65
2024-10-16T01:00,7.5,64,16.9,14
2024-10-16T02:00,7.1,65,17.0,0
2024-10-16T03:00,6.7,66,16.4,0
2024-10-16T04:00,6.2,68,16.3,0
2024-10-16T05:00,5.8,71,16.5,0
2024-10-16T06:00,5.5,73,16.6,3
2024-10-16T07:00,5.3,75,15.8,80
2024-10-16T08:00,5.3,76,15.2,96
2024-10-16T09:00,5.7,76,16.2,83
2024-10-16T10:00,5.8,77,16.0,90
2024-10-16T11:00,5.8,77,16.2,11
2024-10-16T12:00,6.2,76,17.4,1
2024-10-16T13:00,7.8,69,19.2,0
2024-10-16T14:00,9.1,64,20.2,17
2024-10-16T15:00,10.5,55,24.8,88
2024-10-16T16:00,10.7,54,24.1,100
2024-10-16T17:00,10.9,53,23.6,79
2024-10-16T18:00,11.2,52,22.9,63
2024-10-16T19:00,12.0,50,22.0,14
2024-10-16T20:00,12.4,46,19.2,0
2024-10-16T21:00,11.7,51,13.8,0
2024-10-16T22:00,9.5,61,8.5,0
2024-10-16T23:00,7.8,67,8.0,0
2024-10-17T00:00,6.7,71,7.3,0
2024-10-17T01:00,6.2,78,8.7,0
2024-10-17T02:00,5.7,76,10.4,0
2024-10-17T03:00,5.0,78,7.9,0
2024-10-17T04:00,4.5,80,9.4,0
2024-10-17T05:00,4.0,82,10.0,0
2024-10-17T06:00,3.5,85,7.3,0
2024-10-17T07:00,2.9,88,6.3,0
2024-10-17T08:00,3.0,88,15.4,0
2024-10-17T09:00,2.9,87,7.3,0
2024-10-17T10:00,2.6,89,6.3,0
2024-10-17T11:00,2.5,90,9.8,0
2024-10-17T12:00,4.0,85,9.7,9
2024-10-17T13:00,5.7,81,6.7,0
2024-10-17T14:00,8.7,71,7.8,0
2024-10-17T15:00,10.3,66,8.3,4
2024-10-17T16:00,11.3,65,9.9,21
2024-10-17T17:00,12.0,61,8.1,100
2024-10-17T18:00,12.1,60,6.2,100
2024-10-17T19:00,12.2,60,6.0,100
2024-10-17T20:00,12.4,56,7.7,100
2024-10-17T21:00,11.9,62,7.4,100
2024-10-17T22:00,10.0,70,6.4,100
2024-10-17T23:00,9.0,76,8.3,52
2024-10-18T00:00,9.4,72,6.8,0
2024-10-18T01:00,9.1,75,3.5,0
2024-10-18T02:00,5.6,89,5.7,0
2024-10-18T03:00,5.3,86,9.6,0
2024-10-18T04:00,5.3,84,12.3,0
2024-10-18T05:00,5.7,79,16.2,0
2024-10-18T06:00,6.3,75,14.5,0
2024-10-18T07:00,6.5,72,14.8,0
2024-10-18T08:00,6.5,68,15.3,0
2024-10-18T09:00,6.3,66,14.5,0
2024-10-18T10:00,6.0,65,15.6,0
2024-10-18T11:00,5.8,64,16.0,0
2024-10-18T12:00,6.6,63,16.0,0
2024-10-18T13:00,8.7,67,15.0,0
2024-10-18T14:00,11.2,59,14.9,0
2024-10-18T15:00,13.1,52,15.0,0
2024-10-18T16:00,14.3,49,14.0,0
2024-10-18T17:00,15.0,47,13.8,0
2024-10-18T18:00,15.4,47,13.0,0
2024-10-18T19:00,15.6,47,12.4,0
2024-10-18T20:00,15.0,53,11.9,0
2024-10-18T21:00,13.2,66,11.6,0
2024-10-18T22:00,10.9,75,8.5,0
2024-10-18T23:00,9.9,81,6.8,0
2024-10-19T00:00,8.4,88,9.9,0
2024-10-19T01:00,10.4,78,3.6,0
2024-10-19T02:00,8.2,84,4.2,0
2024-10-19T03:00,6.6,88,3.8,0
2024-10-19T04:00,5.6,91,6.6,0
2024-10-19T05:00,5.7,90,6.5,0
2024-10-19T06:00,5.0,92,7.2,0
2024-10-19T07:00,4.6,93,8.0,0
2024-10-19T08:00,4.3,93,8.0,0
2024-10-19T09:00,4.0,94,8.3,0
2024-10-19T10:00,3.8,94,6.8,0
2024-10-19T11:00,3.8,93,6.5,0
2024-10-19T12:00,5.6,88,6.8,0
2024-10-19T13:00,8.2,79,5.0,0
2024-10-19T14:00,12.3,73,4.4,0
2024-10-19T15:00,15.5,61,4.9,0
2024-10-19T16:00,17.5,53,6.1,0
2024-10-19T17:00,18.9,46,7.0,0
2024-10-19T18:00,19.7,41,7.1,0
2024-10-19T19:00,20.1,40,6.9,0
2024-10-19T20:00,19.7,43,6.9,0
2024-10-19T21:00,17.9,59,5.3,0
2024-10-19T22:00,14.8,66,8.6,0
2024-10-19T23:00,12.6,76,11.6,0
2024-10-20T00:00,10.9,78,10.9,0
2024-10-20T01:00,10.3,77,10.7,0
2024-10-20T02:00,9.7,82,11.2,0
2024-10-20T03:00,9.3,78,11.4,0
2024-10-20T04:00,8.9,76,10.8,0
2024-10-20T05:00,8.5,77,9.8,0
2024-10-20T06:00,8.0,78,9.4,0
2024-10-20T07:00,7.5,78,9.1,0
2024-10-20T08:00,7.1,77,8.9,0
2024-10-20T09:00,6.9,77,9.3,0
2024-10-20T10:00,6.7,77,9.7,0
2024-10-20T11:00,6.6,77,9.4,0
2024-10-20T12:00,7.9,74,10.4,0
2024-10-20T13:00,10.2,74,10.3,0
2024-10-20T14:00,13.5,67,8.1,0
2024-10-20T15:00,16.7,58,8.5,0
2024-10-20T16:00,19.0,45,9.0,0
2024-10-20T17:00,20.5,38,8.8,0
2024-10-20T18:00,21.4,36,9.5,54
2024-10-20T19:00,21.7,36,11.1,25
2024-10-20T20:00,21.1,41,10.4,98
2024-10-20T21:00,18.3,51,9.8,4
2024-10-20T22:00,15.0,58,10.6,0
2024-10-20T23:00,13.3,65,10.7,0
2024-10-21T00:00,12.5,68,12.0,0
2024-10-21T01:00,12.7,62,12.7,0
2024-10-21T02:00,12.0,60,11.6,0
2024-10-21T03:00,11.4,60,11.4,0
2024-10-21T04:00,11.1,61,10.9,36
2024-10-21T05:00,10.7,64,11.0,1
2024-10-21T06:00,10.7,65,11.4,0
2024-10-21T07:00,10.6,66,10.8,3
2024-10-21T08:00,10.6,66,10.5,2
2024-10-21T09:00,10.7,66,10.1,0
2024-10-21T10:00,10.8,66,9.9,2
2024-10-21T11:00,10.9,66,10.0,2
2024-10-21T12:00,12.2,64,10.5,4
2024-10-21T13:00,15.1,61,11.7,27
2024-10-21T14:00,18.2,58,11.3,14
2024-10-21T15:00,20.9,52,11.4,41
2024-10-21T16:00,22.9,49,12.2,13
2024-10-21T17:00,24.3,46,14.0,25
2024-10-21T18:00,24.9,44,16.3,10
2024-10-21T19:00,24.8,45,16.9,0
2024-10-21T20:00,24.2,48,15.3,0
2024-10-21T21:00,22.5,54,12.6,1
2024-10-21T22:00,19.6,63,11.2,1
2024-10-21T23:00,18.2,67,11.4,0
2024-10-22T00:00,17.5,68,11.7,0
2024-10-22T01:00,17.6,66,11.3,0
2024-10-22T02:00,16.8,69,10.5,0
2024-10-22T03:00,15.9,73,9.4,0
2024-10-22T04:00,15.2,76,9.4,0
2024-10-22T05:00,15.0,77,9.3,24
2024-10-22T06:00,14.8,78,8.9,90
2024-10-22T07:00,14.1,80,7.6,76
2024-10-22T08:00,13.5,82,7.0,16
2024-10-22T09:00,12.9,85,6.6,3
2024-10-22T10:00,12.2,87,6.7,14
2024-10-22T11:00,11.6,89,7.4,0
2024-10-22T12:00,13.0,85,6.0,0
2024-10-22T13:00,15.3,80,6.1,0
2024-10-22T14:00,17.9,73,4.8,0
2024-10-22T15:00,19.7,66,6.9,0
2024-10-22T16:00,20.3,64,10.3,0
2024-10-22T17:00,19.8,66,12.1,0
2024-10-22T18:00,19.2,69,11.5,0
2024-10-22T19:00,18.4,71,11.2,0
2024-10-22T20:00,17.1,76,11.0,0
2024-10-22T21:00,15.5,83,10.1,0
2024-10-22T22:00,13.7,91,9.1,0
2024-10-22T23:00,13.2,94,8.6,0
2024-10-23T00:00,13.0,96,5.2,0
2024-10-23T01:00,13.1,95,5.1,6
2024-10-23T02:00,12.3,97,6.8,5
2024-10-23T03:00,12.5,96,6.5,7
2024-10-23T04:00,13.0,95,5.8,2
2024-10-23T05:00,11.7,97,6.9,3
2024-10-23T06:00,11.2,97,7.2,0
2024-10-23T07:00,11.2,96,7.9,0
2024-10-23T08:00,11.1,96,8.5,0
2024-10-23T09:00,11.9,95,7.6,0
2024-10-23T10:00,12.2,94,8.9,0
2024-10-23T11:00,12.2,93,9.8,0
2024-10-23T12:00,13.0,91,12.0,0
2024-10-23T13:00,14.8,87,12.6,0
2024-10-23T14:00,17.7,76,12.2,0
2024-10-23T15:00,20.1,66,15.2,0
2024-10-23T16:00,22.1,58,16.7,67
2024-10-23T17:00,23.3,52,18.8,20
2024-10-23T18:00,23.8,50,19.2,0
2024-10-23T19:00,23.7,53,19.4,1
2024-10-23T20:00,23.0,61,18.4,3
2024-10-23T21:00,21.6,68,20.8,1
2024-10-23T22:00,19.4,77,20.5,0
2024-10-23T23:00,18.0,81,20.4,0
2024-10-24T00:00,17.2,83,19.0,5
2024-10-24T01:00,17.3,84,18.9,0
2024-10-24T02:00,16.8,87,18.6,0
2024-10-24T03:00,16.4,89,17.4,0
2024-10-24T04:00,16.1,91,15.6,0
2024-10-24T05:00,15.5,93,12.9,0
2024-10-24T06:00,14.9,95,10.7,62
2024-10-24T07:00,14.5,96,10.2,37
2024-10-24T08:00,14.0,96,7.8,17
2024-10-24T09:00,13.4,96,6.2,99
2024-10-24T10:00,13.8,93,8.4,28
2024-10-24T11:00,14.4,86,11.3,56
2024-10-24T12:00,15.0,80,13.8,100
2024-10-24T13:00,16.4,77,15.4,36
2024-10-24T14:00,18.2,72,16.9,18
2024-10-24T15:00,19.2,67,19.4,38
2024-10-24T16:00,20.2,63,18.9,61
2024-10-24T17:00,20.5,60,17.7,70
2024-10-24T18:00,20.0,59,18.7,98
2024-10-24T19:00,19.1,55,19.7,47
2024-10-24T20:00,18.3,54,17.6,33
2024-10-24T21:00,17.2,55,13.2,40
2024-10-24T22:00,15.2,56,13.0,5
2024-10-24T23:00,14.0,57,13.1,15
2024-10-25T00:00,13.3,58,15.5,26
2024-10-25T01:00,13.3,56,17.1,97
2024-10-25T02:00,12.6,58,17.8,78
2024-10-25T03:00,11.2,62,16.3,18
2024-10-25T04:00,9.8,66,14.6,4
2024-10-25T05:00,8.8,70,12.6,0
2024-10-25T06:00,8.0,74,10.9,0
2024-10-25T07:00,7.4,77,11.4,0
2024-10-25T08:00,6.8,78,11.9,0
2024-10-25T09:00,6.4,79,11.5,0
2024-10-25T10:00,6.0,79,11.3,0
2024-10-25T11:00,5.6,80,10.7,0
2024-10-25T12:00,6.0,81,11.0,0
2024-10-25T13:00,8.0,75,8.4,0
2024-10-25T14:00,10.1,65,9.3,0
2024-10-25T15:00,11.6,57,6.7,0
2024-10-25T16:00,12.7,53,2.6,0
2024-10-25T17:00,13.6,51,2.4,0
2024-10-25T18:00,14.3,50,3.5,0
2024-10-25T19:00,14.9,48,5.1,0
2024-10-25T20:00,15.0,47,5.2,0
2024-10-25T21:00,14.1,58,3.9,0
2024-10-25T22:00,11.6,69,8.5,20
2024-10-25T23:00,10.4,73,9.3,93
2024-10-26T00:00,9.3,76,9.0,91
2024-10-26T01:00,8.6,82,10.0,44
2024-10-26T02:00,8.1,83,9.5,65
2024-10-26T03:00,8.4,75,10.8,11
2024-10-26T04:00,8.1,69,11.0,88
2024-10-26T05:00,9.2,65,11.1,29
2024-10-26T06:00,8.7,66,10.9,15
2024-10-26T07:00,8.4,67,11.1,13
2024-10-26T08:00,8.4,66,10.5,34
2024-10-26T09:00,8.5,66,10.4,33
2024-10-26T10:00,8.2,68,12.0,14
2024-10-26T11:00,8.2,68,11.6,29
2024-10-26T12:00,9.4,65,13.7,49
2024-10-26T13:00,12.0,64,17.2,4
2024-10-26T14:00,14.5,58,16.5,7
2024-10-26T15:00,15.9,49,20.6,19
2024-10-26T16:00,16.6,42,22.5,16
2024-10-26T17:00,16.9,40,24.3,2
2024-10-26T18:00,17.0,39,21.9,38
2024-10-26T19:00,16.4,38,21.8,4
2024-10-26T20:00,15.8,39,19.8,4
2024-10-26T21:00,14.3,39,18.8,0
2024-10-26T22:00,12.2,42,16.4,0
2024-10-26T23:00,11.1,43,15.5,0
2024-10-27T00:00,10.2,43,15.0,0
2024-10-27T01:00,8.7,55,9.7,0
2024-10-27T02:00,7.6,59,8.1,0
2024-10-27T03:00,6.9,59,9.3,0
2024-10-27T04:00,6.5,55,11.5,0
2024-10-27T05:00,6.6,52,14.0,0
2024-10-27T06:00,6.4,53,13.5,0
2024-10-27T07:00,5.8,56,12.3,22
2024-10-27T08:00,5.3,58,12.6,78
2024-10-27T09:00,5.1,59,13.9,95
2024-10-27T10:00,4.4,62,12.5,71
2024-10-27T11:00,3.5,66,9.2,0
2024-10-27T12:00,3.5,69,10.1,0
2024-10-27T13:00,5.5,56,12.2,0
2024-10-27T14:00,7.0,45,13.4,0
2024-10-27T15:00,8.6,39,12.3,0
2024-10-27T16:00,10.0,35,13.5,0
2024-10-27T17:00,11.2,31,17.1,0
2024-10-27T18:00,11.7,27,19.6,0
2024-10-27T19:00,11.5,27,21.2,5
2024-10-27T20:00,11.4,30,20.8,9
2024-10-27T21:00,10.4,37,14.6,2
2024-10-27T22:00,8.2,46,10.4,69
2024-10-27T23:00,7.2,47,11.9,83
2024-10-28T00:00,6.9,48,13.3,83
2024-10-28T01:00,6.4,53,11.7,95
2024-10-28T02:00,6.0,55,12.2,4
2024-10-28T03:00,5.8,55,12.6,1
2024-10-28T04:00,5.6,57,10.7,1
2024-10-28T05:00,5.1,62,10.0,41
2024-10-28T06:00,4.8,68,8.1,64
2024-10-28T07:00,4.5,71,8.5,82
2024-10-28T08:00,4.0,75,9.2,41
2024-10-28T09:00,3.4,82,7.7,14
2024-10-28T10:00,2.9,85,8.6,2
2024-10-28T11:00,2.7,85,9.3,9
2024-10-28T12:00,3.3,80,11.4,37
2024-10-28T13:00,4.5,68,11.7,14
2024-10-28T14:00,5.9,68,9.8,31
2024-10-28T15:00,6.5,64,10.0,40
2024-10-28T16:00,7.2,56,8.7,12
2024-10-28T17:00,8.0,46,6.0,13
2024-10-28T18:00,8.8,41,4.6,4
2024-10-28T19:00,9.4,40,5.7,4
2024-10-28T20:00,9.4,41,4.6,3
2024-10-28T21:00,8.6,49,3.5,6
2024-10-28T22:00,6.5,62,8.0,2
2024-10-28T23:00,5.7,69,9.3,1
2024-10-29T00:00,4.9,76,7.8,0
2024-10-29T01:00,4.1,79,6.7,0
2024-10-29T02:00,3.5,80,6.0,0
2024-10-29T03:00,2.9,80,6.1,0
2024-10-29T04:00,2.5,80,7.8,0
2024-10-29T05:00,2.4,79,8.4,2
2024-10-29T06:00,3.3,71,8.1,0
2024-10-29T07:00,4.8,61,7.2,4
2024-10-29T08:00,4.9,57,5.2,14
2024-10-29T09:00,4.4,57,5.9,37
2024-10-29T10:00,4.1,55,5.6,44
2024-10-29T11:00,3.4,62,8.6,39
2024-10-29T12:00,4.5,59,7.1,41
2024-10-29T13:00,6.2,63,6.9,89
2024-10-29T14:00,8.7,53,7.6,86
2024-10-29T15:00,10.8,44,10.4,91
2024-10-29T16:00,11.8,43,9.3,100
2024-10-29T17:00,12.3,45,10.2,100
2024-10-29T18:00,12.7,47,11.6,100
2024-10-29T19:00,12.7,49,13.0,100
2024-10-29T20:00,12.3,52,12.0,100
2024-10-29T21:00,11.2,58,11.3,100
2024-10-29T22:00,10.2,63,12.1,100
2024-10-29T23:00,9.9,66,11.9,100
2024-10-30T00:00,9.7,70,10.3,100
2024-10-30T01:00,9.6,68,11.2,100
2024-10-30T02:00,9.7,70,12.3,100
2024-10-30T03:00,10.1,71,11.2,100
2024-10-30T04:00,10.0,75,12.0,100
2024-10-30T05:00,9.8,84,9.5,100
2024-10-30T06:00,9.7,91,9.4,100
2024-10-30T07:00,10.0,91,13.9,100
2024-10-30T08:00,10.5,90,16.3,100
2024-10-30T09:00,11.0,92,16.2,100
2024-10-30T10:00,11.4,93,15.5,100
2024-10-30T11:00,12.0,93,14.6,100
2024-10-30T12:00,12.7,93,15.0,100
2024-10-30T13:00,12.1,93,9.6,100
2024-10-30T14:00,13.9,89,10.8,100
2024-10-30T15:00,15.4,87,11.6,100
2024-10-30T16:00,16.7,81,11.5,100
2024-10-30T17:00,17.3,78,11.2,100
2024-10-30T18:00,18.6,72,10.1,100
2024-10-30T19:00,19.2,70,10.9,100
2024-10-30T20:00,19.2,72,8.6,100
2024-10-30T21:00,18.2,77,8.6,100
2024-10-30T22:00,16.1,85,11.1,100
2024-10-30T23:00,15.2,87,12.9,100
2024-10-31T00:00,14.9,87,13.8,100
2024-10-31T01:00,15.2,81,16.0,100
2024-10-31T02:00,14.8,83,15.3,100
2024-10-31T03:00,14.6,85,15.2,100
2024-10-31T04:00,14.8,85,15.3,99
2024-10-31T05:00,14.6,86,15.0,65
2024-10-31T06:00,14.4,87,15.1,65
2024-10-31T07:00,14.3,86,14.7,54
2024-10-31T08:00,14.1,85,13.8,48
2024-10-31T09:00,13.9,84,13.7,55
2024-10-31T10:00,13.7,84,13.2,48
2024-10-31T11:00,13.6,83,13.3,61
2024-10-31T12:00,14.2,80,15.0,13
2024-10-31T13:00,16.2,74,15.2,56
2024-10-31T14:00,18.7,69,13.7,94
2024-10-31T15:00,21.3,62,13.8,100
2024-10-31T16:00,23.3,54,15.7,87
2024-10-31T17:00,24.4,48,14.9,37
2024-10-31T18:00,24.8,46,13.7,30
2024-10-31T19:00,24.8,46,14.3,43
2024-10-31T20:00,24.0,50,14.7,82
2024-10-31T21:00,22.1,55,15.6,85
2024-10-31T22:00,20.1,64,18.3,90
2024-10-31T23:00,20.2,64,20.9,100
2024-11-01T00:00,20.0,66,20.4,84
2024-11-01T01:00,19.5,66,20.9,95
2024-11-01T02:00,19.7,66,21.2,31
2024-11-01T03:00,19.2,69,19.0,15
2024-11-01T04:00,18.6,72,17.6,52
2024-11-01T05:00,18.4,75,17.6,77
2024-11-01T06:00,18.5,75,18.5,99
2024-11-01T07:00,18.7,73,18.3,92
2024-11-01T08:00,18.7,73,19.5,75
2024-11-01T09:00,18.6,74,19.9,100
2024-11-01T10:00,18.4,76,20.8,84
2024-11-01T11:00,18.1,78,21.4,99
2024-11-01T12:00,18.5,76,21.8,99
2024-11-01T13:00,19.8,73,21.7,100
2024-11-01T14:00,20.4,72,22.9,100
2024-11-01T15:00,21.4,72,20.0,100
2024-11-01T16:00,22.6,68,22.7,73
2024-11-01T17:00,24.1,60,25.1,16
2024-11-01T18:00,24.9,50,24.5,11
2024-11-01T19:00,24.7,46,24.5,55
2024-11-01T20:00,21.3,55,26.2,1
2024-11-01T21:00,19.6,56,21.8,0
2024-11-01T22:00,18.0,53,21.7,0
2024-11-01T23:00,16.1,52,19.3,0
2024-11-02T00:00,14.5,57,15.3,0
2024-11-02T01:00,14.4,56,16.4,0
2024-11-02T02:00,13.4,58,16.1,0
2024-11-02T03:00,12.4,61,12.2,0
2024-11-02T04:00,11.3,65,10.5,1
2024-11-02T05:00,10.5,68,11.1,0
2024-11-02T06:00,10.0,69,10.9,0
2024-11-02T07:00,9.5,71,10.7,0
2024-11-02T08:00,9.0,73,11.0,1
2024-11-02T09:00,8.6,76,10.1,0
2024-11-02T10:00,8.2,78,9.3,0
2024-11-02T11:00,7.8,81,8.1,6
2024-11-02T12:00,8.1,82,7.8,39
2024-11-02T13:00,10.6,75,7.9,87
2024-11-02T14:00,11.2,69,12.1,49
2024-11-02T15:00,11.8,58,14.4,54
2024-11-02T16:00,12.6,56,14.2,42
2024-11-02T17:00,12.7,55,15.1,100
2024-11-02T18:00,12.4,56,13.8,100
2024-11-02T19:00,12.1,53,14.0,100
2024-11-02T20:00,12.0,52,14.2,100
2024-11-02T21:00,11.5,53,14.8,100
2024-11-02T22:00,10.2,57,12.0,33
2024-11-02T23:00,9.5,60,8.7,54
2024-11-03T00:00,8.2,64,9.6,13
2024-11-03T01:00,6.1,64,10.3,0
2024-11-03T02:00,5.3,65,9.4,0
2024-11-03T03:00,4.5,67,9.4,0
2024-11-03T04:00,4.0,67,10.7,65
2024-11-03T05:00,3.5,67,10.5,21
2024-11-03T06:00,2.9,68,10.2,9
2024-11-03T07:00,2.4,69,10.8,49
2024-11-03T08:00,1.9,70,10.9,16
2024-11-03T09:00,1.5,71,11.8,0
2024-11-03T10:00,1.1,73,12.1,1
2024-11-03T11:00,0.9,74,11.5,1
2024-11-03T12:00,1.1,75,11.9,5
2024-11-03T13:00,2.7,70,12.0,23
2024-11-03T14:00,4.7,62,11.9,7
2024-11-03T15:00,6.2,58,8.7,2
2024-11-03T16:00,7.1,56,5.5,0
2024-11-03T17:00,7.8,54,4.0,3
2024-11-03T18:00,8.5,51,4.6,0
2024-11-03T19:00,8.8,46,5.3,7
2024-11-03T20:00,8.7,44,5.5,56
2024-11-03T21:00,8.0,51,4.5,97
2024-11-03T22:00,6.4,61,5.6,48
2024-11-03T23:00,5.8,63,6.8,33
2024-11-04T00:00,4.6,72,8.2,3
2024-11-04T01:00,5.1,66,2.6,4
2024-11-04T02:00,2.1,81,3.8,0
2024-11-04T03:00,1.8,79,7.2,0
2024-11-04T04:00,1.3,80,7.1,0
2024-11-04T05:00,0.9,81,6.0,1
2024-11-04T06:00,0.6,82,5.9,0
2024-11-04T07:00,0.2,84,4.5,14
2024-11-04T08:00,0.1,84,4.6,0
2024-11-04T09:00,-0.1,85,4.1,26
2024-11-04T10:00,-0.1,86,5.2,47
2024-11-04T11:00,-0.3,88,4.0,97
2024-11-04T12:00,0.3,86,5.6,100
2024-11-04T13:00,2.2,78,5.3,100
2024-11-04T14:00,3.2,75,1.9,100
2024-11-04T15:00,4.7,72,2.3,100
2024-11-04T16:00,7.5,66,1.8,100
2024-11-04T17:00,8.1,65,2.7,100
2024-11-04T18:00,9.8,60,7.2,98
2024-11-04T19:00,10.5,54,9.3,94
2024-11-04T20:00,10.4,54,11.8,100
2024-11-04T21:00,9.2,67,5.9,98
2024-11-04T22:00,7.2,78,6.7,100
2024-11-04T23:00,7.9,75,7.0,100
2024-11-05T00:00,7.3,77,8.9,100
2024-11-05T01:00,7.9,73,8.0,98
2024-11-05T02:00,7.7,76,7.7,64
2024-11-05T03:00,7.0,82,9.0,98
2024-11-05T04:00,7.0,87,9.5,44
2024-11-05T05:00,7.3,89,10.9,98
2024-11-05T06:00,8.1,90,9.1,34
2024-11-05T07:00,8.3,93,9.8,14
2024-11-05T08:00,8.5,94,9.4,73
2024-11-05T09:00,9.1,93,11.5,60
2024-11-05T10:00,9.8,93,14.0,66
2024-11-05T11:00,10.9,92,14.0,42
2024-11-05T12:00,11.2,94,13.0,79
2024-11-05T13:00,13.2,90,14.4,42
2024-11-05T14:00,15.1,83,17.5,41
2024-11-05T15:00,16.8,75,18.8,14
2024-11-05T16:00,18.5,68,18.2,8
2024-11-05T17:00,19.8,64,15.6,32
2024-11-05T18:00,20.9,60,16.0,25
2024-11-05T19:00,21.5,59,16.7,2
2024-11-05T20:00,21.4,61,16.2,2
2024-11-05T21:00,19.9,65,16.2,0
2024-11-05T22:00,18.2,71,18.2,3
2024-11-05T23:00,17.4,73,20.7,38
2024-11-06T00:00,16.8,77,21.4,42
2024-11-06T01:00,16.3,80,20.4,12
2024-11-06T02:00,16.3,81,21.3,0
2024-11-06T03:00,16.3,82,21.4,2
2024-11-06T04:00,16.4,83,22.5,0
2024-11-06T05:00,16.7,82,24.1,0
2024-11-06T06:00,16.8,81,24.0,0
2024-11-06T07:00,16.7,82,23.6,0
2024-11-06T08:00,16.7,84,24.0,0
2024-11-06T09:00,16.8,85,24.7,0
2024-11-06T10:00,16.9,85,25.2,2
2024-11-06T11:00,16.9,83,24.7,1
2024-11-06T12:00,16.9,81,23.8,0
2024-11-06T13:00,18.6,76,23.1,0
2024-11-06T14:00,19.9,72,23.3,0
2024-11-06T15:00,21.4,67,25.1,24
2024-11-06T16:00,22.6,63,24.3,14
2024-11-06T17:00,23.9,59,24.2,60
2024-11-06T18:00,24.0,58,24.3,79
2024-11-06T19:00,24.3,57,24.6,57
2024-11-06T20:00,23.9,59,19.2,53
2024-11-06T21:00,23.1,62,14.2,37
2024-11-06T22:00,21.2,68,11.6,28
2024-11-06T23:00,19.7,74,11.4,13
2024-11-07T00:00,18.9,77,12.4,23
2024-11-07T01:00,18.8,80,11.7,45
2024-11-07T02:00,18.5,82,10.7,65
2024-11-07T03:00,17.8,86,10.5,80
2024-11-07T04:00,17.2,86,12.0,93
2024-11-07T05:00,16.7,82,13.2,90
2024-11-07T06:00,16.0,81,11.9,97
2024-11-07T07:00,15.7,79,11.0,100
2024-11-07T08:00,14.9,81,11.1,95
2024-11-07T09:00,14.4,82,11.3,53
2024-11-07T10:00,14.0,84,11.9,95
2024-11-07T11:00,13.7,85,13.0,100
2024-11-07T12:00,13.6,85,11.3,2
2024-11-07T13:00,16.4,73,14.6,0
2024-11-07T14:00,18.6,67,15.1,0
2024-11-07T15:00,19.7,57,22.3,10
2024-11-07T16:00,20.0,51,23.9,100
2024-11-07T17:00,19.1,49,24.5,97
2024-11-07T18:00,19.0,46,25.0,93
2024-11-07T19:00,18.4,46,21.1,28
2024-11-07T20:00,17.6,48,18.6,26
2024-11-07T21:00,16.1,52,15.4,0
2024-11-07T22:00,13.6,61,9.7,0
2024-11-07T23:00,11.9,67,9.4,0
2024-11-08T00:00,10.8,70,8.7,0
2024-11-08T01:00,10.6,72,7.7,0
2024-11-08T02:00,9.9,72,9.8,0
2024-11-08T03:00,9.6,68,11.9,0
2024-11-08T04:00,9.1,65,12.8,7
2024-11-08T05:00,8.5,66,11.8,62
2024-11-08T06:00,7.7,69,10.8,40
2024-11-08T07:00,7.0,72,9.3,1
2024-11-08T08:00,6.3,76,7.9,54
2024-11-08T09:00,6.0,78,9.9,3
2024-11-08T10:00,5.9,79,9.2,88
2024-11-08T11:00,6.2,79,9.5,0
2024-11-08T12:00,6.1,79,12.4,0
2024-11-08T13:00,7.9,72,15.7,4
2024-11-08T14:00,10.7,61,15.8,0
2024-11-08T15:00,13.3,49,22.3,0
2024-11-08T16:00,14.8,44,25.1,0
2024-11-08T17:00,16.0,38,26.5,0
2024-11-08T18:00,16.2,40,25.6,0
2024-11-08T19:00,16.3,41,25.7,1
2024-11-08T20:00,15.8,45,24.0,14
2024-11-08T21:00,14.6,48,17.4,53
2024-11-08T22:00,13.8,48,18.1,15
2024-11-08T23:00,13.4,51,20.3,10
2024-11-09T00:00,12.4,57,21.0,19
2024-11-09T01:00,12.0,55,24.9,62
2024-11-09T02:00,10.0,64,24.0,71
2024-11-09T03:00,9.1,62,20.7,42
2024-11-09T04:00,8.0,52,23.1,12
2024-11-09T05:00,7.1,50,23.2,1
2024-11-09T06:00,6.2,52,23.4,5
2024-11-09T07:00,5.5,52,23.7,33
2024-11-09T08:00,5.0,53,24.2,1
2024-11-09T09:00,4.6,54,23.9,1
2024-11-09T10:00,4.3,54,24.3,1
2024-11-09T11:00,4.0,55,24.8,1
2024-11-09T12:00,3.8,56,23.2,1
2024-11-09T13:00,5.9,47,21.8,0
2024-11-09T14:00,6.5,44,24.8,0
2024-11-09T15:00,7.3,41,24.8,0
2024-11-09T16:00,8.1,38,23.8,1
2024-11-09T17:00,8.9,34,22.2,0
2024-11-09T18:00,9.4,33,21.4,0
2024-11-09T19:00,9.4,33,21.4,0
2024-11-09T20:00,9.2,34,20.2,0
2024-11-09T21:00,8.3,38,15.4,0
2024-11-09T22:00,6.9,43,12.4,0
2024-11-09T23:00,5.8,47,11.2,0
2024-11-10T00:00,5.0,50,10.9,0
2024-11-10T01:00,5.0,48,12.8,0
2024-11-10T02:00,4.5,48,13.1,0
2024-11-10T03:00,3.9,50,11.4,0
2024-11-10T04:00,3.1,54,9.4,0
2024-11-10T05:00,2.3,61,6.5,0
2024-11-10T06:00,1.6,69,5.7,0
2024-11-10T07:00,1.3,73,4.8,2
2024-11-10T08:00,1.1,73,5.1,3
2024-11-10T09:00,0.8,77,5.0,45
2024-11-10T10:00,0.5,80,5.2,31
2024-11-10T11:00,0.4,81,5.3,87
2024-11-10T12:00,0.9,79,5.6,25
2024-11-10T13:00,2.2,69,6.0,76
2024-11-10T14:00,5.4,46,6.4,47
2024-11-10T15:00,8.1,34,9.1,87
2024-11-10T16:00,10.1,33,12.8,22
2024-11-10T17:00,11.6,34,16.7,21
2024-11-10T18:00,12.7,38,18.5,96
2024-11-10T19:00,12.9,41,18.9,37
2024-11-10T20:00,12.7,47,16.6,100
2024-11-10T21:00,11.5,55,14.5,100
2024-11-10T22:00,9.9,61,13.3,98
2024-11-10T23:00,9.6,67,13.2,100
2024-11-11T00:00,10.4,68,15.7,100
2024-11-11T01:00,11.3,69,16.5,100
2024-11-11T02:00,11.5,71,16.6,100
2024-11-11T03:00,11.4,73,18.5,100
2024-11-11T04:00,11.0,78,17.3,100
2024-11-11T05:00,10.8,90,16.0,100
2024-11-11T06:00,11.7,93,16.6,100
2024-11-11T07:00,12.8,94,18.9,100
2024-11-11T08:00,13.6,94,22.2,100
2024-11-11T09:00,13.8,94,21.8,100
2024-11-11T10:00,13.7,92,21.8,100
2024-11-11T11:00,13.5,92,22.1,100
2024-11-11T12:00,13.5,92,20.1,100
2024-11-11T13:00,14.2,91,19.2,100
2024-11-11T14:00,15.3,84,23.4,74
2024-11-11T15:00,16.3,76,24.8,42
2024-11-11T16:00,17.3,66,22.5,13
2024-11-11T17:00,18.5,54,24.4,6
2024-11-11T18:00,18.9,50,24.3,9
2024-11-11T19:00,19.0,48,23.4,17
2024-11-11T20:00,18.2,52,18.4,5
2024-11-11T21:00,16.5,59,9.9,1
2024-11-11T22:00,13.8,69,8.6,0
2024-11-11T23:00,12.3,74,8.0,0
2024-11-12T00:00,10.9,80,6.0,0
2024-11-12T01:00,11.4,76,6.9,8
2024-11-12T02:00,11.0,77,9.8,100
2024-11-12T03:00,11.8,72,9.9,37
2024-11-12T04:00,11.2,73,11.4,5
2024-11-12T05:00,10.4,76,12.4,2
2024-11-12T06:00,10.2,75,14.1,2
2024-11-12T07:00,9.8,75,13.9,0
2024-11-12T08:00,9.7,73,15.5,0
2024-11-12T09:00,9.8,71,17.3,28
2024-11-12T10:00,9.6,70,17.4,3
2024-11-12T11:00,9.0,71,20.3,2
2024-11-12T12:00,8.8,71,21.4,37
2024-11-12T13:00,10.8,59,23.3,16
2024-11-12T14:00,10.3,53,25.9,30
2024-11-12T15:00,10.3,47,26.1,6
2024-11-12T16:00,10.4,46,27.0,37
2024-11-12T17:00,9.9,44,29.2,33
2024-11-12T18:00,9.2,44,28.6,23
2024-11-12T19:00,8.7,43,27.0,14
2024-11-12T20:00,7.8,44,26.2,27
2024-11-12T21:00,6.8,45,24.9,3
2024-11-12T22:00,6.0,47,23.6,5
2024-11-12T23:00,5.3,46,23.6,1
2024-11-13T00:00,4.7,46,22.1,1
2024-11-13T01:00,5.0,41,21.5,1
2024-11-13T02:00,4.4,42,19.9,0
2024-11-13T03:00,3.7,45,19.3,0
2024-11-13T04:00,3.0,48,18.1,0
2024-11-13T05:00,2.4,50,16.0,0
2024-11-13T06:00,1.8,53,14.2,0
2024-11-13T07:00,1.2,54,13.4,0
2024-11-13T08:00,0.7,55,14.3,0
2024-11-13T09:00,0.5,55,14.2,0
2024-11-13T10:00,0.2,55,14.0,0
2024-11-13T11:00,-0.1,57,14.1,0
2024-11-13T12:00,-0.1,57,14.9,0
2024-11-13T13:00,1.1,52,12.2,0
2024-11-13T14:00,2.5,46,15.8,0
2024-11-13T15:00,3.8,39,15.3,0
2024-11-13T16:00,5.0,31,14.1,0
2024-11-13T17:00,5.8,27,13.9,0
2024-11-13T18:00,6.5,24,12.8,0
2024-11-13T19:00,6.7,22,13.2,0
2024-11-13T20:00,6.6,21,13.1,0
2024-11-13T21:00,5.9,23,12.5,0
2024-11-13T22:00,5.0,26,12.4,0
2024-11-13T23:00,4.5,28,13.6,0
2024-11-14T00:00,4.1,29,14.6,0
2024-11-14T01:00,3.6,31,13.5,0
2024-11-14T02:00,3.3,32,14.3,0
2024-11-14T03:00,2.9,35,14.2,0
2024-11-14T04:00,2.6,39,14.0,0
2024-11-14T05:00,1.9,41,12.3,0
2024-11-14T06:00,1.1,40,13.3,0
2024-11-14T07:00,0.6,43,13.4,0
2024-11-14T08:00,0.2,46,12.9,0
2024-11-14T09:00,-0.1,49,12.8,0
2024-11-14T10:00,-0.4,53,12.9,0
2024-11-14T11:00,-0.7,55,13.2,0
2024-11-14T12:00,-0.9,56,13.6,1
2024-11-14T13:00,-0.2,51,12.8,2
2024-11-14T14:00,1.6,46,13.2,18
2024-11-14T15:00,3.3,41,12.5,14
2024-11-14T16:00,4.6,33,11.1,34
2024-11-14T17:00,5.7,26,10.7,42
2024-11-14T18:00,6.5,21,10.1,3
2024-11-14T19:00,6.8,17,9.0,8
2024-11-14T20:00,6.5,17,9.6,0
2024-11-14T21:00,5.7,20,7.8,31
2024-11-14T22:00,4.6,24,6.6,67
2024-11-14T23:00,4.1,26,8.0,97
2024-11-15T00:00,3.8,25,9.7,49
2024-11-15T01:00,2.8,34,7.7,81
2024-11-15T02:00,2.3,34,8.5,91
2024-11-15T03:00,1.8,35,8.8,49
2024-11-15T04:00,1.3,36,8.9,54
2024-11-15T05:00,1.0,36,9.3,99
2024-11-15T06:00,0.9,36,10.0,100
2024-11-15T07:00,0.8,38,9.9,100
2024-11-15T08:00,0.8,40,9.3,100
2024-11-15T09:00,0.7,42,8.2,100
2024-11-15T10:00,0.3,45,7.6,100
2024-11-15T11:00,-0.5,50,8.2,94
2024-11-15T12:00,-0.5,52,9.7,62
2024-11-15T13:00,0.9,42,13.5,10
2024-11-15T14:00,4.4,29,12.3,15
2024-11-15T15:00,7.0,21,11.0,0
2024-11-15T16:00,9.3,19,9.6,0
2024-11-15T17:00,10.7,21,8.7,0
2024-11-15T18:00,11.7,21,9.6,0
2024-11-15T19:00,12.0,20,12.4,0
2024-11-15T20:00,11.1,24,13.5,0
2024-11-15T21:00,9.3,29,15.7,0
2024-11-15T22:00,7.9,32,16.0,0
2024-11-15T23:00,7.0,35,14.3,6
2024-11-16T00:00,6.3,38,15.4,14
2024-11-16T01:00,8.9,32,17.8,4
2024-11-16T02:00,8.3,34,18.5,3
2024-11-16T03:00,7.6,35,18.2,9
2024-11-16T04:00,7.1,36,16.2,26
2024-11-16T05:00,6.8,37,14.8,35
2024-11-16T06:00,6.5,39,14.1,12
2024-11-16T07:00,6.2,40,14.0,38
2024-11-16T08:00,5.9,41,13.7,7
2024-11-16T09:00,6.0,40,13.0,87
2024-11-16T10:00,6.6,38,13.9,6
2024-11-16T11:00,6.4,38,13.3,4
2024-11-16T12:00,6.2,38,13.6,0
2024-11-16T13:00,7.8,36,14.7,0
2024-11-16T14:00,9.4,33,13.6,4
2024-11-16T15:00,11.1,30,16.4,16
2024-11-16T16:00,12.2,28,17.9,13
2024-11-16T17:00,13.3,27,17.3,53
2024-11-16T18:00,13.9,26,15.5,26
2024-11-16T19:00,14.5,26,16.1,43
2024-11-16T20:00,14.2,28,15.1,22
2024-11-16T21:00,13.4,30,14.5,23
2024-11-16T22:00,12.1,33,14.2,34
2024-11-16T23:00,11.3,35,15.0,12
2024-11-17T00:00,10.2,39,15.3,16
2024-11-17T01:00,10.6,40,16.1,0
2024-11-17T02:00,10.0,38,17.2,0
2024-11-17T03:00,9.6,34,14.5,1
2024-11-17T04:00,9.2,32,13.4,1
2024-11-17T05:00,8.8,31,14.0,0
2024-11-17T06:00,8.4,31,13.7,0
2024-11-17T07:00,7.9,31,13.2,0
2024-11-17T08:00,7.6,32,13.7,0
2024-11-17T09:00,7.2,33,14.2,0
2024-11-17T10:00,6.8,35,14.3,0
2024-11-17T11:00,6.4,36,14.4,0
2024-11-17T12:00,6.1,37,14.2,0
2024-11-17T13:00,7.8,32,14.7,0
2024-11-17T14:00,9.5,29,13.1,0
2024-11-17T15:00,11.2,26,13.2,0
2024-11-17T16:00,12.9,24,12.6,0
2024-11-17T17:00,14.5,22,12.3,0
2024-11-17T18:00,15.8,21,12.9,0
2024-11-17T19:00,16.3,20,13.2,10
2024-11-17T20:00,16.0,20,12.9,29
2024-11-17T21:00,14.6,22,10.6,67
2024-11-17T22:00,13.0,25,10.2,96
2024-11-17T23:00,11.8,28,8.9,100
2024-11-18T00:00,10.9,31,9.2,96
2024-11-18T01:00,10.4,33,9.3,100
2024-11-18T02:00,9.8,33,9.3,96
2024-11-18T03:00,9.0,35,7.3,100
2024-11-18T04:00,8.5,36,5.7,100
2024-11-18T05:00,8.2,37,6.8,100
2024-11-18T06:00,7.5,47,1.8,100
2024-11-18T07:00,7.4,49,0.6,100
2024-11-18T08:00,6.7,51,0.4,100
2024-11-18T09:00,6.4,49,2.7,96
2024-11-18T10:00,5.5,56,3.1,100
2024-11-18T11:00,5.0,56,4.3,93
2024-11-18T12:00,4.8,57,4.7,85
2024-11-18T13:00,7.5,45,11.5,100
2024-11-18T14:00,9.0,48,9.2,93
2024-11-18T15:00,11.0,53,10.3,0
2024-11-18T16:00,13.5,48,12.5,0
2024-11-18T17:00,15.0,45,13.6,0
2024-11-18T18:00,15.5,45,14.8,4
2024-11-18T19:00,15.7,45,14.1,4
2024-11-18T20:00,15.4,44,15.8,4
2024-11-18T21:00,14.3,47,14.7,15
2024-11-18T22:00,13.0,51,12.8,2
2024-11-18T23:00,11.9,54,11.6,5
2024-11-19T00:00,11.1,55,12.1,1
2024-11-19T01:00,11.1,49,13.4,74
2024-11-19T02:00,10.8,52,13.5,13
2024-11-19T03:00,10.1,57,17.3,6
2024-11-19T04:00,9.1,61,15.9,12
2024-11-19T05:00,8.5,63,16.9,65
2024-11-19T06:00,8.3,64,17.3,19
2024-11-19T07:00,8.0,65,17.5,3
2024-11-19T08:00,7.6,67,17.0,2
2024-11-19T09:00,7.0,69,15.9,1
2024-11-19T10:00,6.5,70,15.5,2
2024-11-19T11:00,6.1,70,15.4,6
2024-11-19T12:00,5.7,72,15.2,3
2024-11-19T13:00,7.8,60,16.8,1
2024-11-19T14:00,9.0,56,17.8,0
2024-11-19T15:00,10.3,51,16.7,0
2024-11-19T16:00,11.7,47,15.7,0
2024-11-19T17:00,12.7,44,15.6,1
2024-11-19T18:00,13.4,41,14.5,0
2024-11-19T19:00,13.7,39,13.9,0
2024-11-19T20:00,13.4,40,13.9,0
2024-11-19T21:00,12.4,43,11.3,0
2024-11-19T22:00,11.2,47,11.3,0
2024-11-19T23:00,10.2,51,12.1,0
2024-11-20T00:00,9.3,55,12.2,1
2024-11-20T01:00,8.2,56,12.0,0
2024-11-20T02:00,7.3,60,11.3,0
2024-11-20T03:00,6.4,65,9.7,0
2024-11-20T04:00,5.7,69,10.2,13
2024-11-20T05:00,5.1,73,10.2,16
2024-11-20T06:00,4.6,76,8.2,62
2024-11-20T07:00,4.1,80,8.6,100
2024-11-20T08:00,4.2,80,7.9,0
2024-11-20T09:00,3.6,84,8.1,0
2024-11-20T10:00,3.3,86,7.8,0
2024-11-20T11:00,3.0,88,7.3,0
2024-11-20T12:00,2.7,89,6.7,0
2024-11-20T13:00,3.4,77,7.6,0
2024-11-20T14:00,5.6,66,5.0,0
2024-11-20T15:00,8.1,56,4.4,0
2024-11-20T16:00,10.2,51,4.2,0
2024-11-20T17:00,11.2,51,5.9,0
2024-11-20T18:00,11.6,52,7.5,0
2024-11-20T19:00,11.3,56,8.5,0
2024-11-20T20:00,10.6,62,8.1,0
2024-11-20T21:00,9.4,70,6.6,0
2024-11-20T22:00,8.4,78,8.5,0
2024-11-20T23:00,8.1,81,8.5,13
2024-11-21T00:00,8.1,83,10.2,16
2024-11-21T01:00,7.5,84,7.2,4
2024-11-21T02:00,7.2,85,5.7,3
2024-11-21T03:00,6.9,86,5.2,28
2024-11-21T04:00,7.2,86,6.9,67
2024-11-21T05:00,7.5,85,9.2,100
2024-11-21T06:00,8.0,83,10.1,100
2024-11-21T07:00,8.1,86,12.4,100
2024-11-21T08:00,8.7,87,14.5,100
2024-11-21T09:00,9.0,87,16.6,100
2024-11-21T10:00,9.0,86,15.8,100
2024-11-21T11:00,8.9,87,14.3,100
2024-11-21T12:00,8.7,88,19.0,100
2024-11-21T13:00,8.2,84,18.0,100
2024-11-21T14:00,8.4,83,15.4,100
2024-11-21T15:00,8.2,88,18.6,100
2024-11-21T16:00,8.3,89,18.5,100
2024-11-21T17:00,8.4,91,20.3,100
2024-11-21T18:00,8.6,92,21.6,100
2024-11-21T19:00,8.6,92,21.8,100
2024-11-21T20:00,8.5,92,20.9,100
2024-11-21T21:00,8.3,95,20.5,100
2024-11-21T22:00,8.2,95,23.3,100
2024-11-21T23:00,8.3,94,25.1,100
2024-11-22T00:00,8.2,95,23.9,100
2024-11-22T01:00,8.5,93,25.4,100
2024-11-22T02:00,8.6,91,27.3,100
2024-11-22T03:00,8.7,89,26.4,100
2024-11-22T04:00,8.7,88,27.6,100
2024-11-22T05:00,8.8,88,31.1,100
2024-11-22T06:00,9.0,89,31.1,100
2024-11-22T07:00,9.0,92,32.9,100
2024-11-22T08:00,9.0,94,33.7,100
2024-11-22T09:00,8.4,91,23.8,100
2024-11-22T10:00,6.9,90,14.2,100
2024-11-22T11:00,6.6,89,9.4,89
2024-11-22T12:00,6.1,90,9.4,33
2024-11-22T13:00,7.0,78,16.4,14
2024-11-22T14:00,8.4,68,14.9,24
2024-11-22T15:00,9.6,61,17.8,18
2024-11-22T16:00,10.4,54,16.6,16
2024-11-22T17:00,10.8,52,16.3,24
2024-11-22T18:00,11.2,49,15.6,72
2024-11-22T19:00,11.0,46,14.9,36
2024-11-22T20:00,10.3,54,11.6,29
2024-11-22T21:00,9.1,60,11.1,20
2024-11-22T22:00,7.8,69,8.0,92
2024-11-22T23:00,7.8,72,8.6,100
2024-11-23T00:00,7.4,79,10.2,100
2024-11-23T01:00,6.2,87,6.1,100
2024-11-23T02:00,6.0,90,9.3,100
2024-11-23T03:00,6.3,92,9.8,100
2024-11-23T04:00,6.5,97,5.7,100
2024-11-23T05:00,6.5,97,5.3,100
2024-11-23T06:00,6.8,96,7.0,100
2024-11-23T07:00,7.2,94,7.9,100
2024-11-23T08:00,6.9,95,1.9,100
2024-11-23T09:00,6.7,97,8.1,100
2024-11-23T10:00,6.4,98,9.8,100
2024-11-23T11:00,6.4,97,15.7,100
2024-11-23T12:00,6.2,95,18.3,100
2024-11-23T13:00,5.7,95,19.9,100
2024-11-23T14:00,5.9,93,18.7,100
2024-11-23T15:00,6.0,93,19.1,100
2024-11-23T16:00,5.9,89,21.4,100
2024-11-23T17:00,6.0,85,21.8,100
2024-11-23T18:00,6.9,76,18.7,100
2024-11-23T19:00,7.4,69,22.7,100
2024-11-23T20:00,7.8,65,24.7,100
2024-11-23T21:00,7.4,65,27.1,100
2024-11-23T22:00,6.8,68,26.4,99
2024-11-23T23:00,6.8,69,26.1,100
2024-11-24T00:00,7.2,69,24.9,100
2024-11-24T01:00,7.0,69,23.5,68
2024-11-24T02:00,6.9,68,22.6,90
2024-11-24T03:00,6.4,68,21.7,30
2024-11-24T04:00,5.9,69,20.9,26
2024-11-24T05:00,5.6,70,19.9,42
2024-11-24T06:00,6.1,68,18.8,45
2024-11-24T07:00,6.4,69,18.5,79
2024-11-24T08:00,6.7,71,19.1,80
2024-11-24T09:00,6.8,69,20.2,79
2024-11-24T10:00,6.3,68,20.4,73
2024-11-24T11:00,5.9,66,21.6,33
2024-11-24T12:00,5.3,65,22.0,3
2024-11-24T13:00,6.7,57,22.0,1
2024-11-24T14:00,7.4,52,25.8,38
2024-11-24T15:00,7.7,50,25.5,32
2024-11-24T16:00,7.9,47,25.7,9
2024-11-24T17:00,8.2,45,24.8,2
2024-11-24T18:00,8.3,45,26.5,1
2024-11-24T19:00,8.9,39,31.3,45
2024-11-24T20:00,8.1,46,25.3,97
2024-11-24T21:00,7.4,50,21.8,81
2024-11-24T22:00,6.5,52,18.7,19
2024-11-24T23:00,6.1,53,20.2,47
2024-11-25T00:00,5.6,56,20.1,99
2024-11-25T01:00,5.5,59,16.4,25
2024-11-25T02:00,4.8,61,17.1,2
2024-11-25T03:00,4.3,61,17.5,1
2024-11-25T04:00,3.8,63,16.5,1
2024-11-25T05:00,3.3,63,16.2,0
2024-11-25T06:00,2.8,61,16.4,0
2024-11-25T07:00,2.3,60,15.5,0
2024-11-25T08:00,1.8,61,14.4,0
2024-11-25T09:00,1.4,62,15.1,0
2024-11-25T10:00,1.2,63,15.5,3
2024-11-25T11:00,0.9,64,15.9,1
2024-11-25T12:00,0.9,64,17.1,0
2024-11-25T13:00,2.6,58,19.3,19
2024-11-25T14:00,4.1,57,15.2,7
2024-11-25T15:00,5.3,54,15.4,0
2024-11-25T16:00,6.6,52,15.0,5
2024-11-25T17:00,7.8,51,12.6,1
2024-11-25T18:00,8.7,50,11.2,0
2024-11-25T19:00,9.3,50,9.6,0
2024-11-25T20:00,9.2,54,6.7,0
2024-11-25T21:00,7.4,65,5.4,0
2024-11-25T22:00,6.3,67,7.6,41
2024-11-25T23:00,5.6,67,10.0,100
2024-11-26T00:00,5.1,66,10.7,100
2024-11-26T01:00,4.5,66,10.4,100
2024-11-26T02:00,3.7,70,7.8,100
2024-11-26T03:00,3.2,73,6.6,70
2024-11-26T04:00,2.4,77,5.2,30
2024-11-26T05:00,1.7,80,4.1,92
2024-11-26T06:00,1.2,83,3.8,31
2024-11-26T07:00,0.7,85,3.5,16
2024-11-26T08:00,0.4,87,2.3,3
2024-11-26T09:00,0.3,89,0.8,75
2024-11-26T10:00,0.3,90,0.7,63
2024-11-26T11:00,0.3,91,0.5,92
2024-11-26T12:00,1.3,90,3.8,87
2024-11-26T13:00,2.3,84,6.0,60
2024-11-26T14:00,4.1,78,2.8,100
2024-11-26T15:00,5.1,77,3.4,100
2024-11-26T16:00,5.2,83,5.4,100
2024-11-26T17:00,4.5,94,7.1,100
2024-11-26T18:00,5.7,94,9.9,100
2024-11-26T19:00,6.7,95,10.1,100
2024-11-26T20:00,7.5,95,3.3,100
2024-11-26T21:00,5.6,93,23.6,100
2024-11-26T22:00,4.8,93,13.2,14
2024-11-26T23:00,3.8,94,13.5,1
2024-11-27T00:00,3.8,93,13.4,2
2024-11-27T01:00,4.3,90,14.7,1
2024-11-27T02:00,4.2,87,15.3,0
2024-11-27T03:00,4.3,83,17.5,1
2024-11-27T04:00,4.3,80,15.6,0
2024-11-27T05:00,3.9,80,14.2,1
2024-11-27T06:00,3.5,79,13.2,0
2024-11-27T07:00,3.2,78,11.9,0
2024-11-27T08:00,2.9,78,13.4,12
2024-11-27T09:00,2.6,80,11.3,33
2024-11-27T10:00,2.1,82,10.8,87
2024-11-27T11:00,1.9,82,11.5,98
2024-11-27T12:00,2.2,80,12.8,91
2024-11-27T13:00,2.6,76,12.3,31
2024-11-27T14:00,4.5,72,12.2,33
2024-11-27T15:00,6.6,68,10.1,2
2024-11-27T16:00,8.1,55,15.0,72
2024-11-27T17:00,8.5,52,15.3,5
2024-11-27T18:00,8.5,50,16.1,6
2024-11-27T19:00,8.4,49,15.1,37
2024-11-27T20:00,8.0,51,12.9,43
2024-11-27T21:00,6.6,55,11.4,5
2024-11-27T22:00,5.3,59,11.9,26
2024-11-27T23:00,4.3,63,10.0,0
2024-11-28T00:00,3.5,66,8.5,40
2024-11-28T01:00,2.0,75,5.0,81
2024-11-28T02:00,1.4,78,4.9,39
2024-11-28T03:00,0.6,81,4.3,100
2024-11-28T04:00,0.8,82,4.4,100
2024-11-28T05:00,1.4,80,5.1,100
2024-11-28T06:00,2.1,76,7.7,100
2024-11-28T07:00,2.6,78,5.8,100
2024-11-28T08:00,2.5,83,3.6,100
2024-11-28T09:00,2.6,85,3.8,100
2024-11-28T10:00,2.4,88,3.5,100
2024-11-28T11:00,3.1,88,6.0,100
2024-11-28T12:00,4.1,87,7.8,100
2024-11-28T13:00,4.9,87,11.8,100
2024-11-28T14:00,5.7,85,13.4,100
2024-11-28T15:00,6.7,85,16.6,100
2024-11-28T16:00,7.5,92,19.1,100
2024-11-28T17:00,7.2,90,18.9,100
2024-11-28T18:00,7.8,92,25.5,100
2024-11-28T19:00,8.5,94,27.4,100
2024-11-28T20:00,8.5,97,20.8,100
2024-11-28T21:00,8.2,98,6.5,100
2024-11-28T22:00,7.4,99,9.2,100
2024-11-28T23:00,6.3,98,15.6,100
2024-11-29T00:00,5.1,95,24.9,100
2024-11-29T01:00,3.3,92,24.2,100
2024-11-29T02:00,3.1,89,21.2,100
2024-11-29T03:00,3.7,86,19.4,100
2024-11-29T04:00,4.2,83,18.6,100
2024-11-29T05:00,4.5,81,18.0,91
2024-11-29T06:00,4.4,80,17.8,64
2024-11-29T07:00,4.3,77,18.1,100
2024-11-29T08:00,4.3,73,17.5,100
2024-11-29T09:00,3.9,72,14.7,0
2024-11-29T10:00,2.8,76,12.9,0
2024-11-29T11:00,1.9,80,13.9,0
2024-11-29T12:00,1.4,82,13.9,0
2024-11-29T13:00,2.2,82,12.3,0
2024-11-29T14:00,3.8,73,12.3,1
2024-11-29T15:00,5.1,68,14.2,0
2024-11-29T16:00,6.2,56,17.2,24
2024-11-29T17:00,6.5,51,19.1,27
2024-11-29T18:00,6.8,48,17.4,3
2024-11-29T19:00,6.8,45,16.3,0
2024-11-29T20:00,6.2,48,13.0,0
2024-11-29T21:00,4.8,58,5.8,0
2024-11-29T22:00,3.1,67,3.1,12
2024-11-29T23:00,2.4,71,4.5,30
2024-11-30T00:00,2.5,70,8.6,42
2024-11-30T01:00,2.3,71,8.5,16
2024-11-30T02:00,1.5,76,8.6,45
2024-11-30T03:00,1.0,77,7.3,33
2024-11-30T04:00,0.4,79,8.9,17
2024-11-30T05:00,0.2,83,9.5,31
2024-11-30T06:00,0.4,80,10.2,92
2024-11-30T07:00,0.7,77,10.4,75
2024-11-30T08:00,0.2,78,10.8,2
2024-11-30T09:00,-0.6,78,11.2,0
2024-11-30T10:00,-1.1,77,11.2,0
2024-11-30T11:00,-1.6,77,11.6,0
2024-11-30T12:00,-1.8,76,11.2,0
2024-11-30T13:00,-0.4,72,11.9,0
2024-11-30T14:00,1.0,65,12.5,0
2024-11-30T15:00,2.3,57,13.4,0
2024-11-30T16:00,3.2,53,13.6,0
2024-11-30T17:00,3.7,51,13.5,0
2024-11-30T18:00,4.0,49,13.5,0
2024-11-30T19:00,4.0,49,14.0,0
2024-11-30T20:00,3.5,50,13.8,0
2024-11-30T21:00,2.3,55,12.1,0
2024-11-30T22:00,1.3,59,13.3,67
2024-11-30T23:00,0.7,61,13.9,93
2024-12-01T00:00,0.2,63,13.5,92
2024-12-01T01:00,-0.2,66,13.0,72
2024-12-01T02:00,-0.2,67,12.8,18
2024-12-01T03:00,-0.6,69,12.2,8
2024-12-01T04:00,-0.8,69,13.1,1
2024-12-01T05:00,-1.1,67,13.7,32
2024-12-01T06:00,-1.4,67,12.6,1
2024-12-01T07:00,-1.6,68,12.8,42
2024-12-01T08:00,-1.7,69,12.2,33
2024-12-01T09:00,-2.1,71,12.2,0
2024-12-01T10:00,-2.5,73,11.7,0
2024-12-01T11:00,-2.7,72,12.4,0
2024-12-01T12:00,-2.8,71,12.5,1
2024-12-01T13:00,-1.8,69,10.2,70
2024-12-01T14:00,-0.7,63,13.1,99
2024-12-01T15:00,0.3,58,13.5,99
2024-12-01T16:00,0.9,54,12.3,77
2024-12-01T17:00,1.7,50,11.1,0
2024-12-01T18:00,2.4,47,15.0,40
2024-12-01T19:00,2.5,44,14.6,36
2024-12-01T20:00,2.1,45,14.5,33
2024-12-01T21:00,1.0,52,11.1,90
2024-12-01T22:00,0.7,57,9.6,100
2024-12-01T23:00,0.6,59,10.1,1
2024-12-02T00:00,-0.6,63,8.7,5
2024-12-02T01:00,-1.3,64,9.0,0
2024-12-02T02:00,-1.7,67,10.2,0
2024-12-02T03:00,-1.8,66,12.0,0
2024-12-02T04:00,-1.9,65,12.1,0
2024-12-02T05:00,-2.1,66,11.2,0
2024-12-02T06:00,-2.2,66,10.4,0
2024-12-02T07:00,-2.3,67,9.1,0
2024-12-02T08:00,-2.5,69,8.0,0
2024-12-02T09:00,-2.5,69,8.0,0
2024-12-02T10:00,-2.6,70,7.8,0
2024-12-02T11:00,-2.8,71,7.6,0
2024-12-02T12:00,-2.9,72,7.8,0
2024-12-02T13:00,-2.8,64,10.1,0
2024-12-02T14:00,-1.0,54,8.1,0
2024-12-02T15:00,0.5,48,8.1,0
2024-12-02T16:00,1.7,43,7.4,0
2024-12-02T17:00,2.3,43,6.9,0
2024-12-02T18:00,2.7,42,6.2,0
2024-12-02T19:00,2.8,41,5.6,0
2024-12-02T20:00,2.3,50,3.3,0
2024-12-02T21:00,0.4,56,2.5,0
2024-12-02T22:00,-0.4,60,5.5,0
2024-12-02T23:00,-0.7,57,7.9,0
2024-12-03T00:00,-1.1,59,8.3,0
2024-12-03T01:00,-1.4,66,9.0,0
2024-12-03T02:00,-1.9,70,8.5,0
2024-12-03T03:00,-2.4,73,7.8,0
2024-12-03T04:00,-2.6,74,7.4,0
2024-12-03T05:00,-2.7,75,7.0,0
2024-12-03T06:00,-2.9,77,6.7,0
2024-12-03T07:00,-3.0,79,6.6,0
2024-12-03T08:00,-3.1,79,7.1,0
2024-12-03T09:00,-3.0,78,7.5,0
2024-12-03T10:00,-3.1,78,8.1,0
2024-12-03T11:00,-3.2,78,8.6,0
2024-12-03T12:00,-3.2,78,9.1,0
2024-12-03T13:00,-2.8,67,9.7,0
2024-12-03T14:00,-0.9,58,9.4,0
2024-12-03T15:00,0.6,50,11.2,0
2024-12-03T16:00,1.6,44,10.4,0
2024-12-03T17:00,2.1,44,8.7,0
2024-12-03T18:00,2.5,44,7.0,0
2024-12-03T19:00,2.6,45,8.8,17
2024-12-03T20:00,2.2,49,8.3,1
2024-12-03T21:00,0.5,60,5.9,1
2024-12-03T22:00,-0.7,65,5.6,0
2024-12-03T23:00,-1.2,67,5.4,2
2024-12-04T00:00,-1.3,69,6.8,2
2024-12-04T01:00,-1.4,69,8.1,28
2024-12-04T02:00,-1.5,70,9.6,98
2024-12-04T03:00,-1.3,73,8.4,31
2024-12-04T04:00,-1.8,78,7.6,14
2024-12-04T05:00,-2.0,80,8.5,21
2024-12-04T06:00,-2.6,82,9.2,10
2024-12-04T07:00,-2.9,82,9.9,2
2024-12-04T08:00,-3.0,81,10.9,1
2024-12-04T09:00,-3.0,79,10.9,0
2024-12-04T10:00,-3.3,79,10.5,0
2024-12-04T11:00,-3.6,79,9.5,0
2024-12-04T12:00,-3.9,79,8.3,0
2024-12-04T13:00,-2.9,74,7.6,0
2024-12-04T14:00,-1.5,66,6.0,0
2024-12-04T15:00,0.0,60,4.3,0
2024-12-04T16:00,1.2,50,5.4,0
2024-12-04T17:00,2.0,45,7.1,29
2024-12-04T18:00,2.7,40,8.7,52
2024-12-04T19:00,2.9,37,10.8,100
2024-12-04T20:00,2.4,43,11.5,100
2024-12-04T21:00,1.3,49,14.1,100
2024-12-04T22:00,0.9,59,12.4,100
2024-12-04T23:00,0.9,68,11.4,100
2024-12-05T00:00,0.8,71,12.9,100
2024-12-05T01:00,1.9,76,13.9,100
2024-12-05T02:00,2.7,76,11.9,100
2024-12-05T03:00,4.0,69,14.3,100
2024-12-05T04:00,4.7,73,19.0,100
2024-12-05T05:00,4.2,89,19.5,100
2024-12-05T06:00,3.7,96,15.9,100
2024-12-05T07:00,3.1,95,15.5,100
2024-12-05T08:00,1.9,100,13.4,100
2024-12-05T09:00,1.6,100,15.5,100
2024-12-05T10:00,1.5,99,14.7,100
2024-12-05T11:00,1.4,98,13.4,100
2024-12-05T12:00,1.3,99,13.7,100
2024-12-05T13:00,1.1,97,13.3,100
2024-12-05T14:00,1.8,93,15.2,100
2024-12-05T15:00,1.5,96,13.6,99
2024-12-05T16:00,2.3,91,13.6,49
2024-12-05T17:00,3.4,82,20.6,66
2024-12-05T18:00,4.2,74,19.6,25
2024-12-05T19:00,4.4,70,16.9,3
2024-12-05T20:00,4.0,70,17.9,45
2024-12-05T21:00,2.7,73,16.1,55
2024-12-05T22:00,1.8,75,18.0,58
2024-12-05T23:00,1.3,73,20.0,19
2024-12-06T00:00,1.3,66,24.3,2
2024-12-06T01:00,1.4,61,22.9,9
2024-12-06T02:00,1.1,61,25.6,57
2024-12-06T03:00,0.9,62,25.0,30
2024-12-06T04:00,0.5,66,23.0,25
2024-12-06T05:00,0.3,69,22.7,6
2024-12-06T06:00,0.2,72,21.4,5
2024-12-06T07:00,-0.2,71,20.5,7
2024-12-06T08:00,-0.7,69,19.6,13
2024-12-06T09:00,-1.5,67,20.9,18
2024-12-06T10:00,-2.3,66,19.4,21
2024-12-06T11:00,-2.9,66,18.4,4
2024-12-06T12:00,-3.4,66,18.9,12
2024-12-06T13:00,-1.6,58,19.5,1
2024-12-06T14:00,-1.6,52,23.5,14
2024-12-06T15:00,-2.1,50,22.8,5
2024-12-06T16:00,-1.9,49,22.9,45
2024-12-06T17:00,-1.8,50,21.6,53
2024-12-06T18:00,-1.6,46,21.2,3
2024-12-06T19:00,-1.4,41,19.3,80
2024-12-06T20:00,-2.0,43,18.9,86
2024-12-06T21:00,-2.7,49,15.4,27
2024-12-06T22:00,-3.4,52,14.6,84
2024-12-06T23:00,-3.8,56,12.5,98
2024-12-07T00:00,-4.1,60,11.7,96
2024-12-07T01:00,-2.9,58,14.3,89
2024-12-07T02:00,-2.9,57,13.3,32
2024-12-07T03:00,-3.3,58,13.8,25
2024-12-07T04:00,-3.4,57,12.8,44
2024-12-07T05:00,-3.5,60,12.2,18
2024-12-07T06:00,-3.6,64,13.8,4
2024-12-07T07:00,-3.7,66,12.9,1
2024-12-07T08:00,-3.9,66,12.6,0
2024-12-07T09:00,-3.9,65,13.8,0
2024-12-07T10:00,-3.9,64,14.2,0
2024-12-07T11:00,-3.9,65,14.0,0
2024-12-07T12:00,-3.9,66,13.2,0
2024-12-07T13:00,-2.9,67,11.3,7
2024-12-07T14:00,-1.5,62,10.8,15
2024-12-07T15:00,0.2,56,12.4,7
2024-12-07T16:00,1.6,52,14.4,4
2024-12-07T17:00,2.3,52,14.2,1
2024-12-07T18:00,2.6,53,13.2,0
2024-12-07T19:00,2.5,55,12.7,1
2024-12-07T20:00,2.2,57,11.2,88
2024-12-07T21:00,0.9,65,10.0,100
2024-12-07T22:00,-0.1,70,9.4,100
2024-12-07T23:00,-0.2,71,8.1,100
2024-12-08T00:00,-0.3,73,6.7,100
2024-12-08T01:00,-0.4,70,7.1,100
2024-12-08T02:00,-0.3,69,7.2,100
2024-12-08T03:00,-0.1,68,9.2,100
2024-12-08T04:00,-0.2,69,9.6,100
2024-12-08T05:00,-0.1,70,10.7,100
2024-12-08T06:00,-0.0,73,12.0,100
2024-12-08T07:00,0.1,74,14.8,100
2024-12-08T08:00,0.2,79,17.1,100
2024-12-08T09:00,0.6,81,17.4,100
2024-12-08T10:00,1.5,76,18.8,100
2024-12-08T11:00,2.3,71,18.4,100
2024-12-08T12:00,3.0,66,18.5,100
2024-12-08T13:00,3.9,58,18.6,100
2024-12-08T14:00,3.9,57,16.4,43
2024-12-08T15:00,5.2,53,18.3,96
2024-12-08T16:00,5.2,53,20.9,57
2024-12-08T17:00,6.8,54,16.4,66
2024-12-08T18:00,7.5,53,19.9,64
2024-12-08T19:00,7.8,54,23.3,86
2024-12-08T20:00,7.3,58,21.5,46
2024-12-08T21:00,6.6,62,21.4,4
2024-12-08T22:00,6.0,65,20.8,55
2024-12-08T23:00,5.7,67,19.5,20
2024-12-09T00:00,5.1,71,16.7,7
2024-12-09T01:00,4.8,72,12.8,12
2024-12-09T02:00,3.6,78,12.2,10
2024-12-09T03:00,4.1,77,16.1,65
2024-12-09T04:00,4.2,77,15.8,88
2024-12-09T05:00,3.9,80,15.2,88
2024-12-09T06:00,3.3,84,9.7,18
2024-12-09T07:00,1.4,89,4.5,47
2024-12-09T08:00,1.2,89,5.3,9
2024-12-09T09:00,0.6,91,5.7,19
2024-12-09T10:00,0.6,89,6.4,36
2024-12-09T11:00,-0.3,88,3.1,100
2024-12-09T12:00,0.2,87,6.3,60
2024-12-09T13:00,1.8,83,7.0,99
2024-12-09T14:00,3.5,78,3.2,100
2024-12-09T15:00,4.6,75,3.5,100
2024-12-09T16:00,5.8,71,6.9,100
2024-12-09T17:00,6.8,68,9.7,100
2024-12-09T18:00,7.4,68,11.9,100
2024-12-09T19:00,7.1,70,13.3,100
2024-12-09T20:00,6.3,76,15.9,100
2024-12-09T21:00,6.3,79,14.8,100
2024-12-09T22:00,6.3,83,16.6,100
2024-12-09T23:00,6.1,92,19.6,100
2024-12-10T00:00,6.2,93,23.8,100
2024-12-10T01:00,6.4,93,22.2,100
2024-12-10T02:00,6.6,93,21.0,100
2024-12-10T03:00,6.8,94,20.4,100
2024-12-10T04:00,6.9,95,21.3,100
2024-12-10T05:00,6.7,93,21.8,100
2024-12-10T06:00,6.7,93,20.1,100
2024-12-10T07:00,6.5,93,18.5,100
2024-12-10T08:00,6.2,92,16.9,100
2024-12-10T09:00,6.1,92,15.4,100
2024-12-10T10:00,6.1,91,14.2,100
2024-12-10T11:00,5.9,92,13.2,100
2024-12-10T12:00,4.6,94,12.3,100
2024-12-10T13:00,0.1,90,10.2,100
2024-12-10T14:00,1.0,88,10.6,100
2024-12-10T15:00,1.6,83,9.6,100
2024-12-10T16:00,2.4,81,7.8,100
2024-12-10T17:00,2.9,82,7.7,100
2024-12-10T18:00,3.4,82,6.0,100
2024-12-10T19:00,3.8,82,4.9,100
2024-12-10T20:00,4.0,82,5.6,100
2024-12-10T21:00,3.8,84,4.5,100
2024-12-10T22:00,3.6,87,5.2,100
2024-12-10T23:00,3.5,89,5.5,100
2024-12-11T00:00,3.7,91,5.7,100
2024-12-11T01:00,1.2,92,5.0,100
2024-12-11T02:00,1.8,94,6.3,100
2024-12-11T03:00,2.2,96,6.5,100
2024-12-11T04:00,3.0,94,3.8,100
2024-12-11T05:00,4.8,94,9.4,100
2024-12-11T06:00,6.2,96,9.8,100
2024-12-11T07:00,6.2,98,8.3,100
2024-12-11T08:00,6.6,97,7.2,100
2024-12-11T09:00,7.1,98,7.7,100
2024-12-11T10:00,7.5,99,5.5,100
2024-12-11T11:00,10.0,97,13.0,100
2024-12-11T12:00,12.0,96,16.1,100
2024-12-11T13:00,6.3,97,4.3,100
2024-12-11T14:00,6.5,95,1.5,100
2024-12-11T15:00,10.2,98,13.4,100
2024-12-11T16:00,13.4,98,17.4,100
2024-12-11T17:00,15.1,95,25.0,100
2024-12-11T18:00,15.3,95,31.1,100
2024-12-11T19:00,15.0,96,25.3,100
2024-12-11T20:00,15.4,95,33.9,100
2024-12-11T21:00,15.7,95,37.1,100
2024-12-11T22:00,15.6,95,36.2,100
2024-12-11T23:00,15.8,94,40.5,100
2024-12-12T00:00,15.6,96,33.3,100
2024-12-12T01:00,15.3,95,31.0,100
2024-12-12T02:00,14.7,96,24.7,100
2024-12-12T03:00,14.3,95,24.7,100
2024-12-12T04:00,13.8,95,18.0,100
2024-12-12T05:00,13.0,96,15.1,100
2024-12-12T06:00,6.5,88,29.4,100
2024-12-12T07:00,5.3,73,25.1,100
2024-12-12T08:00,4.7,68,22.9,44
2024-12-12T09:00,3.9,68,22.4,9
2024-12-12T10:00,3.5,65,23.3,11
2024-12-12T11:00,2.7,59,22.5,5
2024-12-12T12:00,1.9,61,19.8,0
2024-12-12T13:00,3.2,61,17.7,24
2024-12-12T14:00,4.2,62,17.4,51
2024-12-12T15:00,4.4,49,22.5,40
2024-12-12T16:00,4.8,43,24.4,35
2024-12-12T17:00,5.1,42,25.6,38
2024-12-12T18:00,5.1,40,27.3,86
2024-12-12T19:00,4.3,43,24.7,100
2024-12-12T20:00,3.7,47,19.0,72
2024-12-12T21:00,3.0,50,20.1,93
2024-12-12T22:00,1.3,43,18.6,0
2024-12-12T23:00,0.2,46,17.6,5
2024-12-13T00:00,-0.6,48,18.0,69
2024-12-13T01:00,0.4,47,18.1,43
2024-12-13T02:00,-1.0,46,18.3,69
2024-12-13T03:00,-1.8,49,15.8,0
2024-12-13T04:00,-2.3,52,14.5,0
2024-12-13T05:00,-2.6,55,13.5,0
2024-12-13T06:00,-2.9,58,13.0,0
2024-12-13T07:00,-3.1,57,12.3,0
2024-12-13T08:00,-3.4,59,11.7,0
2024-12-13T09:00,-3.6,61,10.6,7
2024-12-13T10:00,-3.8,64,9.5,25
2024-12-13T11:00,-3.9,66,8.9,21
2024-12-13T12:00,-3.9,67,9.8,0
2024-12-13T13:00,-2.9,65,10.4,0
2024-12-13T14:00,-2.1,53,14.1,0
2024-12-13T15:00,-1.4,48,14.7,0
2024-12-13T16:00,-0.8,43,15.7,0
2024-12-13T17:00,-0.3,39,16.6,0
2024-12-13T18:00,-0.1,36,16.9,0
2024-12-13T19:00,-0.2,36,16.8,0
2024-12-13T20:00,-0.5,37,15.2,0
2024-12-13T21:00,-1.4,42,12.7,0
2024-12-13T22:00,-2.3,48,12.4,0
2024-12-13T23:00,-2.8,51,11.4,0
2024-12-14T00:00,-3.2,52,11.3,0
2024-12-14T01:00,-3.4,53,9.2,0
2024-12-14T02:00,-3.7,56,9.0,0
2024-12-14T03:00,-3.9,59,8.6,0
2024-12-14T04:00,-4.1,63,8.3,0
2024-12-14T05:00,-4.2,63,8.1,0
2024-12-14T06:00,-4.3,62,7.7,0
2024-12-14T07:00,-4.3,60,8.1,0
2024-12-14T08:00,-4.4,58,8.7,0
2024-12-14T09:00,-4.5,59,8.8,0
2024-12-14T10:00,-4.7,59,8.8,0
2024-12-14T11:00,-4.8,60,8.5,0
2024-12-14T12:00,-5.0,61,8.3,0
2024-12-14T13:00,-5.8,60,9.5,0
2024-12-14T14:00,-4.0,50,8.2,0
2024-12-14T15:00,-2.4,46,10.5,0
2024-12-14T16:00,-1.2,42,9.9,0
2024-12-14T17:00,-0.1,37,8.2,0
2024-12-14T18:00,0.5,36,6.5,0
2024-12-14T19:00,0.6,37,6.2,0
2024-12-14T20:00,0.2,40,5.9,0
2024-12-14T21:00,-1.7,58,4.2,0
2024-12-14T22:00,-2.4,58,4.6,0
2024-12-14T23:00,-2.0,46,6.8,0
2024-12-15T00:00,-2.3,43,9.6,0
2024-12-15T01:00,-2.9,52,9.0,0
2024-12-15T02:00,-3.4,55,7.1,0
2024-12-15T03:00,-4.0,59,6.4,2
2024-12-15T04:00,-4.5,62,6.6,0
2024-12-15T05:00,-4.9,64,6.9,0
2024-12-15T06:00,-5.2,65,7.9,0
2024-12-15T07:00,-5.6,66,7.6,0
2024-12-15T08:00,-6.0,67,6.3,0
2024-12-15T09:00,-6.5,69,5.6,1
2024-12-15T10:00,-6.8,70,6.5,0
2024-12-15T11:00,-7.0,71,6.4,0
2024-12-15T12:00,-7.2,71,5.4,9
2024-12-15T13:00,-7.8,70,7.5,84
2024-12-15T14:00,-5.6,58,5.5,91
2024-12-15T15:00,-3.0,52,4.7,69
2024-12-15T16:00,-0.7,47,3.3,93
2024-12-15T17:00,0.8,36,1.6,97
2024-12-15T18:00,1.3,39,0.9,100
2024-12-15T19:00,1.1,43,1.9,100
2024-12-15T20:00,0.8,48,3.1,100
2024-12-15T21:00,-0.8,66,3.3,100
2024-12-15T22:00,-0.7,66,4.7,100
2024-12-15T23:00,-0.9,73,4.1,100
2024-12-16T00:00,-1.0,76,4.1,100
2024-12-16T01:00,-1.2,76,5.1,100
2024-12-16T02:00,-1.4,79,6.1,100
2024-12-16T03:00,-1.5,76,5.8,100
2024-12-16T04:00,-1.3,69,5.9,100
2024-12-16T05:00,-0.9,63,5.8,100
2024-12-16T06:00,-0.7,63,4.3,100
2024-12-16T07:00,-0.2,65,5.9,100
2024-12-16T08:00,0.3,66,7.0,100
2024-12-16T09:00,0.5,67,5.1,100
2024-12-16T10:00,0.6,69,4.9,100
2024-12-16T11:00,0.0,72,3.4,100
2024-12-16T12:00,0.4,72,1.2,100
2024-12-16T13:00,1.1,70,6.0,100
2024-12-16T14:00,1.6,69,4.6,100
2024-12-16T15:00,2.0,70,5.1,100
2024-12-16T16:00,2.7,69,5.6,100
2024-12-16T17:00,3.4,74,9.4,100
2024-12-16T18:00,4.2,78,8.9,94
2024-12-16T19:00,5.1,77,8.7,65
2024-12-16T20:00,4.9,80,9.0,100
2024-12-16T21:00,4.0,84,8.9,100
2024-12-16T22:00,3.6,86,8.2,100
2024-12-16T23:00,3.4,90,10.5,100
2024-12-17T00:00,3.6,92,11.4,100
2024-12-17T01:00,4.2,93,12.5,100
2024-12-17T02:00,4.8,94,12.7,100
2024-12-17T03:00,5.6,94,14.8,100
2024-12-17T04:00,6.6,92,17.3,100
2024-12-17T05:00,7.4,93,19.5,100
2024-12-17T06:00,8.5,94,23.0,100
2024-12-17T07:00,9.5,95,25.4,100
2024-12-17T08:00,10.5,96,28.0,100
2024-12-17T09:00,11.0,96,27.8,100
2024-12-17T10:00,11.2,96,24.5,100
2024-12-17T11:00,11.5,95,25.5,100
2024-12-17T12:00,11.2,95,22.7,100
2024-12-17T13:00,12.3,95,20.9,100
2024-12-17T14:00,12.4,93,20.9,66
2024-12-17T15:00,12.9,89,17.6,93
2024-12-17T16:00,13.1,84,17.4,100
2024-12-17T17:00,12.5,84,14.9,74
2024-12-17T18:00,13.6,75,16.1,3
2024-12-17T19:00,13.7,69,15.2,20
2024-12-17T20:00,13.1,65,16.1,82
2024-12-17T21:00,11.6,69,13.9,37
2024-12-17T22:00,10.0,77,11.7,0
2024-12-17T23:00,8.8,83,12.3,0
2024-12-18T00:00,7.6,84,13.2,86
2024-12-18T01:00,7.5,76,12.0,98
2024-12-18T02:00,6.6,75,11.9,100
2024-12-18T03:00,6.3,72,12.9,71
2024-12-18T04:00,5.6,73,13.5,55
2024-12-18T05:00,5.1,72,13.5,75
2024-12-18T06:00,4.4,73,12.7,27
2024-12-18T07:00,3.7,77,10.3,33
2024-12-18T08:00,3.1,80,9.7,49
2024-12-18T09:00,2.6,82,10.1,87
2024-12-18T10:00,2.3,84,9.4,92
2024-12-18T11:00,1.9,85,7.9,84
2024-12-18T12:00,1.5,86,9.0,56
2024-12-18T13:00,1.8,82,9.9,33
2024-12-18T14:00,3.5,80,9.6,42
2024-12-18T15:00,5.5,74,6.2,84
2024-12-18T16:00,7.0,65,8.4,22
2024-12-18T17:00,7.8,60,9.2,25
2024-12-18T18:00,8.4,58,9.6,14
2024-12-18T19:00,8.7,58,9.6,40
2024-12-18T20:00,8.4,63,6.1,97
2024-12-18T21:00,6.9,72,4.9,36
2024-12-18T22:00,5.7,76,9.6,55
2024-12-18T23:00,4.8,77,10.3,100
2024-12-19T00:00,4.7,78,8.6,100
2024-12-19T01:00,5.7,80,5.2,100
2024-12-19T02:00,5.6,88,0.7,100
2024-12-19T03:00,4.9,95,8.6,100
2024-12-19T04:00,4.8,96,9.6,100
2024-12-19T05:00,4.7,96,11.8,100
2024-12-19T06:00,4.5,96,7.5,100
2024-12-19T07:00,4.2,97,8.9,100
2024-12-19T08:00,3.8,97,10.6,100
2024-12-19T09:00,3.6,96,12.0,100
2024-12-19T10:00,3.6,94,15.3,100
2024-12-19T11:00,3.3,91,16.7,87
2024-12-19T12:00,2.6,89,16.9,0
2024-12-19T13:00,3.4,84,17.2,0
2024-12-19T14:00,4.5,73,19.0,0
2024-12-19T15:00,5.3,64,16.9,1
2024-12-19T16:00,5.8,60,16.3,17
2024-12-19T17:00,6.0,57,14.4,33
2024-12-19T18:00,6.1,54,15.3,65
2024-12-19T19:00,5.8,53,14.3,60
2024-12-19T20:00,4.9,54,13.1,75
2024-12-19T21:00,3.7,58,11.6,87
2024-12-19T22:00,2.9,62,10.2,100
2024-12-19T23:00,2.5,66,7.7,100
2024-12-20T00:00,1.8,70,10.2,100
2024-12-20T01:00,1.6,73,6.7,100
2024-12-20T02:00,1.2,68,11.0,100
2024-12-20T03:00,0.3,68,10.9,94
2024-12-20T04:00,-0.7,70,10.4,100
2024-12-20T05:00,-1.4,71,11.0,97
2024-12-20T06:00,-2.2,72,10.9,100
2024-12-20T07:00,-2.0,70,10.8,100
2024-12-20T08:00,-2.0,73,10.6,100
2024-12-20T09:00,-2.1,77,11.2,100
2024-12-20T10:00,-1.2,80,10.0,100
2024-12-20T11:00,0.2,83,9.8,100
2024-12-20T12:00,1.2,81,10.9,100
2024-12-20T13:00,0.2,85,14.3,100
2024-12-20T14:00,1.0,79,14.4,100
2024-12-20T15:00,1.4,80,14.5,100
2024-12-20T16:00,1.6,80,19.1,100
2024-12-20T17:00,2.1,78,20.3,100
2024-12-20T18:00,1.7,85,14.1,100
2024-12-20T19:00,1.6,87,22.3,100
2024-12-20T20:00,1.5,89,17.9,100
2024-12-20T21:00,1.0,93,15.8,100
2024-12-20T22:00,0.5,95,12.7,100
2024-12-20T23:00,0.5,96,15.3,100
2024-12-21T00:00,-0.0,95,20.7,100
2024-12-21T01:00,-1.1,91,21.0,100
2024-12-21T02:00,-1.1,91,21.6,100
2024-12-21T03:00,-2.7,88,20.6,100
2024-12-21T04:00,-3.2,86,19.0,97
2024-12-21T05:00,-4.2,83,18.0,79
2024-12-21T06:00,-5.1,82,15.9,87
2024-12-21T07:00,-5.2,81,14.5,99
2024-12-21T08:00,-5.1,79,14.4,100
2024-12-21T09:00,-5.2,78,14.4,100
2024-12-21T10:00,-5.1,75,14.8,100
2024-12-21T11:00,-5.0,75,12.8,85
2024-12-21T12:00,-5.2,78,7.7,89
2024-12-21T13:00,-4.0,83,11.7,60
2024-12-21T14:00,-3.4,80,12.9,100
2024-12-21T15:00,-3.1,74,15.7,100
2024-12-21T16:00,-3.1,71,17.6,100
2024-12-21T17:00,-3.3,66,19.6,31
2024-12-21T18:00,-3.5,64,20.9,9
2024-12-21T19:00,-4.0,62,21.5,14
2024-12-21T20:00,-4.6,62,21.0,3
2024-12-21T21:00,-5.5,64,20.2,19
2024-12-21T22:00,-6.2,66,19.7,10
2024-12-21T23:00,-6.7,67,19.6,1
2024-12-22T00:00,-7.4,67,19.8,0
2024-12-22T01:00,-7.4,65,20.5,0
2024-12-22T02:00,-8.3,66,19.3,0
2024-12-22T03:00,-9.1,68,19.6,2
2024-12-22T04:00,-9.8,69,19.3,11
2024-12-22T05:00,-10.5,69,17.8,30
2024-12-22T06:00,-11.0,69,17.5,5
2024-12-22T07:00,-11.4,69,18.0,0
2024-12-22T08:00,-11.9,69,17.8,0
2024-12-22T09:00,-12.3,68,17.2,0
2024-12-22T10:00,-12.6,68,16.8,0
2024-12-22T11:00,-12.9,68,16.8,0
2024-12-22T12:00,-13.2,67,16.9,0
2024-12-22T13:00,-12.4,64,18.9,0
2024-12-22T14:00,-12.1,62,17.8,0
2024-12-22T15:00,-11.5,60,16.3,0
2024-12-22T16:00,-10.7,57,16.0,0
2024-12-22T17:00,-9.8,54,15.6,0
2024-12-22T18:00,-9.2,52,15.3,0
2024-12-22T19:00,-8.9,51,15.2,0
2024-12-22T20:00,-9.0,54,15.0,0
2024-12-22T21:00,-9.7,57,14.0,0
2024-12-22T22:00,-10.5,59,14.8,0
2024-12-22T23:00,-11.0,60,15.4,0
2024-12-23T00:00,-11.5,62,15.0,0
2024-12-23T01:00,-11.5,60,14.9,0
2024-12-23T02:00,-12.0,62,13.6,0
2024-12-23T03:00,-12.3,64,12.0,0
2024-12-23T04:00,-12.6,65,11.4,0
2024-12-23T05:00,-12.8,66,11.2,0
2024-12-23T06:00,-12.9,67,11.1,2
2024-12-23T07:00,-12.9,67,10.0,1
2024-12-23T08:00,-13.0,68,9.9,0
2024-12-23T09:00,-13.1,68,9.6,0
2024-12-23T10:00,-13.2,68,8.8,0
2024-12-23T11:00,-13.5,68,7.6,0
2024-12-23T12:00,-13.6,68,7.6,0
2024-12-23T13:00,-14.3,68,6.9,10
2024-12-23T14:00,-12.7,64,4.6,15
2024-12-23T15:00,-10.5,57,3.6,62
2024-12-23T16:00,-8.5,50,3.1,100
2024-12-23T17:00,-7.0,47,2.4,76
2024-12-23T18:00,-5.9,49,3.0,45
2024-12-23T19:00,-5.5,52,4.9,30
2024-12-23T20:00,-5.3,57,5.8,21
2024-12-23T21:00,-6.4,64,6.4,4
2024-12-23T22:00,-6.7,68,8.2,72
2024-12-23T23:00,-6.9,71,9.6,31
2024-12-24T00:00,-7.2,74,10.0,37
2024-12-24T01:00,-7.1,75,9.6,32
2024-12-24T02:00,-7.6,77,9.1,68
2024-12-24T03:00,-7.4,77,10.4,100
2024-12-24T04:00,-6.4,74,10.0,100
2024-12-24T05:00,-4.8,73,11.8,100
2024-12-24T06:00,-4.1,74,10.7,100
2024-12-24T07:00,-3.5,77,9.0,100
2024-12-24T08:00,-2.7,80,9.3,100
2024-12-24T09:00,-2.2,81,9.6,100
2024-12-24T10:00,-1.5,81,10.9,100
2024-12-24T11:00,-0.9,81,10.1,100
2024-12-24T12:00,-0.7,82,11.0,100
2024-12-24T13:00,-0.9,76,14.3,100
2024-12-24T14:00,-0.9,75,14.4,100
2024-12-24T15:00,-1.0,77,14.0,100
2024-12-24T16:00,-0.8,75,11.4,100
2024-12-24T17:00,-0.6,75,9.9,100
2024-12-24T18:00,-0.3,74,8.3,100
2024-12-24T19:00,0.2,71,6.6,21
2024-12-24T20:00,-0.1,71,5.0,3
2024-12-24T21:00,-2.4,71,3.9,0
2024-12-24T22:00,-3.6,73,5.9,0
2024-12-24T23:00,-2.7,71,7.6,1
2024-12-25T00:00,-2.5,72,9.5,0
2024-12-25T01:00,-2.7,73,12.0,0
2024-12-25T02:00,-3.2,75,12.9,0
2024-12-25T03:00,-4.0,79,12.6,17
2024-12-25T04:00,-4.7,80,12.8,25
2024-12-25T05:00,-5.3,80,12.3,10
2024-12-25T06:00,-5.7,81,11.7,5
2024-12-25T07:00,-6.1,81,11.7,0
2024-12-25T08:00,-6.5,81,11.4,1
2024-12-25T09:00,-6.9,81,11.3,0
2024-12-25T10:00,-7.2,81,10.2,0
2024-12-25T11:00,-7.6,82,9.4,0
2024-12-25T12:00,-8.1,85,9.4,0
2024-12-25T13:00,-6.8,81,10.6,5
2024-12-25T14:00,-5.9,79,8.1,3
2024-12-25T15:00,-4.8,74,7.4,0
2024-12-25T16:00,-3.5,68,7.6,0
2024-12-25T17:00,-2.3,61,7.8,0
2024-12-25T18:00,-1.5,55,7.8,0
2024-12-25T19:00,-1.2,53,7.6,0
2024-12-25T20:00,-1.4,56,5.4,0
2024-12-25T21:00,-3.5,57,4.4,4
2024-12-25T22:00,-4.3,58,5.4,40
2024-12-25T23:00,-4.3,58,6.2,74
2024-12-26T00:00,-3.6,60,7.1,95
2024-12-26T01:00,-2.5,66,7.1,66
2024-12-26T02:00,-3.1,69,7.4,34
2024-12-26T03:00,-4.2,71,8.0,82
2024-12-26T04:00,-4.8,73,8.1,76
2024-12-26T05:00,-4.8,74,7.8,86
2024-12-26T06:00,-4.5,76,7.9,94
2024-12-26T07:00,-4.2,75,8.7,100
2024-12-26T08:00,-3.9,75,8.6,100
2024-12-26T09:00,-3.7,76,8.6,100
2024-12-26T10:00,-3.7,77,8.3,100
2024-12-26T11:00,-3.9,78,8.1,87
2024-12-26T12:00,-3.8,78,8.0,64
2024-12-26T13:00,-2.9,75,7.5,23
2024-12-26T14:00,-2.3,74,4.8,12
2024-12-26T15:00,-1.1,71,3.2,10
2024-12-26T16:00,0.2,69,2.8,5
2024-12-26T17:00,0.9,70,1.7,1
2024-12-26T18:00,1.1,72,0.9,1
2024-12-26T19:00,1.3,68,0.3,1
2024-12-26T20:00,0.3,66,0.2,1
2024-12-26T21:00,-1.6,70,1.2,0
2024-12-26T22:00,-2.7,74,1.7,0
2024-12-26T23:00,-3.1,76,0.8,0
2024-12-27T00:00,-3.6,79,1.0,0
2024-12-27T01:00,-4.1,81,1.8,0
2024-12-27T02:00,-5.2,81,4.2,0
2024-12-27T03:00,-5.5,76,6.3,0
2024-12-27T04:00,-6.3,72,5.9,0
2024-12-27T05:00,-7.0,71,5.6,0
2024-12-27T06:00,-7.5,72,5.7,0
2024-12-27T07:00,-8.0,74,5.5,0
2024-12-27T08:00,-8.3,75,5.5,0
2024-12-27T09:00,-8.4,76,5.5,0
2024-12-27T10:00,-8.3,76,5.8,0
2024-12-27T11:00,-9.0,75,4.9,0
2024-12-27T12:00,-9.1,75,2.7,0
2024-12-27T13:00,-9.5,77,4.9,0
2024-12-27T14:00,-6.8,73,3.8,0
2024-12-27T15:00,-3.5,66,2.6,0
2024-12-27T16:00,-0.9,59,2.7,0
2024-12-27T17:00,0.9,57,3.5,84
2024-12-27T18:00,1.9,55,4.6,95
2024-12-27T19:00,2.2,53,4.8,99
2024-12-27T20:00,1.1,57,5.2,100
2024-12-27T21:00,-0.6,59,6.5,100
2024-12-27T22:00,-0.6,60,7.9,85
2024-12-27T23:00,-1.1,67,8.5,90
2024-12-28T00:00,-1.4,71,8.9,89
2024-12-28T01:00,-1.1,72,7.4,96
2024-12-28T02:00,-1.5,70,7.0,99
2024-12-28T03:00,-1.5,69,7.9,100
2024-12-28T04:00,-1.3,70,9.2,99
2024-12-28T05:00,-1.3,73,9.5,100
2024-12-28T06:00,-1.0,75,9.3,100
2024-12-28T07:00,-0.6,77,8.3,99
2024-12-28T08:00,-0.5,81,10.2,100
2024-12-28T09:00,0.0,84,10.0,100
2024-12-28T10:00,0.4,87,9.3,93
2024-12-28T11:00,1.2,89,11.8,100
2024-12-28T12:00,1.8,90,10.3,100
2024-12-28T13:00,2.3,91,8.9,100
2024-12-28T14:00,2.5,91,8.9,100
2024-12-28T15:00,2.8,94,8.0,100
2024-12-28T16:00,3.5,92,9.8,100
2024-12-28T17:00,3.8,93,8.5,100
2024-12-28T18:00,3.9,97,8.0,100
2024-12-28T19:00,5.2,94,9.4,100
2024-12-28T20:00,4.3,97,8.0,100
2024-12-28T21:00,4.1,98,8.4,100
2024-12-28T22:00,3.9,98,7.6,100
2024-12-28T23:00,3.7,99,8.2,100
2024-12-29T00:00,3.9,99,9.6,100
2024-12-29T01:00,3.6,99,4.7,100
2024-12-29T02:00,3.7,98,7.3,100
2024-12-29T03:00,3.7,97,6.9,100
2024-12-29T04:00,3.6,97,7.0,100
2024-12-29T05:00,3.5,98,6.4,100
2024-12-29T06:00,3.7,98,6.2,100
2024-12-29T07:00,3.9,98,6.8,100
2024-12-29T08:00,3.9,98,5.8,100
2024-12-29T09:00,3.9,97,6.0,100
2024-12-29T10:00,3.6,98,4.8,100
2024-12-29T11:00,3.6,98,4.9,100
2024-12-29T12:00,2.9,98,3.7,100
2024-12-29T13:00,3.4,100,1.2,100
2024-12-29T14:00,3.8,100,3.5,100
2024-12-29T15:00,5.4,98,4.8,100
2024-12-29T16:00,6.0,98,3.9,100
2024-12-29T17:00,6.9,98,6.5,100
2024-12-29T18:00,6.8,99,7.3,100
2024-12-29T19:00,8.3,99,9.3,100
2024-12-29T20:00,9.1,98,9.2,100
2024-12-29T21:00,9.0,98,8.8,100
2024-12-29T22:00,8.6,97,10.8,100
2024-12-29T23:00,8.3,98,12.2,97
2024-12-30T00:00,8.0,97,13.5,98
2024-12-30T01:00,7.5,96,14.0,94
2024-12-30T02:00,8.0,96,15.8,93
2024-12-30T03:00,8.5,95,16.3,66
2024-12-30T04:00,8.7,95,17.3,87
2024-12-30T05:00,9.8,95,21.5,60
2024-12-30T06:00,10.5,94,20.5,100
2024-12-30T07:00,10.7,95,22.2,100
2024-12-30T08:00,10.6,95,19.8,100
2024-12-30T09:00,11.0,95,22.6,100
2024-12-30T10:00,11.2,95,22.2,100
2024-12-30T11:00,11.4,94,24.4,100
2024-12-30T12:00,11.7,95,24.9,100
2024-12-30T13:00,12.4,94,29.6,100
2024-12-30T14:00,12.3,95,29.0,100
2024-12-30T15:00,11.7,97,23.7,100
2024-12-30T16:00,11.6,96,20.0,100
2024-12-30T17:00,11.6,96,18.5,100
2024-12-30T18:00,12.1,95,16.5,81
2024-12-30T19:00,13.1,88,14.5,7
2024-12-30T20:00,12.9,82,15.1,2
2024-12-30T21:00,12.0,80,15.8,0
2024-12-30T22:00,10.5,68,18.1,0
2024-12-30T23:00,9.0,67,16.4,0
2024-12-31T00:00,7.7,70,14.3,0
2024-12-31T01:00,7.8,69,16.6,0
2024-12-31T02:00,7.4,66,15.6,0
2024-12-31T03:00,6.1,71,15.3,0
2024-12-31T04:00,5.7,72,17.2,2
2024-12-31T05:00,5.5,73,16.2,66
2024-12-31T06:00,5.3,74,15.2,34
2024-12-31T07:00,4.7,78,14.1,1
2024-12-31T08:00,4.1,81,13.5,8
2024-12-31T09:00,3.6,83,12.4,0
2024-12-31T10:00,3.2,85,11.4,1
2024-12-31T11:00,2.7,85,11.0,1
2024-12-31T12:00,2.2,87,11.9,0
2024-12-31T13:00,2.9,82,12.6,0
2024-12-31T14:00,4.2,82,11.9,81
2024-12-31T15:00,6.1,75,8.4,92
2024-12-31T16:00,7.6,69,7.3,97
2024-12-31T17:00,8.5,62,8.0,19
2024-12-31T18:00,9.2,59,5.4,8
2024-12-31T19:00,9.4,58,5.4,1
2024-12-31T20:00,9.2,62,5.0,7
2024-12-31T21:00,7.6,71,5.5,26
2024-12-31T22:00,6.0,77,6.2,67
2024-12-31T23:00,5.5,78,7.6,46
